id,title,done
0,fixture-task-00000,true
1,fixture-task-00001,false
2,fixture-task-00002,false
3,fixture-task-00003,true
4,fixture-task-00004,false
5,fixture-task-00005,false
6,fixture-task-00006,true
7,fixture-task-00007,false
8,fixture-task-00008,false
9,fixture-task-00009,true
10,fixture-task-00010,false
11,fixture-task-00011,false
12,fixture-task-00012,true
13,fixture-task-00013,false
14,fixture-task-00014,false
15,fixture-task-00015,true
16,fixture-task-00016,false
17,fixture-task-00017,false
18,fixture-task-00018,true
19,fixture-task-00019,false
20,fixture-task-00020,false
21,fixture-task-00021,true
22,fixture-task-00022,false
23,fixture-task-00023,false
24,fixture-task-00024,true
25,fixture-task-00025,false
26,fixture-task-00026,false
27,fixture-task-00027,true
28,fixture-task-00028,false
29,fixture-task-00029,false
30,fixture-task-00030,true
31,fixture-task-00031,false
32,fixture-task-00032,false
33,fixture-task-00033,true
34,fixture-task-00034,false
35,fixture-task-00035,false
36,fixture-task-00036,true
37,fixture-task-00037,false
38,fixture-task-00038,false
39,fixture-task-00039,true
40,fixture-task-00040,false
41,fixture-task-00041,false
42,fixture-task-00042,true
43,fixture-task-00043,false
44,fixture-task-00044,false
45,fixture-task-00045,true
46,fixture-task-00046,false
47,fixture-task-00047,false
48,fixture-task-00048,true
49,fixture-task-00049,false
50,fixture-task-00050,false
51,fixture-task-00051,true
52,fixture-task-00052,false
53,fixture-task-00053,false
54,fixture-task-00054,true
55,fixture-task-00055,false
56,fixture-task-00056,false
57,fixture-task-00057,true
58,fixture-task-00058,false
59,fixture-task-00059,false
60,fixture-task-00060,true
61,fixture-task-00061,false
62,fixture-task-00062,false
63,fixture-task-00063,true
64,fixture-task-00064,false
65,fixture-task-00065,false
66,fixture-task-00066,true
67,fixture-task-00067,false
68,fixture-task-00068,false
69,fixture-task-00069,true
70,fixture-task-00070,false
71,fixture-task-00071,false
72,fixture-task-00072,true
73,fixture-task-00073,false
74,fixture-task-00074,false
75,fixture-task-00075,true
76,fixture-task-00076,false
77,fixture-task-00077,false
78,fixture-task-00078,true
79,fixture-task-00079,false
80,fixture-task-00080,false
81,fixture-task-00081,true
82,fixture-task-00082,false
83,fixture-task-00083,false
84,fixture-task-00084,true
85,fixture-task-00085,false
86,fixture-task-00086,false
87,fixture-task-00087,true
88,fixture-task-00088,false
89,fixture-task-00089,false
90,fixture-task-00090,true
91,fixture-task-00091,false
92,fixture-task-00092,false
93,fixture-task-00093,true
94,fixture-task-00094,false
95,fixture-task-00095,false
96,fixture-task-00096,true
97,fixture-task-00097,false
98,fixture-task-00098,false
99,fixture-task-00099,true
100,fixture-task-00100,false
101,fixture-task-00101,false
102,fixture-task-00102,true
103,fixture-task-00103,false
104,fixture-task-00104,false
105,fixture-task-00105,true
106,fixture-task-00106,false
107,fixture-task-00107,false
108,fixture-task-00108,true
109,fixture-task-00109,false
110,fixture-task-00110,false
111,fixture-task-00111,true
112,fixture-task-00112,false
113,fixture-task-00113,false
114,fixture-task-00114,true
115,fixture-task-00115,false
116,fixture-task-00116,false
117,fixture-task-00117,true
118,fixture-task-00118,false
119,fixture-task-00119,false
120,fixture-task-00120,true
121,fixture-task-00121,false
122,fixture-task-00122,false
123,fixture-task-00123,true
124,fixture-task-00124,false
125,fixture-task-00125,false
126,fixture-task-00126,true
127,fixture-task-00127,false
128,fixture-task-00128,false
129,fixture-task-00129,true
130,fixture-task-00130,false
131,fixture-task-00131,false
132,fixture-task-00132,true
133,fixture-task-00133,false
134,fixture-task-00134,false
135,fixture-task-00135,true
136,fixture-task-00136,false
137,fixture-task-00137,false
138,fixture-task-00138,true
139,fixture-task-00139,false
140,fixture-task-00140,false
141,fixture-task-00141,true
142,fixture-task-00142,false
143,fixture-task-00143,false
144,fixture-task-00144,true
145,fixture-task-00145,false
146,fixture-task-00146,false
147,fixture-task-00147,true
148,fixture-task-00148,false
149,fixture-task-00149,false
150,fixture-task-00150,true
151,fixture-task-00151,false
152,fixture-task-00152,false
153,fixture-task-00153,true
154,fixture-task-00154,false
155,fixture-task-00155,false
156,fixture-task-00156,true
157,fixture-task-00157,false
158,fixture-task-00158,false
159,fixture-task-00159,true
160,fixture-task-00160,false
161,fixture-task-00161,false
162,fixture-task-00162,true
163,fixture-task-00163,false
164,fixture-task-00164,false
165,fixture-task-00165,true
166,fixture-task-00166,false
167,fixture-task-00167,false
168,fixture-task-00168,true
169,fixture-task-00169,false
170,fixture-task-00170,false
171,fixture-task-00171,true
172,fixture-task-00172,false
173,fixture-task-00173,false
174,fixture-task-00174,true
175,fixture-task-00175,false
176,fixture-task-00176,false
177,fixture-task-00177,true
178,fixture-task-00178,false
179,fixture-task-00179,false
180,fixture-task-00180,true
181,fixture-task-00181,false
182,fixture-task-00182,false
183,fixture-task-00183,true
184,fixture-task-00184,false
185,fixture-task-00185,false
186,fixture-task-00186,true
187,fixture-task-00187,false
188,fixture-task-00188,false
189,fixture-task-00189,true
190,fixture-task-00190,false
191,fixture-task-00191,false
192,fixture-task-00192,true
193,fixture-task-00193,false
194,fixture-task-00194,false
195,fixture-task-00195,true
196,fixture-task-00196,false
197,fixture-task-00197,false
198,fixture-task-00198,true
199,fixture-task-00199,false
200,fixture-task-00200,false
201,fixture-task-00201,true
202,fixture-task-00202,false
203,fixture-task-00203,false
204,fixture-task-00204,true
205,fixture-task-00205,false
206,fixture-task-00206,false
207,fixture-task-00207,true
208,fixture-task-00208,false
209,fixture-task-00209,false
210,fixture-task-00210,true
211,fixture-task-00211,false
212,fixture-task-00212,false
213,fixture-task-00213,true
214,fixture-task-00214,false
215,fixture-task-00215,false
216,fixture-task-00216,true
217,fixture-task-00217,false
218,fixture-task-00218,false
219,fixture-task-00219,true
220,fixture-task-00220,false
221,fixture-task-00221,false
222,fixture-task-00222,true
223,fixture-task-00223,false
224,fixture-task-00224,false
225,fixture-task-00225,true
226,fixture-task-00226,false
227,fixture-task-00227,false
228,fixture-task-00228,true
229,fixture-task-00229,false
230,fixture-task-00230,false
231,fixture-task-00231,true
232,fixture-task-00232,false
233,fixture-task-00233,false
234,fixture-task-00234,true
235,fixture-task-00235,false
236,fixture-task-00236,false
237,fixture-task-00237,true
238,fixture-task-00238,false
239,fixture-task-00239,false
240,fixture-task-00240,true
241,fixture-task-00241,false
242,fixture-task-00242,false
243,fixture-task-00243,true
244,fixture-task-00244,false
245,fixture-task-00245,false
246,fixture-task-00246,true
247,fixture-task-00247,false
248,fixture-task-00248,false
249,fixture-task-00249,true
250,fixture-task-00250,false
251,fixture-task-00251,false
252,fixture-task-00252,true
253,fixture-task-00253,false
254,fixture-task-00254,false
255,fixture-task-00255,true
256,fixture-task-00256,false
257,fixture-task-00257,false
258,fixture-task-00258,true
259,fixture-task-00259,false
260,fixture-task-00260,false
261,fixture-task-00261,true
262,fixture-task-00262,false
263,fixture-task-00263,false
264,fixture-task-00264,true
265,fixture-task-00265,false
266,fixture-task-00266,false
267,fixture-task-00267,true
268,fixture-task-00268,false
269,fixture-task-00269,false
270,fixture-task-00270,true
271,fixture-task-00271,false
272,fixture-task-00272,false
273,fixture-task-00273,true
274,fixture-task-00274,false
275,fixture-task-00275,false
276,fixture-task-00276,true
277,fixture-task-00277,false
278,fixture-task-00278,false
279,fixture-task-00279,true
280,fixture-task-00280,false
281,fixture-task-00281,false
282,fixture-task-00282,true
283,fixture-task-00283,false
284,fixture-task-00284,false
285,fixture-task-00285,true
286,fixture-task-00286,false
287,fixture-task-00287,false
288,fixture-task-00288,true
289,fixture-task-00289,false
290,fixture-task-00290,false
291,fixture-task-00291,true
292,fixture-task-00292,false
293,fixture-task-00293,false
294,fixture-task-00294,true
295,fixture-task-00295,false
296,fixture-task-00296,false
297,fixture-task-00297,true
298,fixture-task-00298,false
299,fixture-task-00299,false
300,fixture-task-00300,true
301,fixture-task-00301,false
302,fixture-task-00302,false
303,fixture-task-00303,true
304,fixture-task-00304,false
305,fixture-task-00305,false
306,fixture-task-00306,true
307,fixture-task-00307,false
308,fixture-task-00308,false
309,fixture-task-00309,true
310,fixture-task-00310,false
311,fixture-task-00311,false
312,fixture-task-00312,true
313,fixture-task-00313,false
314,fixture-task-00314,false
315,fixture-task-00315,true
316,fixture-task-00316,false
317,fixture-task-00317,false
318,fixture-task-00318,true
319,fixture-task-00319,false
320,fixture-task-00320,false
321,fixture-task-00321,true
322,fixture-task-00322,false
323,fixture-task-00323,false
324,fixture-task-00324,true
325,fixture-task-00325,false
326,fixture-task-00326,false
327,fixture-task-00327,true
328,fixture-task-00328,false
329,fixture-task-00329,false
330,fixture-task-00330,true
331,fixture-task-00331,false
332,fixture-task-00332,false
333,fixture-task-00333,true
334,fixture-task-00334,false
335,fixture-task-00335,false
336,fixture-task-00336,true
337,fixture-task-00337,false
338,fixture-task-00338,false
339,fixture-task-00339,true
340,fixture-task-00340,false
341,fixture-task-00341,false
342,fixture-task-00342,true
343,fixture-task-00343,false
344,fixture-task-00344,false
345,fixture-task-00345,true
346,fixture-task-00346,false
347,fixture-task-00347,false
348,fixture-task-00348,true
349,fixture-task-00349,false
350,fixture-task-00350,false
351,fixture-task-00351,true
352,fixture-task-00352,false
353,fixture-task-00353,false
354,fixture-task-00354,true
355,fixture-task-00355,false
356,fixture-task-00356,false
357,fixture-task-00357,true
358,fixture-task-00358,false
359,fixture-task-00359,false
360,fixture-task-00360,true
361,fixture-task-00361,false
362,fixture-task-00362,false
363,fixture-task-00363,true
364,fixture-task-00364,false
365,fixture-task-00365,false
366,fixture-task-00366,true
367,fixture-task-00367,false
368,fixture-task-00368,false
369,fixture-task-00369,true
370,fixture-task-00370,false
371,fixture-task-00371,false
372,fixture-task-00372,true
373,fixture-task-00373,false
374,fixture-task-00374,false
375,fixture-task-00375,true
376,fixture-task-00376,false
377,fixture-task-00377,false
378,fixture-task-00378,true
379,fixture-task-00379,false
380,fixture-task-00380,false
381,fixture-task-00381,true
382,fixture-task-00382,false
383,fixture-task-00383,false
384,fixture-task-00384,true
385,fixture-task-00385,false
386,fixture-task-00386,false
387,fixture-task-00387,true
388,fixture-task-00388,false
389,fixture-task-00389,false
390,fixture-task-00390,true
391,fixture-task-00391,false
392,fixture-task-00392,false
393,fixture-task-00393,true
394,fixture-task-00394,false
395,fixture-task-00395,false
396,fixture-task-00396,true
397,fixture-task-00397,false
398,fixture-task-00398,false
399,fixture-task-00399,true
400,fixture-task-00400,false
401,fixture-task-00401,false
402,fixture-task-00402,true
403,fixture-task-00403,false
404,fixture-task-00404,false
405,fixture-task-00405,true
406,fixture-task-00406,false
407,fixture-task-00407,false
408,fixture-task-00408,true
409,fixture-task-00409,false
410,fixture-task-00410,false
411,fixture-task-00411,true
412,fixture-task-00412,false
413,fixture-task-00413,false
414,fixture-task-00414,true
415,fixture-task-00415,false
416,fixture-task-00416,false
417,fixture-task-00417,true
418,fixture-task-00418,false
419,fixture-task-00419,false
420,fixture-task-00420,true
421,fixture-task-00421,false
422,fixture-task-00422,false
423,fixture-task-00423,true
424,fixture-task-00424,false
425,fixture-task-00425,false
426,fixture-task-00426,true
427,fixture-task-00427,false
428,fixture-task-00428,false
429,fixture-task-00429,true
430,fixture-task-00430,false
431,fixture-task-00431,false
432,fixture-task-00432,true
433,fixture-task-00433,false
434,fixture-task-00434,false
435,fixture-task-00435,true
436,fixture-task-00436,false
437,fixture-task-00437,false
438,fixture-task-00438,true
439,fixture-task-00439,false
440,fixture-task-00440,false
441,fixture-task-00441,true
442,fixture-task-00442,false
443,fixture-task-00443,false
444,fixture-task-00444,true
445,fixture-task-00445,false
446,fixture-task-00446,false
447,fixture-task-00447,true
448,fixture-task-00448,false
449,fixture-task-00449,false
450,fixture-task-00450,true
451,fixture-task-00451,false
452,fixture-task-00452,false
453,fixture-task-00453,true
454,fixture-task-00454,false
455,fixture-task-00455,false
456,fixture-task-00456,true
457,fixture-task-00457,false
458,fixture-task-00458,false
459,fixture-task-00459,true
460,fixture-task-00460,false
461,fixture-task-00461,false
462,fixture-task-00462,true
463,fixture-task-00463,false
464,fixture-task-00464,false
465,fixture-task-00465,true
466,fixture-task-00466,false
467,fixture-task-00467,false
468,fixture-task-00468,true
469,fixture-task-00469,false
470,fixture-task-00470,false
471,fixture-task-00471,true
472,fixture-task-00472,false
473,fixture-task-00473,false
474,fixture-task-00474,true
475,fixture-task-00475,false
476,fixture-task-00476,false
477,fixture-task-00477,true
478,fixture-task-00478,false
479,fixture-task-00479,false
480,fixture-task-00480,true
481,fixture-task-00481,false
482,fixture-task-00482,false
483,fixture-task-00483,true
484,fixture-task-00484,false
485,fixture-task-00485,false
486,fixture-task-00486,true
487,fixture-task-00487,false
488,fixture-task-00488,false
489,fixture-task-00489,true
490,fixture-task-00490,false
491,fixture-task-00491,false
492,fixture-task-00492,true
493,fixture-task-00493,false
494,fixture-task-00494,false
495,fixture-task-00495,true
496,fixture-task-00496,false
497,fixture-task-00497,false
498,fixture-task-00498,true
499,fixture-task-00499,false
500,fixture-task-00500,false
501,fixture-task-00501,true
502,fixture-task-00502,false
503,fixture-task-00503,false
504,fixture-task-00504,true
505,fixture-task-00505,false
506,fixture-task-00506,false
507,fixture-task-00507,true
508,fixture-task-00508,false
509,fixture-task-00509,false
510,fixture-task-00510,true
511,fixture-task-00511,false
512,fixture-task-00512,false
513,fixture-task-00513,true
514,fixture-task-00514,false
515,fixture-task-00515,false
516,fixture-task-00516,true
517,fixture-task-00517,false
518,fixture-task-00518,false
519,fixture-task-00519,true
520,fixture-task-00520,false
521,fixture-task-00521,false
522,fixture-task-00522,true
523,fixture-task-00523,false
524,fixture-task-00524,false
525,fixture-task-00525,true
526,fixture-task-00526,false
527,fixture-task-00527,false
528,fixture-task-00528,true
529,fixture-task-00529,false
530,fixture-task-00530,false
531,fixture-task-00531,true
532,fixture-task-00532,false
533,fixture-task-00533,false
534,fixture-task-00534,true
535,fixture-task-00535,false
536,fixture-task-00536,false
537,fixture-task-00537,true
538,fixture-task-00538,false
539,fixture-task-00539,false
540,fixture-task-00540,true
541,fixture-task-00541,false
542,fixture-task-00542,false
543,fixture-task-00543,true
544,fixture-task-00544,false
545,fixture-task-00545,false
546,fixture-task-00546,true
547,fixture-task-00547,false
548,fixture-task-00548,false
549,fixture-task-00549,true
550,fixture-task-00550,false
551,fixture-task-00551,false
552,fixture-task-00552,true
553,fixture-task-00553,false
554,fixture-task-00554,false
555,fixture-task-00555,true
556,fixture-task-00556,false
557,fixture-task-00557,false
558,fixture-task-00558,true
559,fixture-task-00559,false
560,fixture-task-00560,false
561,fixture-task-00561,true
562,fixture-task-00562,false
563,fixture-task-00563,false
564,fixture-task-00564,true
565,fixture-task-00565,false
566,fixture-task-00566,false
567,fixture-task-00567,true
568,fixture-task-00568,false
569,fixture-task-00569,false
570,fixture-task-00570,true
571,fixture-task-00571,false
572,fixture-task-00572,false
573,fixture-task-00573,true
574,fixture-task-00574,false
575,fixture-task-00575,false
576,fixture-task-00576,true
577,fixture-task-00577,false
578,fixture-task-00578,false
579,fixture-task-00579,true
580,fixture-task-00580,false
581,fixture-task-00581,false
582,fixture-task-00582,true
583,fixture-task-00583,false
584,fixture-task-00584,false
585,fixture-task-00585,true
586,fixture-task-00586,false
587,fixture-task-00587,false
588,fixture-task-00588,true
589,fixture-task-00589,false
590,fixture-task-00590,false
591,fixture-task-00591,true
592,fixture-task-00592,false
593,fixture-task-00593,false
594,fixture-task-00594,true
595,fixture-task-00595,false
596,fixture-task-00596,false
597,fixture-task-00597,true
598,fixture-task-00598,false
599,fixture-task-00599,false
600,fixture-task-00600,true
601,fixture-task-00601,false
602,fixture-task-00602,false
603,fixture-task-00603,true
604,fixture-task-00604,false
605,fixture-task-00605,false
606,fixture-task-00606,true
607,fixture-task-00607,false
608,fixture-task-00608,false
609,fixture-task-00609,true
610,fixture-task-00610,false
611,fixture-task-00611,false
612,fixture-task-00612,true
613,fixture-task-00613,false
614,fixture-task-00614,false
615,fixture-task-00615,true
616,fixture-task-00616,false
617,fixture-task-00617,false
618,fixture-task-00618,true
619,fixture-task-00619,false
620,fixture-task-00620,false
621,fixture-task-00621,true
622,fixture-task-00622,false
623,fixture-task-00623,false
624,fixture-task-00624,true
625,fixture-task-00625,false
626,fixture-task-00626,false
627,fixture-task-00627,true
628,fixture-task-00628,false
629,fixture-task-00629,false
630,fixture-task-00630,true
631,fixture-task-00631,false
632,fixture-task-00632,false
633,fixture-task-00633,true
634,fixture-task-00634,false
635,fixture-task-00635,false
636,fixture-task-00636,true
637,fixture-task-00637,false
638,fixture-task-00638,false
639,fixture-task-00639,true
640,fixture-task-00640,false
641,fixture-task-00641,false
642,fixture-task-00642,true
643,fixture-task-00643,false
644,fixture-task-00644,false
645,fixture-task-00645,true
646,fixture-task-00646,false
647,fixture-task-00647,false
648,fixture-task-00648,true
649,fixture-task-00649,false
650,fixture-task-00650,false
651,fixture-task-00651,true
652,fixture-task-00652,false
653,fixture-task-00653,false
654,fixture-task-00654,true
655,fixture-task-00655,false
656,fixture-task-00656,false
657,fixture-task-00657,true
658,fixture-task-00658,false
659,fixture-task-00659,false
660,fixture-task-00660,true
661,fixture-task-00661,false
662,fixture-task-00662,false
663,fixture-task-00663,true
664,fixture-task-00664,false
665,fixture-task-00665,false
666,fixture-task-00666,true
667,fixture-task-00667,false
668,fixture-task-00668,false
669,fixture-task-00669,true
670,fixture-task-00670,false
671,fixture-task-00671,false
672,fixture-task-00672,true
673,fixture-task-00673,false
674,fixture-task-00674,false
675,fixture-task-00675,true
676,fixture-task-00676,false
677,fixture-task-00677,false
678,fixture-task-00678,true
679,fixture-task-00679,false
680,fixture-task-00680,false
681,fixture-task-00681,true
682,fixture-task-00682,false
683,fixture-task-00683,false
684,fixture-task-00684,true
685,fixture-task-00685,false
686,fixture-task-00686,false
687,fixture-task-00687,true
688,fixture-task-00688,false
689,fixture-task-00689,false
690,fixture-task-00690,true
691,fixture-task-00691,false
692,fixture-task-00692,false
693,fixture-task-00693,true
694,fixture-task-00694,false
695,fixture-task-00695,false
696,fixture-task-00696,true
697,fixture-task-00697,false
698,fixture-task-00698,false
699,fixture-task-00699,true
700,fixture-task-00700,false
701,fixture-task-00701,false
702,fixture-task-00702,true
703,fixture-task-00703,false
704,fixture-task-00704,false
705,fixture-task-00705,true
706,fixture-task-00706,false
707,fixture-task-00707,false
708,fixture-task-00708,true
709,fixture-task-00709,false
710,fixture-task-00710,false
711,fixture-task-00711,true
712,fixture-task-00712,false
713,fixture-task-00713,false
714,fixture-task-00714,true
715,fixture-task-00715,false
716,fixture-task-00716,false
717,fixture-task-00717,true
718,fixture-task-00718,false
719,fixture-task-00719,false
720,fixture-task-00720,true
721,fixture-task-00721,false
722,fixture-task-00722,false
723,fixture-task-00723,true
724,fixture-task-00724,false
725,fixture-task-00725,false
726,fixture-task-00726,true
727,fixture-task-00727,false
728,fixture-task-00728,false
729,fixture-task-00729,true
730,fixture-task-00730,false
731,fixture-task-00731,false
732,fixture-task-00732,true
733,fixture-task-00733,false
734,fixture-task-00734,false
735,fixture-task-00735,true
736,fixture-task-00736,false
737,fixture-task-00737,false
738,fixture-task-00738,true
739,fixture-task-00739,false
740,fixture-task-00740,false
741,fixture-task-00741,true
742,fixture-task-00742,false
743,fixture-task-00743,false
744,fixture-task-00744,true
745,fixture-task-00745,false
746,fixture-task-00746,false
747,fixture-task-00747,true
748,fixture-task-00748,false
749,fixture-task-00749,false
750,fixture-task-00750,true
751,fixture-task-00751,false
752,fixture-task-00752,false
753,fixture-task-00753,true
754,fixture-task-00754,false
755,fixture-task-00755,false
756,fixture-task-00756,true
757,fixture-task-00757,false
758,fixture-task-00758,false
759,fixture-task-00759,true
760,fixture-task-00760,false
761,fixture-task-00761,false
762,fixture-task-00762,true
763,fixture-task-00763,false
764,fixture-task-00764,false
765,fixture-task-00765,true
766,fixture-task-00766,false
767,fixture-task-00767,false
768,fixture-task-00768,true
769,fixture-task-00769,false
770,fixture-task-00770,false
771,fixture-task-00771,true
772,fixture-task-00772,false
773,fixture-task-00773,false
774,fixture-task-00774,true
775,fixture-task-00775,false
776,fixture-task-00776,false
777,fixture-task-00777,true
778,fixture-task-00778,false
779,fixture-task-00779,false
780,fixture-task-00780,true
781,fixture-task-00781,false
782,fixture-task-00782,false
783,fixture-task-00783,true
784,fixture-task-00784,false
785,fixture-task-00785,false
786,fixture-task-00786,true
787,fixture-task-00787,false
788,fixture-task-00788,false
789,fixture-task-00789,true
790,fixture-task-00790,false
791,fixture-task-00791,false
792,fixture-task-00792,true
793,fixture-task-00793,false
794,fixture-task-00794,false
795,fixture-task-00795,true
796,fixture-task-00796,false
797,fixture-task-00797,false
798,fixture-task-00798,true
799,fixture-task-00799,false
800,fixture-task-00800,false
801,fixture-task-00801,true
802,fixture-task-00802,false
803,fixture-task-00803,false
804,fixture-task-00804,true
805,fixture-task-00805,false
806,fixture-task-00806,false
807,fixture-task-00807,true
808,fixture-task-00808,false
809,fixture-task-00809,false
810,fixture-task-00810,true
811,fixture-task-00811,false
812,fixture-task-00812,false
813,fixture-task-00813,true
814,fixture-task-00814,false
815,fixture-task-00815,false
816,fixture-task-00816,true
817,fixture-task-00817,false
818,fixture-task-00818,false
819,fixture-task-00819,true
820,fixture-task-00820,false
821,fixture-task-00821,false
822,fixture-task-00822,true
823,fixture-task-00823,false
824,fixture-task-00824,false
825,fixture-task-00825,true
826,fixture-task-00826,false
827,fixture-task-00827,false
828,fixture-task-00828,true
829,fixture-task-00829,false
830,fixture-task-00830,false
831,fixture-task-00831,true
832,fixture-task-00832,false
833,fixture-task-00833,false
834,fixture-task-00834,true
835,fixture-task-00835,false
836,fixture-task-00836,false
837,fixture-task-00837,true
838,fixture-task-00838,false
839,fixture-task-00839,false
840,fixture-task-00840,true
841,fixture-task-00841,false
842,fixture-task-00842,false
843,fixture-task-00843,true
844,fixture-task-00844,false
845,fixture-task-00845,false
846,fixture-task-00846,true
847,fixture-task-00847,false
848,fixture-task-00848,false
849,fixture-task-00849,true
850,fixture-task-00850,false
851,fixture-task-00851,false
852,fixture-task-00852,true
853,fixture-task-00853,false
854,fixture-task-00854,false
855,fixture-task-00855,true
856,fixture-task-00856,false
857,fixture-task-00857,false
858,fixture-task-00858,true
859,fixture-task-00859,false
860,fixture-task-00860,false
861,fixture-task-00861,true
862,fixture-task-00862,false
863,fixture-task-00863,false
864,fixture-task-00864,true
865,fixture-task-00865,false
866,fixture-task-00866,false
867,fixture-task-00867,true
868,fixture-task-00868,false
869,fixture-task-00869,false
870,fixture-task-00870,true
871,fixture-task-00871,false
872,fixture-task-00872,false
873,fixture-task-00873,true
874,fixture-task-00874,false
875,fixture-task-00875,false
876,fixture-task-00876,true
877,fixture-task-00877,false
878,fixture-task-00878,false
879,fixture-task-00879,true
880,fixture-task-00880,false
881,fixture-task-00881,false
882,fixture-task-00882,true
883,fixture-task-00883,false
884,fixture-task-00884,false
885,fixture-task-00885,true
886,fixture-task-00886,false
887,fixture-task-00887,false
888,fixture-task-00888,true
889,fixture-task-00889,false
890,fixture-task-00890,false
891,fixture-task-00891,true
892,fixture-task-00892,false
893,fixture-task-00893,false
894,fixture-task-00894,true
895,fixture-task-00895,false
896,fixture-task-00896,false
897,fixture-task-00897,true
898,fixture-task-00898,false
899,fixture-task-00899,false
900,fixture-task-00900,true
901,fixture-task-00901,false
902,fixture-task-00902,false
903,fixture-task-00903,true
904,fixture-task-00904,false
905,fixture-task-00905,false
906,fixture-task-00906,true
907,fixture-task-00907,false
908,fixture-task-00908,false
909,fixture-task-00909,true
910,fixture-task-00910,false
911,fixture-task-00911,false
912,fixture-task-00912,true
913,fixture-task-00913,false
914,fixture-task-00914,false
915,fixture-task-00915,true
916,fixture-task-00916,false
917,fixture-task-00917,false
918,fixture-task-00918,true
919,fixture-task-00919,false
920,fixture-task-00920,false
921,fixture-task-00921,true
922,fixture-task-00922,false
923,fixture-task-00923,false
924,fixture-task-00924,true
925,fixture-task-00925,false
926,fixture-task-00926,false
927,fixture-task-00927,true
928,fixture-task-00928,false
929,fixture-task-00929,false
930,fixture-task-00930,true
931,fixture-task-00931,false
932,fixture-task-00932,false
933,fixture-task-00933,true
934,fixture-task-00934,false
935,fixture-task-00935,false
936,fixture-task-00936,true
937,fixture-task-00937,false
938,fixture-task-00938,false
939,fixture-task-00939,true
940,fixture-task-00940,false
941,fixture-task-00941,false
942,fixture-task-00942,true
943,fixture-task-00943,false
944,fixture-task-00944,false
945,fixture-task-00945,true
946,fixture-task-00946,false
947,fixture-task-00947,false
948,fixture-task-00948,true
949,fixture-task-00949,false
950,fixture-task-00950,false
951,fixture-task-00951,true
952,fixture-task-00952,false
953,fixture-task-00953,false
954,fixture-task-00954,true
955,fixture-task-00955,false
956,fixture-task-00956,false
957,fixture-task-00957,true
958,fixture-task-00958,false
959,fixture-task-00959,false
960,fixture-task-00960,true
961,fixture-task-00961,false
962,fixture-task-00962,false
963,fixture-task-00963,true
964,fixture-task-00964,false
965,fixture-task-00965,false
966,fixture-task-00966,true
967,fixture-task-00967,false
968,fixture-task-00968,false
969,fixture-task-00969,true
970,fixture-task-00970,false
971,fixture-task-00971,false
972,fixture-task-00972,true
973,fixture-task-00973,false
974,fixture-task-00974,false
975,fixture-task-00975,true
976,fixture-task-00976,false
977,fixture-task-00977,false
978,fixture-task-00978,true
979,fixture-task-00979,false
980,fixture-task-00980,false
981,fixture-task-00981,true
982,fixture-task-00982,false
983,fixture-task-00983,false
984,fixture-task-00984,true
985,fixture-task-00985,false
986,fixture-task-00986,false
987,fixture-task-00987,true
988,fixture-task-00988,false
989,fixture-task-00989,false
990,fixture-task-00990,true
991,fixture-task-00991,false
992,fixture-task-00992,false
993,fixture-task-00993,true
994,fixture-task-00994,false
995,fixture-task-00995,false
996,fixture-task-00996,true
997,fixture-task-00997,false
998,fixture-task-00998,false
999,fixture-task-00999,true
1000,fixture-task-01000,false
1001,fixture-task-01001,false
1002,fixture-task-01002,true
1003,fixture-task-01003,false
1004,fixture-task-01004,false
1005,fixture-task-01005,true
1006,fixture-task-01006,false
1007,fixture-task-01007,false
1008,fixture-task-01008,true
1009,fixture-task-01009,false
1010,fixture-task-01010,false
1011,fixture-task-01011,true
1012,fixture-task-01012,false
1013,fixture-task-01013,false
1014,fixture-task-01014,true
1015,fixture-task-01015,false
1016,fixture-task-01016,false
1017,fixture-task-01017,true
1018,fixture-task-01018,false
1019,fixture-task-01019,false
1020,fixture-task-01020,true
1021,fixture-task-01021,false
1022,fixture-task-01022,false
1023,fixture-task-01023,true
1024,fixture-task-01024,false
1025,fixture-task-01025,false
1026,fixture-task-01026,true
1027,fixture-task-01027,false
1028,fixture-task-01028,false
1029,fixture-task-01029,true
1030,fixture-task-01030,false
1031,fixture-task-01031,false
1032,fixture-task-01032,true
1033,fixture-task-01033,false
1034,fixture-task-01034,false
1035,fixture-task-01035,true
1036,fixture-task-01036,false
1037,fixture-task-01037,false
1038,fixture-task-01038,true
1039,fixture-task-01039,false
1040,fixture-task-01040,false
1041,fixture-task-01041,true
1042,fixture-task-01042,false
1043,fixture-task-01043,false
1044,fixture-task-01044,true
1045,fixture-task-01045,false
1046,fixture-task-01046,false
1047,fixture-task-01047,true
1048,fixture-task-01048,false
1049,fixture-task-01049,false
1050,fixture-task-01050,true
1051,fixture-task-01051,false
1052,fixture-task-01052,false
1053,fixture-task-01053,true
1054,fixture-task-01054,false
1055,fixture-task-01055,false
1056,fixture-task-01056,true
1057,fixture-task-01057,false
1058,fixture-task-01058,false
1059,fixture-task-01059,true
1060,fixture-task-01060,false
1061,fixture-task-01061,false
1062,fixture-task-01062,true
1063,fixture-task-01063,false
1064,fixture-task-01064,false
1065,fixture-task-01065,true
1066,fixture-task-01066,false
1067,fixture-task-01067,false
1068,fixture-task-01068,true
1069,fixture-task-01069,false
1070,fixture-task-01070,false
1071,fixture-task-01071,true
1072,fixture-task-01072,false
1073,fixture-task-01073,false
1074,fixture-task-01074,true
1075,fixture-task-01075,false
1076,fixture-task-01076,false
1077,fixture-task-01077,true
1078,fixture-task-01078,false
1079,fixture-task-01079,false
1080,fixture-task-01080,true
1081,fixture-task-01081,false
1082,fixture-task-01082,false
1083,fixture-task-01083,true
1084,fixture-task-01084,false
1085,fixture-task-01085,false
1086,fixture-task-01086,true
1087,fixture-task-01087,false
1088,fixture-task-01088,false
1089,fixture-task-01089,true
1090,fixture-task-01090,false
1091,fixture-task-01091,false
1092,fixture-task-01092,true
1093,fixture-task-01093,false
1094,fixture-task-01094,false
1095,fixture-task-01095,true
1096,fixture-task-01096,false
1097,fixture-task-01097,false
1098,fixture-task-01098,true
1099,fixture-task-01099,false
1100,fixture-task-01100,false
1101,fixture-task-01101,true
1102,fixture-task-01102,false
1103,fixture-task-01103,false
1104,fixture-task-01104,true
1105,fixture-task-01105,false
1106,fixture-task-01106,false
1107,fixture-task-01107,true
1108,fixture-task-01108,false
1109,fixture-task-01109,false
1110,fixture-task-01110,true
1111,fixture-task-01111,false
1112,fixture-task-01112,false
1113,fixture-task-01113,true
1114,fixture-task-01114,false
1115,fixture-task-01115,false
1116,fixture-task-01116,true
1117,fixture-task-01117,false
1118,fixture-task-01118,false
1119,fixture-task-01119,true
1120,fixture-task-01120,false
1121,fixture-task-01121,false
1122,fixture-task-01122,true
1123,fixture-task-01123,false
1124,fixture-task-01124,false
1125,fixture-task-01125,true
1126,fixture-task-01126,false
1127,fixture-task-01127,false
1128,fixture-task-01128,true
1129,fixture-task-01129,false
1130,fixture-task-01130,false
1131,fixture-task-01131,true
1132,fixture-task-01132,false
1133,fixture-task-01133,false
1134,fixture-task-01134,true
1135,fixture-task-01135,false
1136,fixture-task-01136,false
1137,fixture-task-01137,true
1138,fixture-task-01138,false
1139,fixture-task-01139,false
1140,fixture-task-01140,true
1141,fixture-task-01141,false
1142,fixture-task-01142,false
1143,fixture-task-01143,true
1144,fixture-task-01144,false
1145,fixture-task-01145,false
1146,fixture-task-01146,true
1147,fixture-task-01147,false
1148,fixture-task-01148,false
1149,fixture-task-01149,true
1150,fixture-task-01150,false
1151,fixture-task-01151,false
1152,fixture-task-01152,true
1153,fixture-task-01153,false
1154,fixture-task-01154,false
1155,fixture-task-01155,true
1156,fixture-task-01156,false
1157,fixture-task-01157,false
1158,fixture-task-01158,true
1159,fixture-task-01159,false
1160,fixture-task-01160,false
1161,fixture-task-01161,true
1162,fixture-task-01162,false
1163,fixture-task-01163,false
1164,fixture-task-01164,true
1165,fixture-task-01165,false
1166,fixture-task-01166,false
1167,fixture-task-01167,true
1168,fixture-task-01168,false
1169,fixture-task-01169,false
1170,fixture-task-01170,true
1171,fixture-task-01171,false
1172,fixture-task-01172,false
1173,fixture-task-01173,true
1174,fixture-task-01174,false
1175,fixture-task-01175,false
1176,fixture-task-01176,true
1177,fixture-task-01177,false
1178,fixture-task-01178,false
1179,fixture-task-01179,true
1180,fixture-task-01180,false
1181,fixture-task-01181,false
1182,fixture-task-01182,true
1183,fixture-task-01183,false
1184,fixture-task-01184,false
1185,fixture-task-01185,true
1186,fixture-task-01186,false
1187,fixture-task-01187,false
1188,fixture-task-01188,true
1189,fixture-task-01189,false
1190,fixture-task-01190,false
1191,fixture-task-01191,true
1192,fixture-task-01192,false
1193,fixture-task-01193,false
1194,fixture-task-01194,true
1195,fixture-task-01195,false
1196,fixture-task-01196,false
1197,fixture-task-01197,true
1198,fixture-task-01198,false
1199,fixture-task-01199,false
1200,fixture-task-01200,true
1201,fixture-task-01201,false
1202,fixture-task-01202,false
1203,fixture-task-01203,true
1204,fixture-task-01204,false
1205,fixture-task-01205,false
1206,fixture-task-01206,true
1207,fixture-task-01207,false
1208,fixture-task-01208,false
1209,fixture-task-01209,true
1210,fixture-task-01210,false
1211,fixture-task-01211,false
1212,fixture-task-01212,true
1213,fixture-task-01213,false
1214,fixture-task-01214,false
1215,fixture-task-01215,true
1216,fixture-task-01216,false
1217,fixture-task-01217,false
1218,fixture-task-01218,true
1219,fixture-task-01219,false
1220,fixture-task-01220,false
1221,fixture-task-01221,true
1222,fixture-task-01222,false
1223,fixture-task-01223,false
1224,fixture-task-01224,true
1225,fixture-task-01225,false
1226,fixture-task-01226,false
1227,fixture-task-01227,true
1228,fixture-task-01228,false
1229,fixture-task-01229,false
1230,fixture-task-01230,true
1231,fixture-task-01231,false
1232,fixture-task-01232,false
1233,fixture-task-01233,true
1234,fixture-task-01234,false
1235,fixture-task-01235,false
1236,fixture-task-01236,true
1237,fixture-task-01237,false
1238,fixture-task-01238,false
1239,fixture-task-01239,true
1240,fixture-task-01240,false
1241,fixture-task-01241,false
1242,fixture-task-01242,true
1243,fixture-task-01243,false
1244,fixture-task-01244,false
1245,fixture-task-01245,true
1246,fixture-task-01246,false
1247,fixture-task-01247,false
1248,fixture-task-01248,true
1249,fixture-task-01249,false
1250,fixture-task-01250,false
1251,fixture-task-01251,true
1252,fixture-task-01252,false
1253,fixture-task-01253,false
1254,fixture-task-01254,true
1255,fixture-task-01255,false
1256,fixture-task-01256,false
1257,fixture-task-01257,true
1258,fixture-task-01258,false
1259,fixture-task-01259,false
1260,fixture-task-01260,true
1261,fixture-task-01261,false
1262,fixture-task-01262,false
1263,fixture-task-01263,true
1264,fixture-task-01264,false
1265,fixture-task-01265,false
1266,fixture-task-01266,true
1267,fixture-task-01267,false
1268,fixture-task-01268,false
1269,fixture-task-01269,true
1270,fixture-task-01270,false
1271,fixture-task-01271,false
1272,fixture-task-01272,true
1273,fixture-task-01273,false
1274,fixture-task-01274,false
1275,fixture-task-01275,true
1276,fixture-task-01276,false
1277,fixture-task-01277,false
1278,fixture-task-01278,true
1279,fixture-task-01279,false
1280,fixture-task-01280,false
1281,fixture-task-01281,true
1282,fixture-task-01282,false
1283,fixture-task-01283,false
1284,fixture-task-01284,true
1285,fixture-task-01285,false
1286,fixture-task-01286,false
1287,fixture-task-01287,true
1288,fixture-task-01288,false
1289,fixture-task-01289,false
1290,fixture-task-01290,true
1291,fixture-task-01291,false
1292,fixture-task-01292,false
1293,fixture-task-01293,true
1294,fixture-task-01294,false
1295,fixture-task-01295,false
1296,fixture-task-01296,true
1297,fixture-task-01297,false
1298,fixture-task-01298,false
1299,fixture-task-01299,true
1300,fixture-task-01300,false
1301,fixture-task-01301,false
1302,fixture-task-01302,true
1303,fixture-task-01303,false
1304,fixture-task-01304,false
1305,fixture-task-01305,true
1306,fixture-task-01306,false
1307,fixture-task-01307,false
1308,fixture-task-01308,true
1309,fixture-task-01309,false
1310,fixture-task-01310,false
1311,fixture-task-01311,true
1312,fixture-task-01312,false
1313,fixture-task-01313,false
1314,fixture-task-01314,true
1315,fixture-task-01315,false
1316,fixture-task-01316,false
1317,fixture-task-01317,true
1318,fixture-task-01318,false
1319,fixture-task-01319,false
1320,fixture-task-01320,true
1321,fixture-task-01321,false
1322,fixture-task-01322,false
1323,fixture-task-01323,true
1324,fixture-task-01324,false
1325,fixture-task-01325,false
1326,fixture-task-01326,true
1327,fixture-task-01327,false
1328,fixture-task-01328,false
1329,fixture-task-01329,true
1330,fixture-task-01330,false
1331,fixture-task-01331,false
1332,fixture-task-01332,true
1333,fixture-task-01333,false
1334,fixture-task-01334,false
1335,fixture-task-01335,true
1336,fixture-task-01336,false
1337,fixture-task-01337,false
1338,fixture-task-01338,true
1339,fixture-task-01339,false
1340,fixture-task-01340,false
1341,fixture-task-01341,true
1342,fixture-task-01342,false
1343,fixture-task-01343,false
1344,fixture-task-01344,true
1345,fixture-task-01345,false
1346,fixture-task-01346,false
1347,fixture-task-01347,true
1348,fixture-task-01348,false
1349,fixture-task-01349,false
1350,fixture-task-01350,true
1351,fixture-task-01351,false
1352,fixture-task-01352,false
1353,fixture-task-01353,true
1354,fixture-task-01354,false
1355,fixture-task-01355,false
1356,fixture-task-01356,true
1357,fixture-task-01357,false
1358,fixture-task-01358,false
1359,fixture-task-01359,true
1360,fixture-task-01360,false
1361,fixture-task-01361,false
1362,fixture-task-01362,true
1363,fixture-task-01363,false
1364,fixture-task-01364,false
1365,fixture-task-01365,true
1366,fixture-task-01366,false
1367,fixture-task-01367,false
1368,fixture-task-01368,true
1369,fixture-task-01369,false
1370,fixture-task-01370,false
1371,fixture-task-01371,true
1372,fixture-task-01372,false
1373,fixture-task-01373,false
1374,fixture-task-01374,true
1375,fixture-task-01375,false
1376,fixture-task-01376,false
1377,fixture-task-01377,true
1378,fixture-task-01378,false
1379,fixture-task-01379,false
1380,fixture-task-01380,true
1381,fixture-task-01381,false
1382,fixture-task-01382,false
1383,fixture-task-01383,true
1384,fixture-task-01384,false
1385,fixture-task-01385,false
1386,fixture-task-01386,true
1387,fixture-task-01387,false
1388,fixture-task-01388,false
1389,fixture-task-01389,true
1390,fixture-task-01390,false
1391,fixture-task-01391,false
1392,fixture-task-01392,true
1393,fixture-task-01393,false
1394,fixture-task-01394,false
1395,fixture-task-01395,true
1396,fixture-task-01396,false
1397,fixture-task-01397,false
1398,fixture-task-01398,true
1399,fixture-task-01399,false
1400,fixture-task-01400,false
1401,fixture-task-01401,true
1402,fixture-task-01402,false
1403,fixture-task-01403,false
1404,fixture-task-01404,true
1405,fixture-task-01405,false
1406,fixture-task-01406,false
1407,fixture-task-01407,true
1408,fixture-task-01408,false
1409,fixture-task-01409,false
1410,fixture-task-01410,true
1411,fixture-task-01411,false
1412,fixture-task-01412,false
1413,fixture-task-01413,true
1414,fixture-task-01414,false
1415,fixture-task-01415,false
1416,fixture-task-01416,true
1417,fixture-task-01417,false
1418,fixture-task-01418,false
1419,fixture-task-01419,true
1420,fixture-task-01420,false
1421,fixture-task-01421,false
1422,fixture-task-01422,true
1423,fixture-task-01423,false
1424,fixture-task-01424,false
1425,fixture-task-01425,true
1426,fixture-task-01426,false
1427,fixture-task-01427,false
1428,fixture-task-01428,true
1429,fixture-task-01429,false
1430,fixture-task-01430,false
1431,fixture-task-01431,true
1432,fixture-task-01432,false
1433,fixture-task-01433,false
1434,fixture-task-01434,true
1435,fixture-task-01435,false
1436,fixture-task-01436,false
1437,fixture-task-01437,true
1438,fixture-task-01438,false
1439,fixture-task-01439,false
1440,fixture-task-01440,true
1441,fixture-task-01441,false
1442,fixture-task-01442,false
1443,fixture-task-01443,true
1444,fixture-task-01444,false
1445,fixture-task-01445,false
1446,fixture-task-01446,true
1447,fixture-task-01447,false
1448,fixture-task-01448,false
1449,fixture-task-01449,true
1450,fixture-task-01450,false
1451,fixture-task-01451,false
1452,fixture-task-01452,true
1453,fixture-task-01453,false
1454,fixture-task-01454,false
1455,fixture-task-01455,true
1456,fixture-task-01456,false
1457,fixture-task-01457,false
1458,fixture-task-01458,true
1459,fixture-task-01459,false
1460,fixture-task-01460,false
1461,fixture-task-01461,true
1462,fixture-task-01462,false
1463,fixture-task-01463,false
1464,fixture-task-01464,true
1465,fixture-task-01465,false
1466,fixture-task-01466,false
1467,fixture-task-01467,true
1468,fixture-task-01468,false
1469,fixture-task-01469,false
1470,fixture-task-01470,true
1471,fixture-task-01471,false
1472,fixture-task-01472,false
1473,fixture-task-01473,true
1474,fixture-task-01474,false
1475,fixture-task-01475,false
1476,fixture-task-01476,true
1477,fixture-task-01477,false
1478,fixture-task-01478,false
1479,fixture-task-01479,true
1480,fixture-task-01480,false
1481,fixture-task-01481,false
1482,fixture-task-01482,true
1483,fixture-task-01483,false
1484,fixture-task-01484,false
1485,fixture-task-01485,true
1486,fixture-task-01486,false
1487,fixture-task-01487,false
1488,fixture-task-01488,true
1489,fixture-task-01489,false
1490,fixture-task-01490,false
1491,fixture-task-01491,true
1492,fixture-task-01492,false
1493,fixture-task-01493,false
1494,fixture-task-01494,true
1495,fixture-task-01495,false
1496,fixture-task-01496,false
1497,fixture-task-01497,true
1498,fixture-task-01498,false
1499,fixture-task-01499,false
1500,fixture-task-01500,true
1501,fixture-task-01501,false
1502,fixture-task-01502,false
1503,fixture-task-01503,true
1504,fixture-task-01504,false
1505,fixture-task-01505,false
1506,fixture-task-01506,true
1507,fixture-task-01507,false
1508,fixture-task-01508,false
1509,fixture-task-01509,true
1510,fixture-task-01510,false
1511,fixture-task-01511,false
1512,fixture-task-01512,true
1513,fixture-task-01513,false
1514,fixture-task-01514,false
1515,fixture-task-01515,true
1516,fixture-task-01516,false
1517,fixture-task-01517,false
1518,fixture-task-01518,true
1519,fixture-task-01519,false
1520,fixture-task-01520,false
1521,fixture-task-01521,true
1522,fixture-task-01522,false
1523,fixture-task-01523,false
1524,fixture-task-01524,true
1525,fixture-task-01525,false
1526,fixture-task-01526,false
1527,fixture-task-01527,true
1528,fixture-task-01528,false
1529,fixture-task-01529,false
1530,fixture-task-01530,true
1531,fixture-task-01531,false
1532,fixture-task-01532,false
1533,fixture-task-01533,true
1534,fixture-task-01534,false
1535,fixture-task-01535,false
1536,fixture-task-01536,true
1537,fixture-task-01537,false
1538,fixture-task-01538,false
1539,fixture-task-01539,true
1540,fixture-task-01540,false
1541,fixture-task-01541,false
1542,fixture-task-01542,true
1543,fixture-task-01543,false
1544,fixture-task-01544,false
1545,fixture-task-01545,true
1546,fixture-task-01546,false
1547,fixture-task-01547,false
1548,fixture-task-01548,true
1549,fixture-task-01549,false
1550,fixture-task-01550,false
1551,fixture-task-01551,true
1552,fixture-task-01552,false
1553,fixture-task-01553,false
1554,fixture-task-01554,true
1555,fixture-task-01555,false
1556,fixture-task-01556,false
1557,fixture-task-01557,true
1558,fixture-task-01558,false
1559,fixture-task-01559,false
1560,fixture-task-01560,true
1561,fixture-task-01561,false
1562,fixture-task-01562,false
1563,fixture-task-01563,true
1564,fixture-task-01564,false
1565,fixture-task-01565,false
1566,fixture-task-01566,true
1567,fixture-task-01567,false
1568,fixture-task-01568,false
1569,fixture-task-01569,true
1570,fixture-task-01570,false
1571,fixture-task-01571,false
1572,fixture-task-01572,true
1573,fixture-task-01573,false
1574,fixture-task-01574,false
1575,fixture-task-01575,true
1576,fixture-task-01576,false
1577,fixture-task-01577,false
1578,fixture-task-01578,true
1579,fixture-task-01579,false
1580,fixture-task-01580,false
1581,fixture-task-01581,true
1582,fixture-task-01582,false
1583,fixture-task-01583,false
1584,fixture-task-01584,true
1585,fixture-task-01585,false
1586,fixture-task-01586,false
1587,fixture-task-01587,true
1588,fixture-task-01588,false
1589,fixture-task-01589,false
1590,fixture-task-01590,true
1591,fixture-task-01591,false
1592,fixture-task-01592,false
1593,fixture-task-01593,true
1594,fixture-task-01594,false
1595,fixture-task-01595,false
1596,fixture-task-01596,true
1597,fixture-task-01597,false
1598,fixture-task-01598,false
1599,fixture-task-01599,true
1600,fixture-task-01600,false
1601,fixture-task-01601,false
1602,fixture-task-01602,true
1603,fixture-task-01603,false
1604,fixture-task-01604,false
1605,fixture-task-01605,true
1606,fixture-task-01606,false
1607,fixture-task-01607,false
1608,fixture-task-01608,true
1609,fixture-task-01609,false
1610,fixture-task-01610,false
1611,fixture-task-01611,true
1612,fixture-task-01612,false
1613,fixture-task-01613,false
1614,fixture-task-01614,true
1615,fixture-task-01615,false
1616,fixture-task-01616,false
1617,fixture-task-01617,true
1618,fixture-task-01618,false
1619,fixture-task-01619,false
1620,fixture-task-01620,true
1621,fixture-task-01621,false
1622,fixture-task-01622,false
1623,fixture-task-01623,true
1624,fixture-task-01624,false
1625,fixture-task-01625,false
1626,fixture-task-01626,true
1627,fixture-task-01627,false
1628,fixture-task-01628,false
1629,fixture-task-01629,true
1630,fixture-task-01630,false
1631,fixture-task-01631,false
1632,fixture-task-01632,true
1633,fixture-task-01633,false
1634,fixture-task-01634,false
1635,fixture-task-01635,true
1636,fixture-task-01636,false
1637,fixture-task-01637,false
1638,fixture-task-01638,true
1639,fixture-task-01639,false
1640,fixture-task-01640,false
1641,fixture-task-01641,true
1642,fixture-task-01642,false
1643,fixture-task-01643,false
1644,fixture-task-01644,true
1645,fixture-task-01645,false
1646,fixture-task-01646,false
1647,fixture-task-01647,true
1648,fixture-task-01648,false
1649,fixture-task-01649,false
1650,fixture-task-01650,true
1651,fixture-task-01651,false
1652,fixture-task-01652,false
1653,fixture-task-01653,true
1654,fixture-task-01654,false
1655,fixture-task-01655,false
1656,fixture-task-01656,true
1657,fixture-task-01657,false
1658,fixture-task-01658,false
1659,fixture-task-01659,true
1660,fixture-task-01660,false
1661,fixture-task-01661,false
1662,fixture-task-01662,true
1663,fixture-task-01663,false
1664,fixture-task-01664,false
1665,fixture-task-01665,true
1666,fixture-task-01666,false
1667,fixture-task-01667,false
1668,fixture-task-01668,true
1669,fixture-task-01669,false
1670,fixture-task-01670,false
1671,fixture-task-01671,true
1672,fixture-task-01672,false
1673,fixture-task-01673,false
1674,fixture-task-01674,true
1675,fixture-task-01675,false
1676,fixture-task-01676,false
1677,fixture-task-01677,true
1678,fixture-task-01678,false
1679,fixture-task-01679,false
1680,fixture-task-01680,true
1681,fixture-task-01681,false
1682,fixture-task-01682,false
1683,fixture-task-01683,true
1684,fixture-task-01684,false
1685,fixture-task-01685,false
1686,fixture-task-01686,true
1687,fixture-task-01687,false
1688,fixture-task-01688,false
1689,fixture-task-01689,true
1690,fixture-task-01690,false
1691,fixture-task-01691,false
1692,fixture-task-01692,true
1693,fixture-task-01693,false
1694,fixture-task-01694,false
1695,fixture-task-01695,true
1696,fixture-task-01696,false
1697,fixture-task-01697,false
1698,fixture-task-01698,true
1699,fixture-task-01699,false
1700,fixture-task-01700,false
1701,fixture-task-01701,true
1702,fixture-task-01702,false
1703,fixture-task-01703,false
1704,fixture-task-01704,true
1705,fixture-task-01705,false
1706,fixture-task-01706,false
1707,fixture-task-01707,true
1708,fixture-task-01708,false
1709,fixture-task-01709,false
1710,fixture-task-01710,true
1711,fixture-task-01711,false
1712,fixture-task-01712,false
1713,fixture-task-01713,true
1714,fixture-task-01714,false
1715,fixture-task-01715,false
1716,fixture-task-01716,true
1717,fixture-task-01717,false
1718,fixture-task-01718,false
1719,fixture-task-01719,true
1720,fixture-task-01720,false
1721,fixture-task-01721,false
1722,fixture-task-01722,true
1723,fixture-task-01723,false
1724,fixture-task-01724,false
1725,fixture-task-01725,true
1726,fixture-task-01726,false
1727,fixture-task-01727,false
1728,fixture-task-01728,true
1729,fixture-task-01729,false
1730,fixture-task-01730,false
1731,fixture-task-01731,true
1732,fixture-task-01732,false
1733,fixture-task-01733,false
1734,fixture-task-01734,true
1735,fixture-task-01735,false
1736,fixture-task-01736,false
1737,fixture-task-01737,true
1738,fixture-task-01738,false
1739,fixture-task-01739,false
1740,fixture-task-01740,true
1741,fixture-task-01741,false
1742,fixture-task-01742,false
1743,fixture-task-01743,true
1744,fixture-task-01744,false
1745,fixture-task-01745,false
1746,fixture-task-01746,true
1747,fixture-task-01747,false
1748,fixture-task-01748,false
1749,fixture-task-01749,true
1750,fixture-task-01750,false
1751,fixture-task-01751,false
1752,fixture-task-01752,true
1753,fixture-task-01753,false
1754,fixture-task-01754,false
1755,fixture-task-01755,true
1756,fixture-task-01756,false
1757,fixture-task-01757,false
1758,fixture-task-01758,true
1759,fixture-task-01759,false
1760,fixture-task-01760,false
1761,fixture-task-01761,true
1762,fixture-task-01762,false
1763,fixture-task-01763,false
1764,fixture-task-01764,true
1765,fixture-task-01765,false
1766,fixture-task-01766,false
1767,fixture-task-01767,true
1768,fixture-task-01768,false
1769,fixture-task-01769,false
1770,fixture-task-01770,true
1771,fixture-task-01771,false
1772,fixture-task-01772,false
1773,fixture-task-01773,true
1774,fixture-task-01774,false
1775,fixture-task-01775,false
1776,fixture-task-01776,true
1777,fixture-task-01777,false
1778,fixture-task-01778,false
1779,fixture-task-01779,true
1780,fixture-task-01780,false
1781,fixture-task-01781,false
1782,fixture-task-01782,true
1783,fixture-task-01783,false
1784,fixture-task-01784,false
1785,fixture-task-01785,true
1786,fixture-task-01786,false
1787,fixture-task-01787,false
1788,fixture-task-01788,true
1789,fixture-task-01789,false
1790,fixture-task-01790,false
1791,fixture-task-01791,true
1792,fixture-task-01792,false
1793,fixture-task-01793,false
1794,fixture-task-01794,true
1795,fixture-task-01795,false
1796,fixture-task-01796,false
1797,fixture-task-01797,true
1798,fixture-task-01798,false
1799,fixture-task-01799,false
1800,fixture-task-01800,true
1801,fixture-task-01801,false
1802,fixture-task-01802,false
1803,fixture-task-01803,true
1804,fixture-task-01804,false
1805,fixture-task-01805,false
1806,fixture-task-01806,true
1807,fixture-task-01807,false
1808,fixture-task-01808,false
1809,fixture-task-01809,true
1810,fixture-task-01810,false
1811,fixture-task-01811,false
1812,fixture-task-01812,true
1813,fixture-task-01813,false
1814,fixture-task-01814,false
1815,fixture-task-01815,true
1816,fixture-task-01816,false
1817,fixture-task-01817,false
1818,fixture-task-01818,true
1819,fixture-task-01819,false
1820,fixture-task-01820,false
1821,fixture-task-01821,true
1822,fixture-task-01822,false
1823,fixture-task-01823,false
1824,fixture-task-01824,true
1825,fixture-task-01825,false
1826,fixture-task-01826,false
1827,fixture-task-01827,true
1828,fixture-task-01828,false
1829,fixture-task-01829,false
1830,fixture-task-01830,true
1831,fixture-task-01831,false
1832,fixture-task-01832,false
1833,fixture-task-01833,true
1834,fixture-task-01834,false
1835,fixture-task-01835,false
1836,fixture-task-01836,true
1837,fixture-task-01837,false
1838,fixture-task-01838,false
1839,fixture-task-01839,true
1840,fixture-task-01840,false
1841,fixture-task-01841,false
1842,fixture-task-01842,true
1843,fixture-task-01843,false
1844,fixture-task-01844,false
1845,fixture-task-01845,true
1846,fixture-task-01846,false
1847,fixture-task-01847,false
1848,fixture-task-01848,true
1849,fixture-task-01849,false
1850,fixture-task-01850,false
1851,fixture-task-01851,true
1852,fixture-task-01852,false
1853,fixture-task-01853,false
1854,fixture-task-01854,true
1855,fixture-task-01855,false
1856,fixture-task-01856,false
1857,fixture-task-01857,true
1858,fixture-task-01858,false
1859,fixture-task-01859,false
1860,fixture-task-01860,true
1861,fixture-task-01861,false
1862,fixture-task-01862,false
1863,fixture-task-01863,true
1864,fixture-task-01864,false
1865,fixture-task-01865,false
1866,fixture-task-01866,true
1867,fixture-task-01867,false
1868,fixture-task-01868,false
1869,fixture-task-01869,true
1870,fixture-task-01870,false
1871,fixture-task-01871,false
1872,fixture-task-01872,true
1873,fixture-task-01873,false
1874,fixture-task-01874,false
1875,fixture-task-01875,true
1876,fixture-task-01876,false
1877,fixture-task-01877,false
1878,fixture-task-01878,true
1879,fixture-task-01879,false
1880,fixture-task-01880,false
1881,fixture-task-01881,true
1882,fixture-task-01882,false
1883,fixture-task-01883,false
1884,fixture-task-01884,true
1885,fixture-task-01885,false
1886,fixture-task-01886,false
1887,fixture-task-01887,true
1888,fixture-task-01888,false
1889,fixture-task-01889,false
1890,fixture-task-01890,true
1891,fixture-task-01891,false
1892,fixture-task-01892,false
1893,fixture-task-01893,true
1894,fixture-task-01894,false
1895,fixture-task-01895,false
1896,fixture-task-01896,true
1897,fixture-task-01897,false
1898,fixture-task-01898,false
1899,fixture-task-01899,true
1900,fixture-task-01900,false
1901,fixture-task-01901,false
1902,fixture-task-01902,true
1903,fixture-task-01903,false
1904,fixture-task-01904,false
1905,fixture-task-01905,true
1906,fixture-task-01906,false
1907,fixture-task-01907,false
1908,fixture-task-01908,true
1909,fixture-task-01909,false
1910,fixture-task-01910,false
1911,fixture-task-01911,true
1912,fixture-task-01912,false
1913,fixture-task-01913,false
1914,fixture-task-01914,true
1915,fixture-task-01915,false
1916,fixture-task-01916,false
1917,fixture-task-01917,true
1918,fixture-task-01918,false
1919,fixture-task-01919,false
1920,fixture-task-01920,true
1921,fixture-task-01921,false
1922,fixture-task-01922,false
1923,fixture-task-01923,true
1924,fixture-task-01924,false
1925,fixture-task-01925,false
1926,fixture-task-01926,true
1927,fixture-task-01927,false
1928,fixture-task-01928,false
1929,fixture-task-01929,true
1930,fixture-task-01930,false
1931,fixture-task-01931,false
1932,fixture-task-01932,true
1933,fixture-task-01933,false
1934,fixture-task-01934,false
1935,fixture-task-01935,true
1936,fixture-task-01936,false
1937,fixture-task-01937,false
1938,fixture-task-01938,true
1939,fixture-task-01939,false
1940,fixture-task-01940,false
1941,fixture-task-01941,true
1942,fixture-task-01942,false
1943,fixture-task-01943,false
1944,fixture-task-01944,true
1945,fixture-task-01945,false
1946,fixture-task-01946,false
1947,fixture-task-01947,true
1948,fixture-task-01948,false
1949,fixture-task-01949,false
1950,fixture-task-01950,true
1951,fixture-task-01951,false
1952,fixture-task-01952,false
1953,fixture-task-01953,true
1954,fixture-task-01954,false
1955,fixture-task-01955,false
1956,fixture-task-01956,true
1957,fixture-task-01957,false
1958,fixture-task-01958,false
1959,fixture-task-01959,true
1960,fixture-task-01960,false
1961,fixture-task-01961,false
1962,fixture-task-01962,true
1963,fixture-task-01963,false
1964,fixture-task-01964,false
1965,fixture-task-01965,true
1966,fixture-task-01966,false
1967,fixture-task-01967,false
1968,fixture-task-01968,true
1969,fixture-task-01969,false
1970,fixture-task-01970,false
1971,fixture-task-01971,true
1972,fixture-task-01972,false
1973,fixture-task-01973,false
1974,fixture-task-01974,true
1975,fixture-task-01975,false
1976,fixture-task-01976,false
1977,fixture-task-01977,true
1978,fixture-task-01978,false
1979,fixture-task-01979,false
1980,fixture-task-01980,true
1981,fixture-task-01981,false
1982,fixture-task-01982,false
1983,fixture-task-01983,true
1984,fixture-task-01984,false
1985,fixture-task-01985,false
1986,fixture-task-01986,true
1987,fixture-task-01987,false
1988,fixture-task-01988,false
1989,fixture-task-01989,true
1990,fixture-task-01990,false
1991,fixture-task-01991,false
1992,fixture-task-01992,true
1993,fixture-task-01993,false
1994,fixture-task-01994,false
1995,fixture-task-01995,true
1996,fixture-task-01996,false
1997,fixture-task-01997,false
1998,fixture-task-01998,true
1999,fixture-task-01999,false
2000,fixture-task-02000,false
2001,fixture-task-02001,true
2002,fixture-task-02002,false
2003,fixture-task-02003,false
2004,fixture-task-02004,true
2005,fixture-task-02005,false
2006,fixture-task-02006,false
2007,fixture-task-02007,true
2008,fixture-task-02008,false
2009,fixture-task-02009,false
2010,fixture-task-02010,true
2011,fixture-task-02011,false
2012,fixture-task-02012,false
2013,fixture-task-02013,true
2014,fixture-task-02014,false
2015,fixture-task-02015,false
2016,fixture-task-02016,true
2017,fixture-task-02017,false
2018,fixture-task-02018,false
2019,fixture-task-02019,true
2020,fixture-task-02020,false
2021,fixture-task-02021,false
2022,fixture-task-02022,true
2023,fixture-task-02023,false
2024,fixture-task-02024,false
2025,fixture-task-02025,true
2026,fixture-task-02026,false
2027,fixture-task-02027,false
2028,fixture-task-02028,true
2029,fixture-task-02029,false
2030,fixture-task-02030,false
2031,fixture-task-02031,true
2032,fixture-task-02032,false
2033,fixture-task-02033,false
2034,fixture-task-02034,true
2035,fixture-task-02035,false
2036,fixture-task-02036,false
2037,fixture-task-02037,true
2038,fixture-task-02038,false
2039,fixture-task-02039,false
2040,fixture-task-02040,true
2041,fixture-task-02041,false
2042,fixture-task-02042,false
2043,fixture-task-02043,true
2044,fixture-task-02044,false
2045,fixture-task-02045,false
2046,fixture-task-02046,true
2047,fixture-task-02047,false
2048,fixture-task-02048,false
2049,fixture-task-02049,true
2050,fixture-task-02050,false
2051,fixture-task-02051,false
2052,fixture-task-02052,true
2053,fixture-task-02053,false
2054,fixture-task-02054,false
2055,fixture-task-02055,true
2056,fixture-task-02056,false
2057,fixture-task-02057,false
2058,fixture-task-02058,true
2059,fixture-task-02059,false
2060,fixture-task-02060,false
2061,fixture-task-02061,true
2062,fixture-task-02062,false
2063,fixture-task-02063,false
2064,fixture-task-02064,true
2065,fixture-task-02065,false
2066,fixture-task-02066,false
2067,fixture-task-02067,true
2068,fixture-task-02068,false
2069,fixture-task-02069,false
2070,fixture-task-02070,true
2071,fixture-task-02071,false
2072,fixture-task-02072,false
2073,fixture-task-02073,true
2074,fixture-task-02074,false
2075,fixture-task-02075,false
2076,fixture-task-02076,true
2077,fixture-task-02077,false
2078,fixture-task-02078,false
2079,fixture-task-02079,true
2080,fixture-task-02080,false
2081,fixture-task-02081,false
2082,fixture-task-02082,true
2083,fixture-task-02083,false
2084,fixture-task-02084,false
2085,fixture-task-02085,true
2086,fixture-task-02086,false
2087,fixture-task-02087,false
2088,fixture-task-02088,true
2089,fixture-task-02089,false
2090,fixture-task-02090,false
2091,fixture-task-02091,true
2092,fixture-task-02092,false
2093,fixture-task-02093,false
2094,fixture-task-02094,true
2095,fixture-task-02095,false
2096,fixture-task-02096,false
2097,fixture-task-02097,true
2098,fixture-task-02098,false
2099,fixture-task-02099,false
2100,fixture-task-02100,true
2101,fixture-task-02101,false
2102,fixture-task-02102,false
2103,fixture-task-02103,true
2104,fixture-task-02104,false
2105,fixture-task-02105,false
2106,fixture-task-02106,true
2107,fixture-task-02107,false
2108,fixture-task-02108,false
2109,fixture-task-02109,true
2110,fixture-task-02110,false
2111,fixture-task-02111,false
2112,fixture-task-02112,true
2113,fixture-task-02113,false
2114,fixture-task-02114,false
2115,fixture-task-02115,true
2116,fixture-task-02116,false
2117,fixture-task-02117,false
2118,fixture-task-02118,true
2119,fixture-task-02119,false
2120,fixture-task-02120,false
2121,fixture-task-02121,true
2122,fixture-task-02122,false
2123,fixture-task-02123,false
2124,fixture-task-02124,true
2125,fixture-task-02125,false
2126,fixture-task-02126,false
2127,fixture-task-02127,true
2128,fixture-task-02128,false
2129,fixture-task-02129,false
2130,fixture-task-02130,true
2131,fixture-task-02131,false
2132,fixture-task-02132,false
2133,fixture-task-02133,true
2134,fixture-task-02134,false
2135,fixture-task-02135,false
2136,fixture-task-02136,true
2137,fixture-task-02137,false
2138,fixture-task-02138,false
2139,fixture-task-02139,true
2140,fixture-task-02140,false
2141,fixture-task-02141,false
2142,fixture-task-02142,true
2143,fixture-task-02143,false
2144,fixture-task-02144,false
2145,fixture-task-02145,true
2146,fixture-task-02146,false
2147,fixture-task-02147,false
2148,fixture-task-02148,true
2149,fixture-task-02149,false
2150,fixture-task-02150,false
2151,fixture-task-02151,true
2152,fixture-task-02152,false
2153,fixture-task-02153,false
2154,fixture-task-02154,true
2155,fixture-task-02155,false
2156,fixture-task-02156,false
2157,fixture-task-02157,true
2158,fixture-task-02158,false
2159,fixture-task-02159,false
2160,fixture-task-02160,true
2161,fixture-task-02161,false
2162,fixture-task-02162,false
2163,fixture-task-02163,true
2164,fixture-task-02164,false
2165,fixture-task-02165,false
2166,fixture-task-02166,true
2167,fixture-task-02167,false
2168,fixture-task-02168,false
2169,fixture-task-02169,true
2170,fixture-task-02170,false
2171,fixture-task-02171,false
2172,fixture-task-02172,true
2173,fixture-task-02173,false
2174,fixture-task-02174,false
2175,fixture-task-02175,true
2176,fixture-task-02176,false
2177,fixture-task-02177,false
2178,fixture-task-02178,true
2179,fixture-task-02179,false
2180,fixture-task-02180,false
2181,fixture-task-02181,true
2182,fixture-task-02182,false
2183,fixture-task-02183,false
2184,fixture-task-02184,true
2185,fixture-task-02185,false
2186,fixture-task-02186,false
2187,fixture-task-02187,true
2188,fixture-task-02188,false
2189,fixture-task-02189,false
2190,fixture-task-02190,true
2191,fixture-task-02191,false
2192,fixture-task-02192,false
2193,fixture-task-02193,true
2194,fixture-task-02194,false
2195,fixture-task-02195,false
2196,fixture-task-02196,true
2197,fixture-task-02197,false
2198,fixture-task-02198,false
2199,fixture-task-02199,true
2200,fixture-task-02200,false
2201,fixture-task-02201,false
2202,fixture-task-02202,true
2203,fixture-task-02203,false
2204,fixture-task-02204,false
2205,fixture-task-02205,true
2206,fixture-task-02206,false
2207,fixture-task-02207,false
2208,fixture-task-02208,true
2209,fixture-task-02209,false
2210,fixture-task-02210,false
2211,fixture-task-02211,true
2212,fixture-task-02212,false
2213,fixture-task-02213,false
2214,fixture-task-02214,true
2215,fixture-task-02215,false
2216,fixture-task-02216,false
2217,fixture-task-02217,true
2218,fixture-task-02218,false
2219,fixture-task-02219,false
2220,fixture-task-02220,true
2221,fixture-task-02221,false
2222,fixture-task-02222,false
2223,fixture-task-02223,true
2224,fixture-task-02224,false
2225,fixture-task-02225,false
2226,fixture-task-02226,true
2227,fixture-task-02227,false
2228,fixture-task-02228,false
2229,fixture-task-02229,true
2230,fixture-task-02230,false
2231,fixture-task-02231,false
2232,fixture-task-02232,true
2233,fixture-task-02233,false
2234,fixture-task-02234,false
2235,fixture-task-02235,true
2236,fixture-task-02236,false
2237,fixture-task-02237,false
2238,fixture-task-02238,true
2239,fixture-task-02239,false
2240,fixture-task-02240,false
2241,fixture-task-02241,true
2242,fixture-task-02242,false
2243,fixture-task-02243,false
2244,fixture-task-02244,true
2245,fixture-task-02245,false
2246,fixture-task-02246,false
2247,fixture-task-02247,true
2248,fixture-task-02248,false
2249,fixture-task-02249,false
2250,fixture-task-02250,true
2251,fixture-task-02251,false
2252,fixture-task-02252,false
2253,fixture-task-02253,true
2254,fixture-task-02254,false
2255,fixture-task-02255,false
2256,fixture-task-02256,true
2257,fixture-task-02257,false
2258,fixture-task-02258,false
2259,fixture-task-02259,true
2260,fixture-task-02260,false
2261,fixture-task-02261,false
2262,fixture-task-02262,true
2263,fixture-task-02263,false
2264,fixture-task-02264,false
2265,fixture-task-02265,true
2266,fixture-task-02266,false
2267,fixture-task-02267,false
2268,fixture-task-02268,true
2269,fixture-task-02269,false
2270,fixture-task-02270,false
2271,fixture-task-02271,true
2272,fixture-task-02272,false
2273,fixture-task-02273,false
2274,fixture-task-02274,true
2275,fixture-task-02275,false
2276,fixture-task-02276,false
2277,fixture-task-02277,true
2278,fixture-task-02278,false
2279,fixture-task-02279,false
2280,fixture-task-02280,true
2281,fixture-task-02281,false
2282,fixture-task-02282,false
2283,fixture-task-02283,true
2284,fixture-task-02284,false
2285,fixture-task-02285,false
2286,fixture-task-02286,true
2287,fixture-task-02287,false
2288,fixture-task-02288,false
2289,fixture-task-02289,true
2290,fixture-task-02290,false
2291,fixture-task-02291,false
2292,fixture-task-02292,true
2293,fixture-task-02293,false
2294,fixture-task-02294,false
2295,fixture-task-02295,true
2296,fixture-task-02296,false
2297,fixture-task-02297,false
2298,fixture-task-02298,true
2299,fixture-task-02299,false
2300,fixture-task-02300,false
2301,fixture-task-02301,true
2302,fixture-task-02302,false
2303,fixture-task-02303,false
2304,fixture-task-02304,true
2305,fixture-task-02305,false
2306,fixture-task-02306,false
2307,fixture-task-02307,true
2308,fixture-task-02308,false
2309,fixture-task-02309,false
2310,fixture-task-02310,true
2311,fixture-task-02311,false
2312,fixture-task-02312,false
2313,fixture-task-02313,true
2314,fixture-task-02314,false
2315,fixture-task-02315,false
2316,fixture-task-02316,true
2317,fixture-task-02317,false
2318,fixture-task-02318,false
2319,fixture-task-02319,true
2320,fixture-task-02320,false
2321,fixture-task-02321,false
2322,fixture-task-02322,true
2323,fixture-task-02323,false
2324,fixture-task-02324,false
2325,fixture-task-02325,true
2326,fixture-task-02326,false
2327,fixture-task-02327,false
2328,fixture-task-02328,true
2329,fixture-task-02329,false
2330,fixture-task-02330,false
2331,fixture-task-02331,true
2332,fixture-task-02332,false
2333,fixture-task-02333,false
2334,fixture-task-02334,true
2335,fixture-task-02335,false
2336,fixture-task-02336,false
2337,fixture-task-02337,true
2338,fixture-task-02338,false
2339,fixture-task-02339,false
2340,fixture-task-02340,true
2341,fixture-task-02341,false
2342,fixture-task-02342,false
2343,fixture-task-02343,true
2344,fixture-task-02344,false
2345,fixture-task-02345,false
2346,fixture-task-02346,true
2347,fixture-task-02347,false
2348,fixture-task-02348,false
2349,fixture-task-02349,true
2350,fixture-task-02350,false
2351,fixture-task-02351,false
2352,fixture-task-02352,true
2353,fixture-task-02353,false
2354,fixture-task-02354,false
2355,fixture-task-02355,true
2356,fixture-task-02356,false
2357,fixture-task-02357,false
2358,fixture-task-02358,true
2359,fixture-task-02359,false
2360,fixture-task-02360,false
2361,fixture-task-02361,true
2362,fixture-task-02362,false
2363,fixture-task-02363,false
2364,fixture-task-02364,true
2365,fixture-task-02365,false
2366,fixture-task-02366,false
2367,fixture-task-02367,true
2368,fixture-task-02368,false
2369,fixture-task-02369,false
2370,fixture-task-02370,true
2371,fixture-task-02371,false
2372,fixture-task-02372,false
2373,fixture-task-02373,true
2374,fixture-task-02374,false
2375,fixture-task-02375,false
2376,fixture-task-02376,true
2377,fixture-task-02377,false
2378,fixture-task-02378,false
2379,fixture-task-02379,true
2380,fixture-task-02380,false
2381,fixture-task-02381,false
2382,fixture-task-02382,true
2383,fixture-task-02383,false
2384,fixture-task-02384,false
2385,fixture-task-02385,true
2386,fixture-task-02386,false
2387,fixture-task-02387,false
2388,fixture-task-02388,true
2389,fixture-task-02389,false
2390,fixture-task-02390,false
2391,fixture-task-02391,true
2392,fixture-task-02392,false
2393,fixture-task-02393,false
2394,fixture-task-02394,true
2395,fixture-task-02395,false
2396,fixture-task-02396,false
2397,fixture-task-02397,true
2398,fixture-task-02398,false
2399,fixture-task-02399,false
2400,fixture-task-02400,true
2401,fixture-task-02401,false
2402,fixture-task-02402,false
2403,fixture-task-02403,true
2404,fixture-task-02404,false
2405,fixture-task-02405,false
2406,fixture-task-02406,true
2407,fixture-task-02407,false
2408,fixture-task-02408,false
2409,fixture-task-02409,true
2410,fixture-task-02410,false
2411,fixture-task-02411,false
2412,fixture-task-02412,true
2413,fixture-task-02413,false
2414,fixture-task-02414,false
2415,fixture-task-02415,true
2416,fixture-task-02416,false
2417,fixture-task-02417,false
2418,fixture-task-02418,true
2419,fixture-task-02419,false
2420,fixture-task-02420,false
2421,fixture-task-02421,true
2422,fixture-task-02422,false
2423,fixture-task-02423,false
2424,fixture-task-02424,true
2425,fixture-task-02425,false
2426,fixture-task-02426,false
2427,fixture-task-02427,true
2428,fixture-task-02428,false
2429,fixture-task-02429,false
2430,fixture-task-02430,true
2431,fixture-task-02431,false
2432,fixture-task-02432,false
2433,fixture-task-02433,true
2434,fixture-task-02434,false
2435,fixture-task-02435,false
2436,fixture-task-02436,true
2437,fixture-task-02437,false
2438,fixture-task-02438,false
2439,fixture-task-02439,true
2440,fixture-task-02440,false
2441,fixture-task-02441,false
2442,fixture-task-02442,true
2443,fixture-task-02443,false
2444,fixture-task-02444,false
2445,fixture-task-02445,true
2446,fixture-task-02446,false
2447,fixture-task-02447,false
2448,fixture-task-02448,true
2449,fixture-task-02449,false
2450,fixture-task-02450,false
2451,fixture-task-02451,true
2452,fixture-task-02452,false
2453,fixture-task-02453,false
2454,fixture-task-02454,true
2455,fixture-task-02455,false
2456,fixture-task-02456,false
2457,fixture-task-02457,true
2458,fixture-task-02458,false
2459,fixture-task-02459,false
2460,fixture-task-02460,true
2461,fixture-task-02461,false
2462,fixture-task-02462,false
2463,fixture-task-02463,true
2464,fixture-task-02464,false
2465,fixture-task-02465,false
2466,fixture-task-02466,true
2467,fixture-task-02467,false
2468,fixture-task-02468,false
2469,fixture-task-02469,true
2470,fixture-task-02470,false
2471,fixture-task-02471,false
2472,fixture-task-02472,true
2473,fixture-task-02473,false
2474,fixture-task-02474,false
2475,fixture-task-02475,true
2476,fixture-task-02476,false
2477,fixture-task-02477,false
2478,fixture-task-02478,true
2479,fixture-task-02479,false
2480,fixture-task-02480,false
2481,fixture-task-02481,true
2482,fixture-task-02482,false
2483,fixture-task-02483,false
2484,fixture-task-02484,true
2485,fixture-task-02485,false
2486,fixture-task-02486,false
2487,fixture-task-02487,true
2488,fixture-task-02488,false
2489,fixture-task-02489,false
2490,fixture-task-02490,true
2491,fixture-task-02491,false
2492,fixture-task-02492,false
2493,fixture-task-02493,true
2494,fixture-task-02494,false
2495,fixture-task-02495,false
2496,fixture-task-02496,true
2497,fixture-task-02497,false
2498,fixture-task-02498,false
2499,fixture-task-02499,true
2500,fixture-task-02500,false
2501,fixture-task-02501,false
2502,fixture-task-02502,true
2503,fixture-task-02503,false
2504,fixture-task-02504,false
2505,fixture-task-02505,true
2506,fixture-task-02506,false
2507,fixture-task-02507,false
2508,fixture-task-02508,true
2509,fixture-task-02509,false
2510,fixture-task-02510,false
2511,fixture-task-02511,true
2512,fixture-task-02512,false
2513,fixture-task-02513,false
2514,fixture-task-02514,true
2515,fixture-task-02515,false
2516,fixture-task-02516,false
2517,fixture-task-02517,true
2518,fixture-task-02518,false
2519,fixture-task-02519,false
2520,fixture-task-02520,true
2521,fixture-task-02521,false
2522,fixture-task-02522,false
2523,fixture-task-02523,true
2524,fixture-task-02524,false
2525,fixture-task-02525,false
2526,fixture-task-02526,true
2527,fixture-task-02527,false
2528,fixture-task-02528,false
2529,fixture-task-02529,true
2530,fixture-task-02530,false
2531,fixture-task-02531,false
2532,fixture-task-02532,true
2533,fixture-task-02533,false
2534,fixture-task-02534,false
2535,fixture-task-02535,true
2536,fixture-task-02536,false
2537,fixture-task-02537,false
2538,fixture-task-02538,true
2539,fixture-task-02539,false
2540,fixture-task-02540,false
2541,fixture-task-02541,true
2542,fixture-task-02542,false
2543,fixture-task-02543,false
2544,fixture-task-02544,true
2545,fixture-task-02545,false
2546,fixture-task-02546,false
2547,fixture-task-02547,true
2548,fixture-task-02548,false
2549,fixture-task-02549,false
2550,fixture-task-02550,true
2551,fixture-task-02551,false
2552,fixture-task-02552,false
2553,fixture-task-02553,true
2554,fixture-task-02554,false
2555,fixture-task-02555,false
2556,fixture-task-02556,true
2557,fixture-task-02557,false
2558,fixture-task-02558,false
2559,fixture-task-02559,true
2560,fixture-task-02560,false
2561,fixture-task-02561,false
2562,fixture-task-02562,true
2563,fixture-task-02563,false
2564,fixture-task-02564,false
2565,fixture-task-02565,true
2566,fixture-task-02566,false
2567,fixture-task-02567,false
2568,fixture-task-02568,true
2569,fixture-task-02569,false
2570,fixture-task-02570,false
2571,fixture-task-02571,true
2572,fixture-task-02572,false
2573,fixture-task-02573,false
2574,fixture-task-02574,true
2575,fixture-task-02575,false
2576,fixture-task-02576,false
2577,fixture-task-02577,true
2578,fixture-task-02578,false
2579,fixture-task-02579,false
2580,fixture-task-02580,true
2581,fixture-task-02581,false
2582,fixture-task-02582,false
2583,fixture-task-02583,true
2584,fixture-task-02584,false
2585,fixture-task-02585,false
2586,fixture-task-02586,true
2587,fixture-task-02587,false
2588,fixture-task-02588,false
2589,fixture-task-02589,true
2590,fixture-task-02590,false
2591,fixture-task-02591,false
2592,fixture-task-02592,true
2593,fixture-task-02593,false
2594,fixture-task-02594,false
2595,fixture-task-02595,true
2596,fixture-task-02596,false
2597,fixture-task-02597,false
2598,fixture-task-02598,true
2599,fixture-task-02599,false
2600,fixture-task-02600,false
2601,fixture-task-02601,true
2602,fixture-task-02602,false
2603,fixture-task-02603,false
2604,fixture-task-02604,true
2605,fixture-task-02605,false
2606,fixture-task-02606,false
2607,fixture-task-02607,true
2608,fixture-task-02608,false
2609,fixture-task-02609,false
2610,fixture-task-02610,true
2611,fixture-task-02611,false
2612,fixture-task-02612,false
2613,fixture-task-02613,true
2614,fixture-task-02614,false
2615,fixture-task-02615,false
2616,fixture-task-02616,true
2617,fixture-task-02617,false
2618,fixture-task-02618,false
2619,fixture-task-02619,true
2620,fixture-task-02620,false
2621,fixture-task-02621,false
2622,fixture-task-02622,true
2623,fixture-task-02623,false
2624,fixture-task-02624,false
2625,fixture-task-02625,true
2626,fixture-task-02626,false
2627,fixture-task-02627,false
2628,fixture-task-02628,true
2629,fixture-task-02629,false
2630,fixture-task-02630,false
2631,fixture-task-02631,true
2632,fixture-task-02632,false
2633,fixture-task-02633,false
2634,fixture-task-02634,true
2635,fixture-task-02635,false
2636,fixture-task-02636,false
2637,fixture-task-02637,true
2638,fixture-task-02638,false
2639,fixture-task-02639,false
2640,fixture-task-02640,true
2641,fixture-task-02641,false
2642,fixture-task-02642,false
2643,fixture-task-02643,true
2644,fixture-task-02644,false
2645,fixture-task-02645,false
2646,fixture-task-02646,true
2647,fixture-task-02647,false
2648,fixture-task-02648,false
2649,fixture-task-02649,true
2650,fixture-task-02650,false
2651,fixture-task-02651,false
2652,fixture-task-02652,true
2653,fixture-task-02653,false
2654,fixture-task-02654,false
2655,fixture-task-02655,true
2656,fixture-task-02656,false
2657,fixture-task-02657,false
2658,fixture-task-02658,true
2659,fixture-task-02659,false
2660,fixture-task-02660,false
2661,fixture-task-02661,true
2662,fixture-task-02662,false
2663,fixture-task-02663,false
2664,fixture-task-02664,true
2665,fixture-task-02665,false
2666,fixture-task-02666,false
2667,fixture-task-02667,true
2668,fixture-task-02668,false
2669,fixture-task-02669,false
2670,fixture-task-02670,true
2671,fixture-task-02671,false
2672,fixture-task-02672,false
2673,fixture-task-02673,true
2674,fixture-task-02674,false
2675,fixture-task-02675,false
2676,fixture-task-02676,true
2677,fixture-task-02677,false
2678,fixture-task-02678,false
2679,fixture-task-02679,true
2680,fixture-task-02680,false
2681,fixture-task-02681,false
2682,fixture-task-02682,true
2683,fixture-task-02683,false
2684,fixture-task-02684,false
2685,fixture-task-02685,true
2686,fixture-task-02686,false
2687,fixture-task-02687,false
2688,fixture-task-02688,true
2689,fixture-task-02689,false
2690,fixture-task-02690,false
2691,fixture-task-02691,true
2692,fixture-task-02692,false
2693,fixture-task-02693,false
2694,fixture-task-02694,true
2695,fixture-task-02695,false
2696,fixture-task-02696,false
2697,fixture-task-02697,true
2698,fixture-task-02698,false
2699,fixture-task-02699,false
2700,fixture-task-02700,true
2701,fixture-task-02701,false
2702,fixture-task-02702,false
2703,fixture-task-02703,true
2704,fixture-task-02704,false
2705,fixture-task-02705,false
2706,fixture-task-02706,true
2707,fixture-task-02707,false
2708,fixture-task-02708,false
2709,fixture-task-02709,true
2710,fixture-task-02710,false
2711,fixture-task-02711,false
2712,fixture-task-02712,true
2713,fixture-task-02713,false
2714,fixture-task-02714,false
2715,fixture-task-02715,true
2716,fixture-task-02716,false
2717,fixture-task-02717,false
2718,fixture-task-02718,true
2719,fixture-task-02719,false
2720,fixture-task-02720,false
2721,fixture-task-02721,true
2722,fixture-task-02722,false
2723,fixture-task-02723,false
2724,fixture-task-02724,true
2725,fixture-task-02725,false
2726,fixture-task-02726,false
2727,fixture-task-02727,true
2728,fixture-task-02728,false
2729,fixture-task-02729,false
2730,fixture-task-02730,true
2731,fixture-task-02731,false
2732,fixture-task-02732,false
2733,fixture-task-02733,true
2734,fixture-task-02734,false
2735,fixture-task-02735,false
2736,fixture-task-02736,true
2737,fixture-task-02737,false
2738,fixture-task-02738,false
2739,fixture-task-02739,true
2740,fixture-task-02740,false
2741,fixture-task-02741,false
2742,fixture-task-02742,true
2743,fixture-task-02743,false
2744,fixture-task-02744,false
2745,fixture-task-02745,true
2746,fixture-task-02746,false
2747,fixture-task-02747,false
2748,fixture-task-02748,true
2749,fixture-task-02749,false
2750,fixture-task-02750,false
2751,fixture-task-02751,true
2752,fixture-task-02752,false
2753,fixture-task-02753,false
2754,fixture-task-02754,true
2755,fixture-task-02755,false
2756,fixture-task-02756,false
2757,fixture-task-02757,true
2758,fixture-task-02758,false
2759,fixture-task-02759,false
2760,fixture-task-02760,true
2761,fixture-task-02761,false
2762,fixture-task-02762,false
2763,fixture-task-02763,true
2764,fixture-task-02764,false
2765,fixture-task-02765,false
2766,fixture-task-02766,true
2767,fixture-task-02767,false
2768,fixture-task-02768,false
2769,fixture-task-02769,true
2770,fixture-task-02770,false
2771,fixture-task-02771,false
2772,fixture-task-02772,true
2773,fixture-task-02773,false
2774,fixture-task-02774,false
2775,fixture-task-02775,true
2776,fixture-task-02776,false
2777,fixture-task-02777,false
2778,fixture-task-02778,true
2779,fixture-task-02779,false
2780,fixture-task-02780,false
2781,fixture-task-02781,true
2782,fixture-task-02782,false
2783,fixture-task-02783,false
2784,fixture-task-02784,true
2785,fixture-task-02785,false
2786,fixture-task-02786,false
2787,fixture-task-02787,true
2788,fixture-task-02788,false
2789,fixture-task-02789,false
2790,fixture-task-02790,true
2791,fixture-task-02791,false
2792,fixture-task-02792,false
2793,fixture-task-02793,true
2794,fixture-task-02794,false
2795,fixture-task-02795,false
2796,fixture-task-02796,true
2797,fixture-task-02797,false
2798,fixture-task-02798,false
2799,fixture-task-02799,true
2800,fixture-task-02800,false
2801,fixture-task-02801,false
2802,fixture-task-02802,true
2803,fixture-task-02803,false
2804,fixture-task-02804,false
2805,fixture-task-02805,true
2806,fixture-task-02806,false
2807,fixture-task-02807,false
2808,fixture-task-02808,true
2809,fixture-task-02809,false
2810,fixture-task-02810,false
2811,fixture-task-02811,true
2812,fixture-task-02812,false
2813,fixture-task-02813,false
2814,fixture-task-02814,true
2815,fixture-task-02815,false
2816,fixture-task-02816,false
2817,fixture-task-02817,true
2818,fixture-task-02818,false
2819,fixture-task-02819,false
2820,fixture-task-02820,true
2821,fixture-task-02821,false
2822,fixture-task-02822,false
2823,fixture-task-02823,true
2824,fixture-task-02824,false
2825,fixture-task-02825,false
2826,fixture-task-02826,true
2827,fixture-task-02827,false
2828,fixture-task-02828,false
2829,fixture-task-02829,true
2830,fixture-task-02830,false
2831,fixture-task-02831,false
2832,fixture-task-02832,true
2833,fixture-task-02833,false
2834,fixture-task-02834,false
2835,fixture-task-02835,true
2836,fixture-task-02836,false
2837,fixture-task-02837,false
2838,fixture-task-02838,true
2839,fixture-task-02839,false
2840,fixture-task-02840,false
2841,fixture-task-02841,true
2842,fixture-task-02842,false
2843,fixture-task-02843,false
2844,fixture-task-02844,true
2845,fixture-task-02845,false
2846,fixture-task-02846,false
2847,fixture-task-02847,true
2848,fixture-task-02848,false
2849,fixture-task-02849,false
2850,fixture-task-02850,true
2851,fixture-task-02851,false
2852,fixture-task-02852,false
2853,fixture-task-02853,true
2854,fixture-task-02854,false
2855,fixture-task-02855,false
2856,fixture-task-02856,true
2857,fixture-task-02857,false
2858,fixture-task-02858,false
2859,fixture-task-02859,true
2860,fixture-task-02860,false
2861,fixture-task-02861,false
2862,fixture-task-02862,true
2863,fixture-task-02863,false
2864,fixture-task-02864,false
2865,fixture-task-02865,true
2866,fixture-task-02866,false
2867,fixture-task-02867,false
2868,fixture-task-02868,true
2869,fixture-task-02869,false
2870,fixture-task-02870,false
2871,fixture-task-02871,true
2872,fixture-task-02872,false
2873,fixture-task-02873,false
2874,fixture-task-02874,true
2875,fixture-task-02875,false
2876,fixture-task-02876,false
2877,fixture-task-02877,true
2878,fixture-task-02878,false
2879,fixture-task-02879,false
2880,fixture-task-02880,true
2881,fixture-task-02881,false
2882,fixture-task-02882,false
2883,fixture-task-02883,true
2884,fixture-task-02884,false
2885,fixture-task-02885,false
2886,fixture-task-02886,true
2887,fixture-task-02887,false
2888,fixture-task-02888,false
2889,fixture-task-02889,true
2890,fixture-task-02890,false
2891,fixture-task-02891,false
2892,fixture-task-02892,true
2893,fixture-task-02893,false
2894,fixture-task-02894,false
2895,fixture-task-02895,true
2896,fixture-task-02896,false
2897,fixture-task-02897,false
2898,fixture-task-02898,true
2899,fixture-task-02899,false
2900,fixture-task-02900,false
2901,fixture-task-02901,true
2902,fixture-task-02902,false
2903,fixture-task-02903,false
2904,fixture-task-02904,true
2905,fixture-task-02905,false
2906,fixture-task-02906,false
2907,fixture-task-02907,true
2908,fixture-task-02908,false
2909,fixture-task-02909,false
2910,fixture-task-02910,true
2911,fixture-task-02911,false
2912,fixture-task-02912,false
2913,fixture-task-02913,true
2914,fixture-task-02914,false
2915,fixture-task-02915,false
2916,fixture-task-02916,true
2917,fixture-task-02917,false
2918,fixture-task-02918,false
2919,fixture-task-02919,true
2920,fixture-task-02920,false
2921,fixture-task-02921,false
2922,fixture-task-02922,true
2923,fixture-task-02923,false
2924,fixture-task-02924,false
2925,fixture-task-02925,true
2926,fixture-task-02926,false
2927,fixture-task-02927,false
2928,fixture-task-02928,true
2929,fixture-task-02929,false
2930,fixture-task-02930,false
2931,fixture-task-02931,true
2932,fixture-task-02932,false
2933,fixture-task-02933,false
2934,fixture-task-02934,true
2935,fixture-task-02935,false
2936,fixture-task-02936,false
2937,fixture-task-02937,true
2938,fixture-task-02938,false
2939,fixture-task-02939,false
2940,fixture-task-02940,true
2941,fixture-task-02941,false
2942,fixture-task-02942,false
2943,fixture-task-02943,true
2944,fixture-task-02944,false
2945,fixture-task-02945,false
2946,fixture-task-02946,true
2947,fixture-task-02947,false
2948,fixture-task-02948,false
2949,fixture-task-02949,true
2950,fixture-task-02950,false
2951,fixture-task-02951,false
2952,fixture-task-02952,true
2953,fixture-task-02953,false
2954,fixture-task-02954,false
2955,fixture-task-02955,true
2956,fixture-task-02956,false
2957,fixture-task-02957,false
2958,fixture-task-02958,true
2959,fixture-task-02959,false
2960,fixture-task-02960,false
2961,fixture-task-02961,true
2962,fixture-task-02962,false
2963,fixture-task-02963,false
2964,fixture-task-02964,true
2965,fixture-task-02965,false
2966,fixture-task-02966,false
2967,fixture-task-02967,true
2968,fixture-task-02968,false
2969,fixture-task-02969,false
2970,fixture-task-02970,true
2971,fixture-task-02971,false
2972,fixture-task-02972,false
2973,fixture-task-02973,true
2974,fixture-task-02974,false
2975,fixture-task-02975,false
2976,fixture-task-02976,true
2977,fixture-task-02977,false
2978,fixture-task-02978,false
2979,fixture-task-02979,true
2980,fixture-task-02980,false
2981,fixture-task-02981,false
2982,fixture-task-02982,true
2983,fixture-task-02983,false
2984,fixture-task-02984,false
2985,fixture-task-02985,true
2986,fixture-task-02986,false
2987,fixture-task-02987,false
2988,fixture-task-02988,true
2989,fixture-task-02989,false
2990,fixture-task-02990,false
2991,fixture-task-02991,true
2992,fixture-task-02992,false
2993,fixture-task-02993,false
2994,fixture-task-02994,true
2995,fixture-task-02995,false
2996,fixture-task-02996,false
2997,fixture-task-02997,true
2998,fixture-task-02998,false
2999,fixture-task-02999,false
3000,fixture-task-03000,true
3001,fixture-task-03001,false
3002,fixture-task-03002,false
3003,fixture-task-03003,true
3004,fixture-task-03004,false
3005,fixture-task-03005,false
3006,fixture-task-03006,true
3007,fixture-task-03007,false
3008,fixture-task-03008,false
3009,fixture-task-03009,true
3010,fixture-task-03010,false
3011,fixture-task-03011,false
3012,fixture-task-03012,true
3013,fixture-task-03013,false
3014,fixture-task-03014,false
3015,fixture-task-03015,true
3016,fixture-task-03016,false
3017,fixture-task-03017,false
3018,fixture-task-03018,true
3019,fixture-task-03019,false
3020,fixture-task-03020,false
3021,fixture-task-03021,true
3022,fixture-task-03022,false
3023,fixture-task-03023,false
3024,fixture-task-03024,true
3025,fixture-task-03025,false
3026,fixture-task-03026,false
3027,fixture-task-03027,true
3028,fixture-task-03028,false
3029,fixture-task-03029,false
3030,fixture-task-03030,true
3031,fixture-task-03031,false
3032,fixture-task-03032,false
3033,fixture-task-03033,true
3034,fixture-task-03034,false
3035,fixture-task-03035,false
3036,fixture-task-03036,true
3037,fixture-task-03037,false
3038,fixture-task-03038,false
3039,fixture-task-03039,true
3040,fixture-task-03040,false
3041,fixture-task-03041,false
3042,fixture-task-03042,true
3043,fixture-task-03043,false
3044,fixture-task-03044,false
3045,fixture-task-03045,true
3046,fixture-task-03046,false
3047,fixture-task-03047,false
3048,fixture-task-03048,true
3049,fixture-task-03049,false
3050,fixture-task-03050,false
3051,fixture-task-03051,true
3052,fixture-task-03052,false
3053,fixture-task-03053,false
3054,fixture-task-03054,true
3055,fixture-task-03055,false
3056,fixture-task-03056,false
3057,fixture-task-03057,true
3058,fixture-task-03058,false
3059,fixture-task-03059,false
3060,fixture-task-03060,true
3061,fixture-task-03061,false
3062,fixture-task-03062,false
3063,fixture-task-03063,true
3064,fixture-task-03064,false
3065,fixture-task-03065,false
3066,fixture-task-03066,true
3067,fixture-task-03067,false
3068,fixture-task-03068,false
3069,fixture-task-03069,true
3070,fixture-task-03070,false
3071,fixture-task-03071,false
3072,fixture-task-03072,true
3073,fixture-task-03073,false
3074,fixture-task-03074,false
3075,fixture-task-03075,true
3076,fixture-task-03076,false
3077,fixture-task-03077,false
3078,fixture-task-03078,true
3079,fixture-task-03079,false
3080,fixture-task-03080,false
3081,fixture-task-03081,true
3082,fixture-task-03082,false
3083,fixture-task-03083,false
3084,fixture-task-03084,true
3085,fixture-task-03085,false
3086,fixture-task-03086,false
3087,fixture-task-03087,true
3088,fixture-task-03088,false
3089,fixture-task-03089,false
3090,fixture-task-03090,true
3091,fixture-task-03091,false
3092,fixture-task-03092,false
3093,fixture-task-03093,true
3094,fixture-task-03094,false
3095,fixture-task-03095,false
3096,fixture-task-03096,true
3097,fixture-task-03097,false
3098,fixture-task-03098,false
3099,fixture-task-03099,true
3100,fixture-task-03100,false
3101,fixture-task-03101,false
3102,fixture-task-03102,true
3103,fixture-task-03103,false
3104,fixture-task-03104,false
3105,fixture-task-03105,true
3106,fixture-task-03106,false
3107,fixture-task-03107,false
3108,fixture-task-03108,true
3109,fixture-task-03109,false
3110,fixture-task-03110,false
3111,fixture-task-03111,true
3112,fixture-task-03112,false
3113,fixture-task-03113,false
3114,fixture-task-03114,true
3115,fixture-task-03115,false
3116,fixture-task-03116,false
3117,fixture-task-03117,true
3118,fixture-task-03118,false
3119,fixture-task-03119,false
3120,fixture-task-03120,true
3121,fixture-task-03121,false
3122,fixture-task-03122,false
3123,fixture-task-03123,true
3124,fixture-task-03124,false
3125,fixture-task-03125,false
3126,fixture-task-03126,true
3127,fixture-task-03127,false
3128,fixture-task-03128,false
3129,fixture-task-03129,true
3130,fixture-task-03130,false
3131,fixture-task-03131,false
3132,fixture-task-03132,true
3133,fixture-task-03133,false
3134,fixture-task-03134,false
3135,fixture-task-03135,true
3136,fixture-task-03136,false
3137,fixture-task-03137,false
3138,fixture-task-03138,true
3139,fixture-task-03139,false
3140,fixture-task-03140,false
3141,fixture-task-03141,true
3142,fixture-task-03142,false
3143,fixture-task-03143,false
3144,fixture-task-03144,true
3145,fixture-task-03145,false
3146,fixture-task-03146,false
3147,fixture-task-03147,true
3148,fixture-task-03148,false
3149,fixture-task-03149,false
3150,fixture-task-03150,true
3151,fixture-task-03151,false
3152,fixture-task-03152,false
3153,fixture-task-03153,true
3154,fixture-task-03154,false
3155,fixture-task-03155,false
3156,fixture-task-03156,true
3157,fixture-task-03157,false
3158,fixture-task-03158,false
3159,fixture-task-03159,true
3160,fixture-task-03160,false
3161,fixture-task-03161,false
3162,fixture-task-03162,true
3163,fixture-task-03163,false
3164,fixture-task-03164,false
3165,fixture-task-03165,true
3166,fixture-task-03166,false
3167,fixture-task-03167,false
3168,fixture-task-03168,true
3169,fixture-task-03169,false
3170,fixture-task-03170,false
3171,fixture-task-03171,true
3172,fixture-task-03172,false
3173,fixture-task-03173,false
3174,fixture-task-03174,true
3175,fixture-task-03175,false
3176,fixture-task-03176,false
3177,fixture-task-03177,true
3178,fixture-task-03178,false
3179,fixture-task-03179,false
3180,fixture-task-03180,true
3181,fixture-task-03181,false
3182,fixture-task-03182,false
3183,fixture-task-03183,true
3184,fixture-task-03184,false
3185,fixture-task-03185,false
3186,fixture-task-03186,true
3187,fixture-task-03187,false
3188,fixture-task-03188,false
3189,fixture-task-03189,true
3190,fixture-task-03190,false
3191,fixture-task-03191,false
3192,fixture-task-03192,true
3193,fixture-task-03193,false
3194,fixture-task-03194,false
3195,fixture-task-03195,true
3196,fixture-task-03196,false
3197,fixture-task-03197,false
3198,fixture-task-03198,true
3199,fixture-task-03199,false
3200,fixture-task-03200,false
3201,fixture-task-03201,true
3202,fixture-task-03202,false
3203,fixture-task-03203,false
3204,fixture-task-03204,true
3205,fixture-task-03205,false
3206,fixture-task-03206,false
3207,fixture-task-03207,true
3208,fixture-task-03208,false
3209,fixture-task-03209,false
3210,fixture-task-03210,true
3211,fixture-task-03211,false
3212,fixture-task-03212,false
3213,fixture-task-03213,true
3214,fixture-task-03214,false
3215,fixture-task-03215,false
3216,fixture-task-03216,true
3217,fixture-task-03217,false
3218,fixture-task-03218,false
3219,fixture-task-03219,true
3220,fixture-task-03220,false
3221,fixture-task-03221,false
3222,fixture-task-03222,true
3223,fixture-task-03223,false
3224,fixture-task-03224,false
3225,fixture-task-03225,true
3226,fixture-task-03226,false
3227,fixture-task-03227,false
3228,fixture-task-03228,true
3229,fixture-task-03229,false
3230,fixture-task-03230,false
3231,fixture-task-03231,true
3232,fixture-task-03232,false
3233,fixture-task-03233,false
3234,fixture-task-03234,true
3235,fixture-task-03235,false
3236,fixture-task-03236,false
3237,fixture-task-03237,true
3238,fixture-task-03238,false
3239,fixture-task-03239,false
3240,fixture-task-03240,true
3241,fixture-task-03241,false
3242,fixture-task-03242,false
3243,fixture-task-03243,true
3244,fixture-task-03244,false
3245,fixture-task-03245,false
3246,fixture-task-03246,true
3247,fixture-task-03247,false
3248,fixture-task-03248,false
3249,fixture-task-03249,true
3250,fixture-task-03250,false
3251,fixture-task-03251,false
3252,fixture-task-03252,true
3253,fixture-task-03253,false
3254,fixture-task-03254,false
3255,fixture-task-03255,true
3256,fixture-task-03256,false
3257,fixture-task-03257,false
3258,fixture-task-03258,true
3259,fixture-task-03259,false
3260,fixture-task-03260,false
3261,fixture-task-03261,true
3262,fixture-task-03262,false
3263,fixture-task-03263,false
3264,fixture-task-03264,true
3265,fixture-task-03265,false
3266,fixture-task-03266,false
3267,fixture-task-03267,true
3268,fixture-task-03268,false
3269,fixture-task-03269,false
3270,fixture-task-03270,true
3271,fixture-task-03271,false
3272,fixture-task-03272,false
3273,fixture-task-03273,true
3274,fixture-task-03274,false
3275,fixture-task-03275,false
3276,fixture-task-03276,true
3277,fixture-task-03277,false
3278,fixture-task-03278,false
3279,fixture-task-03279,true
3280,fixture-task-03280,false
3281,fixture-task-03281,false
3282,fixture-task-03282,true
3283,fixture-task-03283,false
3284,fixture-task-03284,false
3285,fixture-task-03285,true
3286,fixture-task-03286,false
3287,fixture-task-03287,false
3288,fixture-task-03288,true
3289,fixture-task-03289,false
3290,fixture-task-03290,false
3291,fixture-task-03291,true
3292,fixture-task-03292,false
3293,fixture-task-03293,false
3294,fixture-task-03294,true
3295,fixture-task-03295,false
3296,fixture-task-03296,false
3297,fixture-task-03297,true
3298,fixture-task-03298,false
3299,fixture-task-03299,false
3300,fixture-task-03300,true
3301,fixture-task-03301,false
3302,fixture-task-03302,false
3303,fixture-task-03303,true
3304,fixture-task-03304,false
3305,fixture-task-03305,false
3306,fixture-task-03306,true
3307,fixture-task-03307,false
3308,fixture-task-03308,false
3309,fixture-task-03309,true
3310,fixture-task-03310,false
3311,fixture-task-03311,false
3312,fixture-task-03312,true
3313,fixture-task-03313,false
3314,fixture-task-03314,false
3315,fixture-task-03315,true
3316,fixture-task-03316,false
3317,fixture-task-03317,false
3318,fixture-task-03318,true
3319,fixture-task-03319,false
3320,fixture-task-03320,false
3321,fixture-task-03321,true
3322,fixture-task-03322,false
3323,fixture-task-03323,false
3324,fixture-task-03324,true
3325,fixture-task-03325,false
3326,fixture-task-03326,false
3327,fixture-task-03327,true
3328,fixture-task-03328,false
3329,fixture-task-03329,false
3330,fixture-task-03330,true
3331,fixture-task-03331,false
3332,fixture-task-03332,false
3333,fixture-task-03333,true
3334,fixture-task-03334,false
3335,fixture-task-03335,false
3336,fixture-task-03336,true
3337,fixture-task-03337,false
3338,fixture-task-03338,false
3339,fixture-task-03339,true
3340,fixture-task-03340,false
3341,fixture-task-03341,false
3342,fixture-task-03342,true
3343,fixture-task-03343,false
3344,fixture-task-03344,false
3345,fixture-task-03345,true
3346,fixture-task-03346,false
3347,fixture-task-03347,false
3348,fixture-task-03348,true
3349,fixture-task-03349,false
3350,fixture-task-03350,false
3351,fixture-task-03351,true
3352,fixture-task-03352,false
3353,fixture-task-03353,false
3354,fixture-task-03354,true
3355,fixture-task-03355,false
3356,fixture-task-03356,false
3357,fixture-task-03357,true
3358,fixture-task-03358,false
3359,fixture-task-03359,false
3360,fixture-task-03360,true
3361,fixture-task-03361,false
3362,fixture-task-03362,false
3363,fixture-task-03363,true
3364,fixture-task-03364,false
3365,fixture-task-03365,false
3366,fixture-task-03366,true
3367,fixture-task-03367,false
3368,fixture-task-03368,false
3369,fixture-task-03369,true
3370,fixture-task-03370,false
3371,fixture-task-03371,false
3372,fixture-task-03372,true
3373,fixture-task-03373,false
3374,fixture-task-03374,false
3375,fixture-task-03375,true
3376,fixture-task-03376,false
3377,fixture-task-03377,false
3378,fixture-task-03378,true
3379,fixture-task-03379,false
3380,fixture-task-03380,false
3381,fixture-task-03381,true
3382,fixture-task-03382,false
3383,fixture-task-03383,false
3384,fixture-task-03384,true
3385,fixture-task-03385,false
3386,fixture-task-03386,false
3387,fixture-task-03387,true
3388,fixture-task-03388,false
3389,fixture-task-03389,false
3390,fixture-task-03390,true
3391,fixture-task-03391,false
3392,fixture-task-03392,false
3393,fixture-task-03393,true
3394,fixture-task-03394,false
3395,fixture-task-03395,false
3396,fixture-task-03396,true
3397,fixture-task-03397,false
3398,fixture-task-03398,false
3399,fixture-task-03399,true
3400,fixture-task-03400,false
3401,fixture-task-03401,false
3402,fixture-task-03402,true
3403,fixture-task-03403,false
3404,fixture-task-03404,false
3405,fixture-task-03405,true
3406,fixture-task-03406,false
3407,fixture-task-03407,false
3408,fixture-task-03408,true
3409,fixture-task-03409,false
3410,fixture-task-03410,false
3411,fixture-task-03411,true
3412,fixture-task-03412,false
3413,fixture-task-03413,false
3414,fixture-task-03414,true
3415,fixture-task-03415,false
3416,fixture-task-03416,false
3417,fixture-task-03417,true
3418,fixture-task-03418,false
3419,fixture-task-03419,false
3420,fixture-task-03420,true
3421,fixture-task-03421,false
3422,fixture-task-03422,false
3423,fixture-task-03423,true
3424,fixture-task-03424,false
3425,fixture-task-03425,false
3426,fixture-task-03426,true
3427,fixture-task-03427,false
3428,fixture-task-03428,false
3429,fixture-task-03429,true
3430,fixture-task-03430,false
3431,fixture-task-03431,false
3432,fixture-task-03432,true
3433,fixture-task-03433,false
3434,fixture-task-03434,false
3435,fixture-task-03435,true
3436,fixture-task-03436,false
3437,fixture-task-03437,false
3438,fixture-task-03438,true
3439,fixture-task-03439,false
3440,fixture-task-03440,false
3441,fixture-task-03441,true
3442,fixture-task-03442,false
3443,fixture-task-03443,false
3444,fixture-task-03444,true
3445,fixture-task-03445,false
3446,fixture-task-03446,false
3447,fixture-task-03447,true
3448,fixture-task-03448,false
3449,fixture-task-03449,false
3450,fixture-task-03450,true
3451,fixture-task-03451,false
3452,fixture-task-03452,false
3453,fixture-task-03453,true
3454,fixture-task-03454,false
3455,fixture-task-03455,false
3456,fixture-task-03456,true
3457,fixture-task-03457,false
3458,fixture-task-03458,false
3459,fixture-task-03459,true
3460,fixture-task-03460,false
3461,fixture-task-03461,false
3462,fixture-task-03462,true
3463,fixture-task-03463,false
3464,fixture-task-03464,false
3465,fixture-task-03465,true
3466,fixture-task-03466,false
3467,fixture-task-03467,false
3468,fixture-task-03468,true
3469,fixture-task-03469,false
3470,fixture-task-03470,false
3471,fixture-task-03471,true
3472,fixture-task-03472,false
3473,fixture-task-03473,false
3474,fixture-task-03474,true
3475,fixture-task-03475,false
3476,fixture-task-03476,false
3477,fixture-task-03477,true
3478,fixture-task-03478,false
3479,fixture-task-03479,false
3480,fixture-task-03480,true
3481,fixture-task-03481,false
3482,fixture-task-03482,false
3483,fixture-task-03483,true
3484,fixture-task-03484,false
3485,fixture-task-03485,false
3486,fixture-task-03486,true
3487,fixture-task-03487,false
3488,fixture-task-03488,false
3489,fixture-task-03489,true
3490,fixture-task-03490,false
3491,fixture-task-03491,false
3492,fixture-task-03492,true
3493,fixture-task-03493,false
3494,fixture-task-03494,false
3495,fixture-task-03495,true
3496,fixture-task-03496,false
3497,fixture-task-03497,false
3498,fixture-task-03498,true
3499,fixture-task-03499,false
3500,fixture-task-03500,false
3501,fixture-task-03501,true
3502,fixture-task-03502,false
3503,fixture-task-03503,false
3504,fixture-task-03504,true
3505,fixture-task-03505,false
3506,fixture-task-03506,false
3507,fixture-task-03507,true
3508,fixture-task-03508,false
3509,fixture-task-03509,false
3510,fixture-task-03510,true
3511,fixture-task-03511,false
3512,fixture-task-03512,false
3513,fixture-task-03513,true
3514,fixture-task-03514,false
3515,fixture-task-03515,false
3516,fixture-task-03516,true
3517,fixture-task-03517,false
3518,fixture-task-03518,false
3519,fixture-task-03519,true
3520,fixture-task-03520,false
3521,fixture-task-03521,false
3522,fixture-task-03522,true
3523,fixture-task-03523,false
3524,fixture-task-03524,false
3525,fixture-task-03525,true
3526,fixture-task-03526,false
3527,fixture-task-03527,false
3528,fixture-task-03528,true
3529,fixture-task-03529,false
3530,fixture-task-03530,false
3531,fixture-task-03531,true
3532,fixture-task-03532,false
3533,fixture-task-03533,false
3534,fixture-task-03534,true
3535,fixture-task-03535,false
3536,fixture-task-03536,false
3537,fixture-task-03537,true
3538,fixture-task-03538,false
3539,fixture-task-03539,false
3540,fixture-task-03540,true
3541,fixture-task-03541,false
3542,fixture-task-03542,false
3543,fixture-task-03543,true
3544,fixture-task-03544,false
3545,fixture-task-03545,false
3546,fixture-task-03546,true
3547,fixture-task-03547,false
3548,fixture-task-03548,false
3549,fixture-task-03549,true
3550,fixture-task-03550,false
3551,fixture-task-03551,false
3552,fixture-task-03552,true
3553,fixture-task-03553,false
3554,fixture-task-03554,false
3555,fixture-task-03555,true
3556,fixture-task-03556,false
3557,fixture-task-03557,false
3558,fixture-task-03558,true
3559,fixture-task-03559,false
3560,fixture-task-03560,false
3561,fixture-task-03561,true
3562,fixture-task-03562,false
3563,fixture-task-03563,false
3564,fixture-task-03564,true
3565,fixture-task-03565,false
3566,fixture-task-03566,false
3567,fixture-task-03567,true
3568,fixture-task-03568,false
3569,fixture-task-03569,false
3570,fixture-task-03570,true
3571,fixture-task-03571,false
3572,fixture-task-03572,false
3573,fixture-task-03573,true
3574,fixture-task-03574,false
3575,fixture-task-03575,false
3576,fixture-task-03576,true
3577,fixture-task-03577,false
3578,fixture-task-03578,false
3579,fixture-task-03579,true
3580,fixture-task-03580,false
3581,fixture-task-03581,false
3582,fixture-task-03582,true
3583,fixture-task-03583,false
3584,fixture-task-03584,false
3585,fixture-task-03585,true
3586,fixture-task-03586,false
3587,fixture-task-03587,false
3588,fixture-task-03588,true
3589,fixture-task-03589,false
3590,fixture-task-03590,false
3591,fixture-task-03591,true
3592,fixture-task-03592,false
3593,fixture-task-03593,false
3594,fixture-task-03594,true
3595,fixture-task-03595,false
3596,fixture-task-03596,false
3597,fixture-task-03597,true
3598,fixture-task-03598,false
3599,fixture-task-03599,false
3600,fixture-task-03600,true
3601,fixture-task-03601,false
3602,fixture-task-03602,false
3603,fixture-task-03603,true
3604,fixture-task-03604,false
3605,fixture-task-03605,false
3606,fixture-task-03606,true
3607,fixture-task-03607,false
3608,fixture-task-03608,false
3609,fixture-task-03609,true
3610,fixture-task-03610,false
3611,fixture-task-03611,false
3612,fixture-task-03612,true
3613,fixture-task-03613,false
3614,fixture-task-03614,false
3615,fixture-task-03615,true
3616,fixture-task-03616,false
3617,fixture-task-03617,false
3618,fixture-task-03618,true
3619,fixture-task-03619,false
3620,fixture-task-03620,false
3621,fixture-task-03621,true
3622,fixture-task-03622,false
3623,fixture-task-03623,false
3624,fixture-task-03624,true
3625,fixture-task-03625,false
3626,fixture-task-03626,false
3627,fixture-task-03627,true
3628,fixture-task-03628,false
3629,fixture-task-03629,false
3630,fixture-task-03630,true
3631,fixture-task-03631,false
3632,fixture-task-03632,false
3633,fixture-task-03633,true
3634,fixture-task-03634,false
3635,fixture-task-03635,false
3636,fixture-task-03636,true
3637,fixture-task-03637,false
3638,fixture-task-03638,false
3639,fixture-task-03639,true
3640,fixture-task-03640,false
3641,fixture-task-03641,false
3642,fixture-task-03642,true
3643,fixture-task-03643,false
3644,fixture-task-03644,false
3645,fixture-task-03645,true
3646,fixture-task-03646,false
3647,fixture-task-03647,false
3648,fixture-task-03648,true
3649,fixture-task-03649,false
3650,fixture-task-03650,false
3651,fixture-task-03651,true
3652,fixture-task-03652,false
3653,fixture-task-03653,false
3654,fixture-task-03654,true
3655,fixture-task-03655,false
3656,fixture-task-03656,false
3657,fixture-task-03657,true
3658,fixture-task-03658,false
3659,fixture-task-03659,false
3660,fixture-task-03660,true
3661,fixture-task-03661,false
3662,fixture-task-03662,false
3663,fixture-task-03663,true
3664,fixture-task-03664,false
3665,fixture-task-03665,false
3666,fixture-task-03666,true
3667,fixture-task-03667,false
3668,fixture-task-03668,false
3669,fixture-task-03669,true
3670,fixture-task-03670,false
3671,fixture-task-03671,false
3672,fixture-task-03672,true
3673,fixture-task-03673,false
3674,fixture-task-03674,false
3675,fixture-task-03675,true
3676,fixture-task-03676,false
3677,fixture-task-03677,false
3678,fixture-task-03678,true
3679,fixture-task-03679,false
3680,fixture-task-03680,false
3681,fixture-task-03681,true
3682,fixture-task-03682,false
3683,fixture-task-03683,false
3684,fixture-task-03684,true
3685,fixture-task-03685,false
3686,fixture-task-03686,false
3687,fixture-task-03687,true
3688,fixture-task-03688,false
3689,fixture-task-03689,false
3690,fixture-task-03690,true
3691,fixture-task-03691,false
3692,fixture-task-03692,false
3693,fixture-task-03693,true
3694,fixture-task-03694,false
3695,fixture-task-03695,false
3696,fixture-task-03696,true
3697,fixture-task-03697,false
3698,fixture-task-03698,false
3699,fixture-task-03699,true
3700,fixture-task-03700,false
3701,fixture-task-03701,false
3702,fixture-task-03702,true
3703,fixture-task-03703,false
3704,fixture-task-03704,false
3705,fixture-task-03705,true
3706,fixture-task-03706,false
3707,fixture-task-03707,false
3708,fixture-task-03708,true
3709,fixture-task-03709,false
3710,fixture-task-03710,false
3711,fixture-task-03711,true
3712,fixture-task-03712,false
3713,fixture-task-03713,false
3714,fixture-task-03714,true
3715,fixture-task-03715,false
3716,fixture-task-03716,false
3717,fixture-task-03717,true
3718,fixture-task-03718,false
3719,fixture-task-03719,false
3720,fixture-task-03720,true
3721,fixture-task-03721,false
3722,fixture-task-03722,false
3723,fixture-task-03723,true
3724,fixture-task-03724,false
3725,fixture-task-03725,false
3726,fixture-task-03726,true
3727,fixture-task-03727,false
3728,fixture-task-03728,false
3729,fixture-task-03729,true
3730,fixture-task-03730,false
3731,fixture-task-03731,false
3732,fixture-task-03732,true
3733,fixture-task-03733,false
3734,fixture-task-03734,false
3735,fixture-task-03735,true
3736,fixture-task-03736,false
3737,fixture-task-03737,false
3738,fixture-task-03738,true
3739,fixture-task-03739,false
3740,fixture-task-03740,false
3741,fixture-task-03741,true
3742,fixture-task-03742,false
3743,fixture-task-03743,false
3744,fixture-task-03744,true
3745,fixture-task-03745,false
3746,fixture-task-03746,false
3747,fixture-task-03747,true
3748,fixture-task-03748,false
3749,fixture-task-03749,false
3750,fixture-task-03750,true
3751,fixture-task-03751,false
3752,fixture-task-03752,false
3753,fixture-task-03753,true
3754,fixture-task-03754,false
3755,fixture-task-03755,false
3756,fixture-task-03756,true
3757,fixture-task-03757,false
3758,fixture-task-03758,false
3759,fixture-task-03759,true
3760,fixture-task-03760,false
3761,fixture-task-03761,false
3762,fixture-task-03762,true
3763,fixture-task-03763,false
3764,fixture-task-03764,false
3765,fixture-task-03765,true
3766,fixture-task-03766,false
3767,fixture-task-03767,false
3768,fixture-task-03768,true
3769,fixture-task-03769,false
3770,fixture-task-03770,false
3771,fixture-task-03771,true
3772,fixture-task-03772,false
3773,fixture-task-03773,false
3774,fixture-task-03774,true
3775,fixture-task-03775,false
3776,fixture-task-03776,false
3777,fixture-task-03777,true
3778,fixture-task-03778,false
3779,fixture-task-03779,false
3780,fixture-task-03780,true
3781,fixture-task-03781,false
3782,fixture-task-03782,false
3783,fixture-task-03783,true
3784,fixture-task-03784,false
3785,fixture-task-03785,false
3786,fixture-task-03786,true
3787,fixture-task-03787,false
3788,fixture-task-03788,false
3789,fixture-task-03789,true
3790,fixture-task-03790,false
3791,fixture-task-03791,false
3792,fixture-task-03792,true
3793,fixture-task-03793,false
3794,fixture-task-03794,false
3795,fixture-task-03795,true
3796,fixture-task-03796,false
3797,fixture-task-03797,false
3798,fixture-task-03798,true
3799,fixture-task-03799,false
3800,fixture-task-03800,false
3801,fixture-task-03801,true
3802,fixture-task-03802,false
3803,fixture-task-03803,false
3804,fixture-task-03804,true
3805,fixture-task-03805,false
3806,fixture-task-03806,false
3807,fixture-task-03807,true
3808,fixture-task-03808,false
3809,fixture-task-03809,false
3810,fixture-task-03810,true
3811,fixture-task-03811,false
3812,fixture-task-03812,false
3813,fixture-task-03813,true
3814,fixture-task-03814,false
3815,fixture-task-03815,false
3816,fixture-task-03816,true
3817,fixture-task-03817,false
3818,fixture-task-03818,false
3819,fixture-task-03819,true
3820,fixture-task-03820,false
3821,fixture-task-03821,false
3822,fixture-task-03822,true
3823,fixture-task-03823,false
3824,fixture-task-03824,false
3825,fixture-task-03825,true
3826,fixture-task-03826,false
3827,fixture-task-03827,false
3828,fixture-task-03828,true
3829,fixture-task-03829,false
3830,fixture-task-03830,false
3831,fixture-task-03831,true
3832,fixture-task-03832,false
3833,fixture-task-03833,false
3834,fixture-task-03834,true
3835,fixture-task-03835,false
3836,fixture-task-03836,false
3837,fixture-task-03837,true
3838,fixture-task-03838,false
3839,fixture-task-03839,false
3840,fixture-task-03840,true
3841,fixture-task-03841,false
3842,fixture-task-03842,false
3843,fixture-task-03843,true
3844,fixture-task-03844,false
3845,fixture-task-03845,false
3846,fixture-task-03846,true
3847,fixture-task-03847,false
3848,fixture-task-03848,false
3849,fixture-task-03849,true
3850,fixture-task-03850,false
3851,fixture-task-03851,false
3852,fixture-task-03852,true
3853,fixture-task-03853,false
3854,fixture-task-03854,false
3855,fixture-task-03855,true
3856,fixture-task-03856,false
3857,fixture-task-03857,false
3858,fixture-task-03858,true
3859,fixture-task-03859,false
3860,fixture-task-03860,false
3861,fixture-task-03861,true
3862,fixture-task-03862,false
3863,fixture-task-03863,false
3864,fixture-task-03864,true
3865,fixture-task-03865,false
3866,fixture-task-03866,false
3867,fixture-task-03867,true
3868,fixture-task-03868,false
3869,fixture-task-03869,false
3870,fixture-task-03870,true
3871,fixture-task-03871,false
3872,fixture-task-03872,false
3873,fixture-task-03873,true
3874,fixture-task-03874,false
3875,fixture-task-03875,false
3876,fixture-task-03876,true
3877,fixture-task-03877,false
3878,fixture-task-03878,false
3879,fixture-task-03879,true
3880,fixture-task-03880,false
3881,fixture-task-03881,false
3882,fixture-task-03882,true
3883,fixture-task-03883,false
3884,fixture-task-03884,false
3885,fixture-task-03885,true
3886,fixture-task-03886,false
3887,fixture-task-03887,false
3888,fixture-task-03888,true
3889,fixture-task-03889,false
3890,fixture-task-03890,false
3891,fixture-task-03891,true
3892,fixture-task-03892,false
3893,fixture-task-03893,false
3894,fixture-task-03894,true
3895,fixture-task-03895,false
3896,fixture-task-03896,false
3897,fixture-task-03897,true
3898,fixture-task-03898,false
3899,fixture-task-03899,false
3900,fixture-task-03900,true
3901,fixture-task-03901,false
3902,fixture-task-03902,false
3903,fixture-task-03903,true
3904,fixture-task-03904,false
3905,fixture-task-03905,false
3906,fixture-task-03906,true
3907,fixture-task-03907,false
3908,fixture-task-03908,false
3909,fixture-task-03909,true
3910,fixture-task-03910,false
3911,fixture-task-03911,false
3912,fixture-task-03912,true
3913,fixture-task-03913,false
3914,fixture-task-03914,false
3915,fixture-task-03915,true
3916,fixture-task-03916,false
3917,fixture-task-03917,false
3918,fixture-task-03918,true
3919,fixture-task-03919,false
3920,fixture-task-03920,false
3921,fixture-task-03921,true
3922,fixture-task-03922,false
3923,fixture-task-03923,false
3924,fixture-task-03924,true
3925,fixture-task-03925,false
3926,fixture-task-03926,false
3927,fixture-task-03927,true
3928,fixture-task-03928,false
3929,fixture-task-03929,false
3930,fixture-task-03930,true
3931,fixture-task-03931,false
3932,fixture-task-03932,false
3933,fixture-task-03933,true
3934,fixture-task-03934,false
3935,fixture-task-03935,false
3936,fixture-task-03936,true
3937,fixture-task-03937,false
3938,fixture-task-03938,false
3939,fixture-task-03939,true
3940,fixture-task-03940,false
3941,fixture-task-03941,false
3942,fixture-task-03942,true
3943,fixture-task-03943,false
3944,fixture-task-03944,false
3945,fixture-task-03945,true
3946,fixture-task-03946,false
3947,fixture-task-03947,false
3948,fixture-task-03948,true
3949,fixture-task-03949,false
3950,fixture-task-03950,false
3951,fixture-task-03951,true
3952,fixture-task-03952,false
3953,fixture-task-03953,false
3954,fixture-task-03954,true
3955,fixture-task-03955,false
3956,fixture-task-03956,false
3957,fixture-task-03957,true
3958,fixture-task-03958,false
3959,fixture-task-03959,false
3960,fixture-task-03960,true
3961,fixture-task-03961,false
3962,fixture-task-03962,false
3963,fixture-task-03963,true
3964,fixture-task-03964,false
3965,fixture-task-03965,false
3966,fixture-task-03966,true
3967,fixture-task-03967,false
3968,fixture-task-03968,false
3969,fixture-task-03969,true
3970,fixture-task-03970,false
3971,fixture-task-03971,false
3972,fixture-task-03972,true
3973,fixture-task-03973,false
3974,fixture-task-03974,false
3975,fixture-task-03975,true
3976,fixture-task-03976,false
3977,fixture-task-03977,false
3978,fixture-task-03978,true
3979,fixture-task-03979,false
3980,fixture-task-03980,false
3981,fixture-task-03981,true
3982,fixture-task-03982,false
3983,fixture-task-03983,false
3984,fixture-task-03984,true
3985,fixture-task-03985,false
3986,fixture-task-03986,false
3987,fixture-task-03987,true
3988,fixture-task-03988,false
3989,fixture-task-03989,false
3990,fixture-task-03990,true
3991,fixture-task-03991,false
3992,fixture-task-03992,false
3993,fixture-task-03993,true
3994,fixture-task-03994,false
3995,fixture-task-03995,false
3996,fixture-task-03996,true
3997,fixture-task-03997,false
3998,fixture-task-03998,false
3999,fixture-task-03999,true
4000,fixture-task-04000,false
4001,fixture-task-04001,false
4002,fixture-task-04002,true
4003,fixture-task-04003,false
4004,fixture-task-04004,false
4005,fixture-task-04005,true
4006,fixture-task-04006,false
4007,fixture-task-04007,false
4008,fixture-task-04008,true
4009,fixture-task-04009,false
4010,fixture-task-04010,false
4011,fixture-task-04011,true
4012,fixture-task-04012,false
4013,fixture-task-04013,false
4014,fixture-task-04014,true
4015,fixture-task-04015,false
4016,fixture-task-04016,false
4017,fixture-task-04017,true
4018,fixture-task-04018,false
4019,fixture-task-04019,false
4020,fixture-task-04020,true
4021,fixture-task-04021,false
4022,fixture-task-04022,false
4023,fixture-task-04023,true
4024,fixture-task-04024,false
4025,fixture-task-04025,false
4026,fixture-task-04026,true
4027,fixture-task-04027,false
4028,fixture-task-04028,false
4029,fixture-task-04029,true
4030,fixture-task-04030,false
4031,fixture-task-04031,false
4032,fixture-task-04032,true
4033,fixture-task-04033,false
4034,fixture-task-04034,false
4035,fixture-task-04035,true
4036,fixture-task-04036,false
4037,fixture-task-04037,false
4038,fixture-task-04038,true
4039,fixture-task-04039,false
4040,fixture-task-04040,false
4041,fixture-task-04041,true
4042,fixture-task-04042,false
4043,fixture-task-04043,false
4044,fixture-task-04044,true
4045,fixture-task-04045,false
4046,fixture-task-04046,false
4047,fixture-task-04047,true
4048,fixture-task-04048,false
4049,fixture-task-04049,false
4050,fixture-task-04050,true
4051,fixture-task-04051,false
4052,fixture-task-04052,false
4053,fixture-task-04053,true
4054,fixture-task-04054,false
4055,fixture-task-04055,false
4056,fixture-task-04056,true
4057,fixture-task-04057,false
4058,fixture-task-04058,false
4059,fixture-task-04059,true
4060,fixture-task-04060,false
4061,fixture-task-04061,false
4062,fixture-task-04062,true
4063,fixture-task-04063,false
4064,fixture-task-04064,false
4065,fixture-task-04065,true
4066,fixture-task-04066,false
4067,fixture-task-04067,false
4068,fixture-task-04068,true
4069,fixture-task-04069,false
4070,fixture-task-04070,false
4071,fixture-task-04071,true
4072,fixture-task-04072,false
4073,fixture-task-04073,false
4074,fixture-task-04074,true
4075,fixture-task-04075,false
4076,fixture-task-04076,false
4077,fixture-task-04077,true
4078,fixture-task-04078,false
4079,fixture-task-04079,false
4080,fixture-task-04080,true
4081,fixture-task-04081,false
4082,fixture-task-04082,false
4083,fixture-task-04083,true
4084,fixture-task-04084,false
4085,fixture-task-04085,false
4086,fixture-task-04086,true
4087,fixture-task-04087,false
4088,fixture-task-04088,false
4089,fixture-task-04089,true
4090,fixture-task-04090,false
4091,fixture-task-04091,false
4092,fixture-task-04092,true
4093,fixture-task-04093,false
4094,fixture-task-04094,false
4095,fixture-task-04095,true
4096,fixture-task-04096,false
4097,fixture-task-04097,false
4098,fixture-task-04098,true
4099,fixture-task-04099,false
4100,fixture-task-04100,false
4101,fixture-task-04101,true
4102,fixture-task-04102,false
4103,fixture-task-04103,false
4104,fixture-task-04104,true
4105,fixture-task-04105,false
4106,fixture-task-04106,false
4107,fixture-task-04107,true
4108,fixture-task-04108,false
4109,fixture-task-04109,false
4110,fixture-task-04110,true
4111,fixture-task-04111,false
4112,fixture-task-04112,false
4113,fixture-task-04113,true
4114,fixture-task-04114,false
4115,fixture-task-04115,false
4116,fixture-task-04116,true
4117,fixture-task-04117,false
4118,fixture-task-04118,false
4119,fixture-task-04119,true
4120,fixture-task-04120,false
4121,fixture-task-04121,false
4122,fixture-task-04122,true
4123,fixture-task-04123,false
4124,fixture-task-04124,false
4125,fixture-task-04125,true
4126,fixture-task-04126,false
4127,fixture-task-04127,false
4128,fixture-task-04128,true
4129,fixture-task-04129,false
4130,fixture-task-04130,false
4131,fixture-task-04131,true
4132,fixture-task-04132,false
4133,fixture-task-04133,false
4134,fixture-task-04134,true
4135,fixture-task-04135,false
4136,fixture-task-04136,false
4137,fixture-task-04137,true
4138,fixture-task-04138,false
4139,fixture-task-04139,false
4140,fixture-task-04140,true
4141,fixture-task-04141,false
4142,fixture-task-04142,false
4143,fixture-task-04143,true
4144,fixture-task-04144,false
4145,fixture-task-04145,false
4146,fixture-task-04146,true
4147,fixture-task-04147,false
4148,fixture-task-04148,false
4149,fixture-task-04149,true
4150,fixture-task-04150,false
4151,fixture-task-04151,false
4152,fixture-task-04152,true
4153,fixture-task-04153,false
4154,fixture-task-04154,false
4155,fixture-task-04155,true
4156,fixture-task-04156,false
4157,fixture-task-04157,false
4158,fixture-task-04158,true
4159,fixture-task-04159,false
4160,fixture-task-04160,false
4161,fixture-task-04161,true
4162,fixture-task-04162,false
4163,fixture-task-04163,false
4164,fixture-task-04164,true
4165,fixture-task-04165,false
4166,fixture-task-04166,false
4167,fixture-task-04167,true
4168,fixture-task-04168,false
4169,fixture-task-04169,false
4170,fixture-task-04170,true
4171,fixture-task-04171,false
4172,fixture-task-04172,false
4173,fixture-task-04173,true
4174,fixture-task-04174,false
4175,fixture-task-04175,false
4176,fixture-task-04176,true
4177,fixture-task-04177,false
4178,fixture-task-04178,false
4179,fixture-task-04179,true
4180,fixture-task-04180,false
4181,fixture-task-04181,false
4182,fixture-task-04182,true
4183,fixture-task-04183,false
4184,fixture-task-04184,false
4185,fixture-task-04185,true
4186,fixture-task-04186,false
4187,fixture-task-04187,false
4188,fixture-task-04188,true
4189,fixture-task-04189,false
4190,fixture-task-04190,false
4191,fixture-task-04191,true
4192,fixture-task-04192,false
4193,fixture-task-04193,false
4194,fixture-task-04194,true
4195,fixture-task-04195,false
4196,fixture-task-04196,false
4197,fixture-task-04197,true
4198,fixture-task-04198,false
4199,fixture-task-04199,false
4200,fixture-task-04200,true
4201,fixture-task-04201,false
4202,fixture-task-04202,false
4203,fixture-task-04203,true
4204,fixture-task-04204,false
4205,fixture-task-04205,false
4206,fixture-task-04206,true
4207,fixture-task-04207,false
4208,fixture-task-04208,false
4209,fixture-task-04209,true
4210,fixture-task-04210,false
4211,fixture-task-04211,false
4212,fixture-task-04212,true
4213,fixture-task-04213,false
4214,fixture-task-04214,false
4215,fixture-task-04215,true
4216,fixture-task-04216,false
4217,fixture-task-04217,false
4218,fixture-task-04218,true
4219,fixture-task-04219,false
4220,fixture-task-04220,false
4221,fixture-task-04221,true
4222,fixture-task-04222,false
4223,fixture-task-04223,false
4224,fixture-task-04224,true
4225,fixture-task-04225,false
4226,fixture-task-04226,false
4227,fixture-task-04227,true
4228,fixture-task-04228,false
4229,fixture-task-04229,false
4230,fixture-task-04230,true
4231,fixture-task-04231,false
4232,fixture-task-04232,false
4233,fixture-task-04233,true
4234,fixture-task-04234,false
4235,fixture-task-04235,false
4236,fixture-task-04236,true
4237,fixture-task-04237,false
4238,fixture-task-04238,false
4239,fixture-task-04239,true
4240,fixture-task-04240,false
4241,fixture-task-04241,false
4242,fixture-task-04242,true
4243,fixture-task-04243,false
4244,fixture-task-04244,false
4245,fixture-task-04245,true
4246,fixture-task-04246,false
4247,fixture-task-04247,false
4248,fixture-task-04248,true
4249,fixture-task-04249,false
4250,fixture-task-04250,false
4251,fixture-task-04251,true
4252,fixture-task-04252,false
4253,fixture-task-04253,false
4254,fixture-task-04254,true
4255,fixture-task-04255,false
4256,fixture-task-04256,false
4257,fixture-task-04257,true
4258,fixture-task-04258,false
4259,fixture-task-04259,false
4260,fixture-task-04260,true
4261,fixture-task-04261,false
4262,fixture-task-04262,false
4263,fixture-task-04263,true
4264,fixture-task-04264,false
4265,fixture-task-04265,false
4266,fixture-task-04266,true
4267,fixture-task-04267,false
4268,fixture-task-04268,false
4269,fixture-task-04269,true
4270,fixture-task-04270,false
4271,fixture-task-04271,false
4272,fixture-task-04272,true
4273,fixture-task-04273,false
4274,fixture-task-04274,false
4275,fixture-task-04275,true
4276,fixture-task-04276,false
4277,fixture-task-04277,false
4278,fixture-task-04278,true
4279,fixture-task-04279,false
4280,fixture-task-04280,false
4281,fixture-task-04281,true
4282,fixture-task-04282,false
4283,fixture-task-04283,false
4284,fixture-task-04284,true
4285,fixture-task-04285,false
4286,fixture-task-04286,false
4287,fixture-task-04287,true
4288,fixture-task-04288,false
4289,fixture-task-04289,false
4290,fixture-task-04290,true
4291,fixture-task-04291,false
4292,fixture-task-04292,false
4293,fixture-task-04293,true
4294,fixture-task-04294,false
4295,fixture-task-04295,false
4296,fixture-task-04296,true
4297,fixture-task-04297,false
4298,fixture-task-04298,false
4299,fixture-task-04299,true
4300,fixture-task-04300,false
4301,fixture-task-04301,false
4302,fixture-task-04302,true
4303,fixture-task-04303,false
4304,fixture-task-04304,false
4305,fixture-task-04305,true
4306,fixture-task-04306,false
4307,fixture-task-04307,false
4308,fixture-task-04308,true
4309,fixture-task-04309,false
4310,fixture-task-04310,false
4311,fixture-task-04311,true
4312,fixture-task-04312,false
4313,fixture-task-04313,false
4314,fixture-task-04314,true
4315,fixture-task-04315,false
4316,fixture-task-04316,false
4317,fixture-task-04317,true
4318,fixture-task-04318,false
4319,fixture-task-04319,false
4320,fixture-task-04320,true
4321,fixture-task-04321,false
4322,fixture-task-04322,false
4323,fixture-task-04323,true
4324,fixture-task-04324,false
4325,fixture-task-04325,false
4326,fixture-task-04326,true
4327,fixture-task-04327,false
4328,fixture-task-04328,false
4329,fixture-task-04329,true
4330,fixture-task-04330,false
4331,fixture-task-04331,false
4332,fixture-task-04332,true
4333,fixture-task-04333,false
4334,fixture-task-04334,false
4335,fixture-task-04335,true
4336,fixture-task-04336,false
4337,fixture-task-04337,false
4338,fixture-task-04338,true
4339,fixture-task-04339,false
4340,fixture-task-04340,false
4341,fixture-task-04341,true
4342,fixture-task-04342,false
4343,fixture-task-04343,false
4344,fixture-task-04344,true
4345,fixture-task-04345,false
4346,fixture-task-04346,false
4347,fixture-task-04347,true
4348,fixture-task-04348,false
4349,fixture-task-04349,false
4350,fixture-task-04350,true
4351,fixture-task-04351,false
4352,fixture-task-04352,false
4353,fixture-task-04353,true
4354,fixture-task-04354,false
4355,fixture-task-04355,false
4356,fixture-task-04356,true
4357,fixture-task-04357,false
4358,fixture-task-04358,false
4359,fixture-task-04359,true
4360,fixture-task-04360,false
4361,fixture-task-04361,false
4362,fixture-task-04362,true
4363,fixture-task-04363,false
4364,fixture-task-04364,false
4365,fixture-task-04365,true
4366,fixture-task-04366,false
4367,fixture-task-04367,false
4368,fixture-task-04368,true
4369,fixture-task-04369,false
4370,fixture-task-04370,false
4371,fixture-task-04371,true
4372,fixture-task-04372,false
4373,fixture-task-04373,false
4374,fixture-task-04374,true
4375,fixture-task-04375,false
4376,fixture-task-04376,false
4377,fixture-task-04377,true
4378,fixture-task-04378,false
4379,fixture-task-04379,false
4380,fixture-task-04380,true
4381,fixture-task-04381,false
4382,fixture-task-04382,false
4383,fixture-task-04383,true
4384,fixture-task-04384,false
4385,fixture-task-04385,false
4386,fixture-task-04386,true
4387,fixture-task-04387,false
4388,fixture-task-04388,false
4389,fixture-task-04389,true
4390,fixture-task-04390,false
4391,fixture-task-04391,false
4392,fixture-task-04392,true
4393,fixture-task-04393,false
4394,fixture-task-04394,false
4395,fixture-task-04395,true
4396,fixture-task-04396,false
4397,fixture-task-04397,false
4398,fixture-task-04398,true
4399,fixture-task-04399,false
4400,fixture-task-04400,false
4401,fixture-task-04401,true
4402,fixture-task-04402,false
4403,fixture-task-04403,false
4404,fixture-task-04404,true
4405,fixture-task-04405,false
4406,fixture-task-04406,false
4407,fixture-task-04407,true
4408,fixture-task-04408,false
4409,fixture-task-04409,false
4410,fixture-task-04410,true
4411,fixture-task-04411,false
4412,fixture-task-04412,false
4413,fixture-task-04413,true
4414,fixture-task-04414,false
4415,fixture-task-04415,false
4416,fixture-task-04416,true
4417,fixture-task-04417,false
4418,fixture-task-04418,false
4419,fixture-task-04419,true
4420,fixture-task-04420,false
4421,fixture-task-04421,false
4422,fixture-task-04422,true
4423,fixture-task-04423,false
4424,fixture-task-04424,false
4425,fixture-task-04425,true
4426,fixture-task-04426,false
4427,fixture-task-04427,false
4428,fixture-task-04428,true
4429,fixture-task-04429,false
4430,fixture-task-04430,false
4431,fixture-task-04431,true
4432,fixture-task-04432,false
4433,fixture-task-04433,false
4434,fixture-task-04434,true
4435,fixture-task-04435,false
4436,fixture-task-04436,false
4437,fixture-task-04437,true
4438,fixture-task-04438,false
4439,fixture-task-04439,false
4440,fixture-task-04440,true
4441,fixture-task-04441,false
4442,fixture-task-04442,false
4443,fixture-task-04443,true
4444,fixture-task-04444,false
4445,fixture-task-04445,false
4446,fixture-task-04446,true
4447,fixture-task-04447,false
4448,fixture-task-04448,false
4449,fixture-task-04449,true
4450,fixture-task-04450,false
4451,fixture-task-04451,false
4452,fixture-task-04452,true
4453,fixture-task-04453,false
4454,fixture-task-04454,false
4455,fixture-task-04455,true
4456,fixture-task-04456,false
4457,fixture-task-04457,false
4458,fixture-task-04458,true
4459,fixture-task-04459,false
4460,fixture-task-04460,false
4461,fixture-task-04461,true
4462,fixture-task-04462,false
4463,fixture-task-04463,false
4464,fixture-task-04464,true
4465,fixture-task-04465,false
4466,fixture-task-04466,false
4467,fixture-task-04467,true
4468,fixture-task-04468,false
4469,fixture-task-04469,false
4470,fixture-task-04470,true
4471,fixture-task-04471,false
4472,fixture-task-04472,false
4473,fixture-task-04473,true
4474,fixture-task-04474,false
4475,fixture-task-04475,false
4476,fixture-task-04476,true
4477,fixture-task-04477,false
4478,fixture-task-04478,false
4479,fixture-task-04479,true
4480,fixture-task-04480,false
4481,fixture-task-04481,false
4482,fixture-task-04482,true
4483,fixture-task-04483,false
4484,fixture-task-04484,false
4485,fixture-task-04485,true
4486,fixture-task-04486,false
4487,fixture-task-04487,false
4488,fixture-task-04488,true
4489,fixture-task-04489,false
4490,fixture-task-04490,false
4491,fixture-task-04491,true
4492,fixture-task-04492,false
4493,fixture-task-04493,false
4494,fixture-task-04494,true
4495,fixture-task-04495,false
4496,fixture-task-04496,false
4497,fixture-task-04497,true
4498,fixture-task-04498,false
4499,fixture-task-04499,false
4500,fixture-task-04500,true
4501,fixture-task-04501,false
4502,fixture-task-04502,false
4503,fixture-task-04503,true
4504,fixture-task-04504,false
4505,fixture-task-04505,false
4506,fixture-task-04506,true
4507,fixture-task-04507,false
4508,fixture-task-04508,false
4509,fixture-task-04509,true
4510,fixture-task-04510,false
4511,fixture-task-04511,false
4512,fixture-task-04512,true
4513,fixture-task-04513,false
4514,fixture-task-04514,false
4515,fixture-task-04515,true
4516,fixture-task-04516,false
4517,fixture-task-04517,false
4518,fixture-task-04518,true
4519,fixture-task-04519,false
4520,fixture-task-04520,false
4521,fixture-task-04521,true
4522,fixture-task-04522,false
4523,fixture-task-04523,false
4524,fixture-task-04524,true
4525,fixture-task-04525,false
4526,fixture-task-04526,false
4527,fixture-task-04527,true
4528,fixture-task-04528,false
4529,fixture-task-04529,false
4530,fixture-task-04530,true
4531,fixture-task-04531,false
4532,fixture-task-04532,false
4533,fixture-task-04533,true
4534,fixture-task-04534,false
4535,fixture-task-04535,false
4536,fixture-task-04536,true
4537,fixture-task-04537,false
4538,fixture-task-04538,false
4539,fixture-task-04539,true
4540,fixture-task-04540,false
4541,fixture-task-04541,false
4542,fixture-task-04542,true
4543,fixture-task-04543,false
4544,fixture-task-04544,false
4545,fixture-task-04545,true
4546,fixture-task-04546,false
4547,fixture-task-04547,false
4548,fixture-task-04548,true
4549,fixture-task-04549,false
4550,fixture-task-04550,false
4551,fixture-task-04551,true
4552,fixture-task-04552,false
4553,fixture-task-04553,false
4554,fixture-task-04554,true
4555,fixture-task-04555,false
4556,fixture-task-04556,false
4557,fixture-task-04557,true
4558,fixture-task-04558,false
4559,fixture-task-04559,false
4560,fixture-task-04560,true
4561,fixture-task-04561,false
4562,fixture-task-04562,false
4563,fixture-task-04563,true
4564,fixture-task-04564,false
4565,fixture-task-04565,false
4566,fixture-task-04566,true
4567,fixture-task-04567,false
4568,fixture-task-04568,false
4569,fixture-task-04569,true
4570,fixture-task-04570,false
4571,fixture-task-04571,false
4572,fixture-task-04572,true
4573,fixture-task-04573,false
4574,fixture-task-04574,false
4575,fixture-task-04575,true
4576,fixture-task-04576,false
4577,fixture-task-04577,false
4578,fixture-task-04578,true
4579,fixture-task-04579,false
4580,fixture-task-04580,false
4581,fixture-task-04581,true
4582,fixture-task-04582,false
4583,fixture-task-04583,false
4584,fixture-task-04584,true
4585,fixture-task-04585,false
4586,fixture-task-04586,false
4587,fixture-task-04587,true
4588,fixture-task-04588,false
4589,fixture-task-04589,false
4590,fixture-task-04590,true
4591,fixture-task-04591,false
4592,fixture-task-04592,false
4593,fixture-task-04593,true
4594,fixture-task-04594,false
4595,fixture-task-04595,false
4596,fixture-task-04596,true
4597,fixture-task-04597,false
4598,fixture-task-04598,false
4599,fixture-task-04599,true
4600,fixture-task-04600,false
4601,fixture-task-04601,false
4602,fixture-task-04602,true
4603,fixture-task-04603,false
4604,fixture-task-04604,false
4605,fixture-task-04605,true
4606,fixture-task-04606,false
4607,fixture-task-04607,false
4608,fixture-task-04608,true
4609,fixture-task-04609,false
4610,fixture-task-04610,false
4611,fixture-task-04611,true
4612,fixture-task-04612,false
4613,fixture-task-04613,false
4614,fixture-task-04614,true
4615,fixture-task-04615,false
4616,fixture-task-04616,false
4617,fixture-task-04617,true
4618,fixture-task-04618,false
4619,fixture-task-04619,false
4620,fixture-task-04620,true
4621,fixture-task-04621,false
4622,fixture-task-04622,false
4623,fixture-task-04623,true
4624,fixture-task-04624,false
4625,fixture-task-04625,false
4626,fixture-task-04626,true
4627,fixture-task-04627,false
4628,fixture-task-04628,false
4629,fixture-task-04629,true
4630,fixture-task-04630,false
4631,fixture-task-04631,false
4632,fixture-task-04632,true
4633,fixture-task-04633,false
4634,fixture-task-04634,false
4635,fixture-task-04635,true
4636,fixture-task-04636,false
4637,fixture-task-04637,false
4638,fixture-task-04638,true
4639,fixture-task-04639,false
4640,fixture-task-04640,false
4641,fixture-task-04641,true
4642,fixture-task-04642,false
4643,fixture-task-04643,false
4644,fixture-task-04644,true
4645,fixture-task-04645,false
4646,fixture-task-04646,false
4647,fixture-task-04647,true
4648,fixture-task-04648,false
4649,fixture-task-04649,false
4650,fixture-task-04650,true
4651,fixture-task-04651,false
4652,fixture-task-04652,false
4653,fixture-task-04653,true
4654,fixture-task-04654,false
4655,fixture-task-04655,false
4656,fixture-task-04656,true
4657,fixture-task-04657,false
4658,fixture-task-04658,false
4659,fixture-task-04659,true
4660,fixture-task-04660,false
4661,fixture-task-04661,false
4662,fixture-task-04662,true
4663,fixture-task-04663,false
4664,fixture-task-04664,false
4665,fixture-task-04665,true
4666,fixture-task-04666,false
4667,fixture-task-04667,false
4668,fixture-task-04668,true
4669,fixture-task-04669,false
4670,fixture-task-04670,false
4671,fixture-task-04671,true
4672,fixture-task-04672,false
4673,fixture-task-04673,false
4674,fixture-task-04674,true
4675,fixture-task-04675,false
4676,fixture-task-04676,false
4677,fixture-task-04677,true
4678,fixture-task-04678,false
4679,fixture-task-04679,false
4680,fixture-task-04680,true
4681,fixture-task-04681,false
4682,fixture-task-04682,false
4683,fixture-task-04683,true
4684,fixture-task-04684,false
4685,fixture-task-04685,false
4686,fixture-task-04686,true
4687,fixture-task-04687,false
4688,fixture-task-04688,false
4689,fixture-task-04689,true
4690,fixture-task-04690,false
4691,fixture-task-04691,false
4692,fixture-task-04692,true
4693,fixture-task-04693,false
4694,fixture-task-04694,false
4695,fixture-task-04695,true
4696,fixture-task-04696,false
4697,fixture-task-04697,false
4698,fixture-task-04698,true
4699,fixture-task-04699,false
4700,fixture-task-04700,false
4701,fixture-task-04701,true
4702,fixture-task-04702,false
4703,fixture-task-04703,false
4704,fixture-task-04704,true
4705,fixture-task-04705,false
4706,fixture-task-04706,false
4707,fixture-task-04707,true
4708,fixture-task-04708,false
4709,fixture-task-04709,false
4710,fixture-task-04710,true
4711,fixture-task-04711,false
4712,fixture-task-04712,false
4713,fixture-task-04713,true
4714,fixture-task-04714,false
4715,fixture-task-04715,false
4716,fixture-task-04716,true
4717,fixture-task-04717,false
4718,fixture-task-04718,false
4719,fixture-task-04719,true
4720,fixture-task-04720,false
4721,fixture-task-04721,false
4722,fixture-task-04722,true
4723,fixture-task-04723,false
4724,fixture-task-04724,false
4725,fixture-task-04725,true
4726,fixture-task-04726,false
4727,fixture-task-04727,false
4728,fixture-task-04728,true
4729,fixture-task-04729,false
4730,fixture-task-04730,false
4731,fixture-task-04731,true
4732,fixture-task-04732,false
4733,fixture-task-04733,false
4734,fixture-task-04734,true
4735,fixture-task-04735,false
4736,fixture-task-04736,false
4737,fixture-task-04737,true
4738,fixture-task-04738,false
4739,fixture-task-04739,false
4740,fixture-task-04740,true
4741,fixture-task-04741,false
4742,fixture-task-04742,false
4743,fixture-task-04743,true
4744,fixture-task-04744,false
4745,fixture-task-04745,false
4746,fixture-task-04746,true
4747,fixture-task-04747,false
4748,fixture-task-04748,false
4749,fixture-task-04749,true
4750,fixture-task-04750,false
4751,fixture-task-04751,false
4752,fixture-task-04752,true
4753,fixture-task-04753,false
4754,fixture-task-04754,false
4755,fixture-task-04755,true
4756,fixture-task-04756,false
4757,fixture-task-04757,false
4758,fixture-task-04758,true
4759,fixture-task-04759,false
4760,fixture-task-04760,false
4761,fixture-task-04761,true
4762,fixture-task-04762,false
4763,fixture-task-04763,false
4764,fixture-task-04764,true
4765,fixture-task-04765,false
4766,fixture-task-04766,false
4767,fixture-task-04767,true
4768,fixture-task-04768,false
4769,fixture-task-04769,false
4770,fixture-task-04770,true
4771,fixture-task-04771,false
4772,fixture-task-04772,false
4773,fixture-task-04773,true
4774,fixture-task-04774,false
4775,fixture-task-04775,false
4776,fixture-task-04776,true
4777,fixture-task-04777,false
4778,fixture-task-04778,false
4779,fixture-task-04779,true
4780,fixture-task-04780,false
4781,fixture-task-04781,false
4782,fixture-task-04782,true
4783,fixture-task-04783,false
4784,fixture-task-04784,false
4785,fixture-task-04785,true
4786,fixture-task-04786,false
4787,fixture-task-04787,false
4788,fixture-task-04788,true
4789,fixture-task-04789,false
4790,fixture-task-04790,false
4791,fixture-task-04791,true
4792,fixture-task-04792,false
4793,fixture-task-04793,false
4794,fixture-task-04794,true
4795,fixture-task-04795,false
4796,fixture-task-04796,false
4797,fixture-task-04797,true
4798,fixture-task-04798,false
4799,fixture-task-04799,false
4800,fixture-task-04800,true
4801,fixture-task-04801,false
4802,fixture-task-04802,false
4803,fixture-task-04803,true
4804,fixture-task-04804,false
4805,fixture-task-04805,false
4806,fixture-task-04806,true
4807,fixture-task-04807,false
4808,fixture-task-04808,false
4809,fixture-task-04809,true
4810,fixture-task-04810,false
4811,fixture-task-04811,false
4812,fixture-task-04812,true
4813,fixture-task-04813,false
4814,fixture-task-04814,false
4815,fixture-task-04815,true
4816,fixture-task-04816,false
4817,fixture-task-04817,false
4818,fixture-task-04818,true
4819,fixture-task-04819,false
4820,fixture-task-04820,false
4821,fixture-task-04821,true
4822,fixture-task-04822,false
4823,fixture-task-04823,false
4824,fixture-task-04824,true
4825,fixture-task-04825,false
4826,fixture-task-04826,false
4827,fixture-task-04827,true
4828,fixture-task-04828,false
4829,fixture-task-04829,false
4830,fixture-task-04830,true
4831,fixture-task-04831,false
4832,fixture-task-04832,false
4833,fixture-task-04833,true
4834,fixture-task-04834,false
4835,fixture-task-04835,false
4836,fixture-task-04836,true
4837,fixture-task-04837,false
4838,fixture-task-04838,false
4839,fixture-task-04839,true
4840,fixture-task-04840,false
4841,fixture-task-04841,false
4842,fixture-task-04842,true
4843,fixture-task-04843,false
4844,fixture-task-04844,false
4845,fixture-task-04845,true
4846,fixture-task-04846,false
4847,fixture-task-04847,false
4848,fixture-task-04848,true
4849,fixture-task-04849,false
4850,fixture-task-04850,false
4851,fixture-task-04851,true
4852,fixture-task-04852,false
4853,fixture-task-04853,false
4854,fixture-task-04854,true
4855,fixture-task-04855,false
4856,fixture-task-04856,false
4857,fixture-task-04857,true
4858,fixture-task-04858,false
4859,fixture-task-04859,false
4860,fixture-task-04860,true
4861,fixture-task-04861,false
4862,fixture-task-04862,false
4863,fixture-task-04863,true
4864,fixture-task-04864,false
4865,fixture-task-04865,false
4866,fixture-task-04866,true
4867,fixture-task-04867,false
4868,fixture-task-04868,false
4869,fixture-task-04869,true
4870,fixture-task-04870,false
4871,fixture-task-04871,false
4872,fixture-task-04872,true
4873,fixture-task-04873,false
4874,fixture-task-04874,false
4875,fixture-task-04875,true
4876,fixture-task-04876,false
4877,fixture-task-04877,false
4878,fixture-task-04878,true
4879,fixture-task-04879,false
4880,fixture-task-04880,false
4881,fixture-task-04881,true
4882,fixture-task-04882,false
4883,fixture-task-04883,false
4884,fixture-task-04884,true
4885,fixture-task-04885,false
4886,fixture-task-04886,false
4887,fixture-task-04887,true
4888,fixture-task-04888,false
4889,fixture-task-04889,false
4890,fixture-task-04890,true
4891,fixture-task-04891,false
4892,fixture-task-04892,false
4893,fixture-task-04893,true
4894,fixture-task-04894,false
4895,fixture-task-04895,false
4896,fixture-task-04896,true
4897,fixture-task-04897,false
4898,fixture-task-04898,false
4899,fixture-task-04899,true
4900,fixture-task-04900,false
4901,fixture-task-04901,false
4902,fixture-task-04902,true
4903,fixture-task-04903,false
4904,fixture-task-04904,false
4905,fixture-task-04905,true
4906,fixture-task-04906,false
4907,fixture-task-04907,false
4908,fixture-task-04908,true
4909,fixture-task-04909,false
4910,fixture-task-04910,false
4911,fixture-task-04911,true
4912,fixture-task-04912,false
4913,fixture-task-04913,false
4914,fixture-task-04914,true
4915,fixture-task-04915,false
4916,fixture-task-04916,false
4917,fixture-task-04917,true
4918,fixture-task-04918,false
4919,fixture-task-04919,false
4920,fixture-task-04920,true
4921,fixture-task-04921,false
4922,fixture-task-04922,false
4923,fixture-task-04923,true
4924,fixture-task-04924,false
4925,fixture-task-04925,false
4926,fixture-task-04926,true
4927,fixture-task-04927,false
4928,fixture-task-04928,false
4929,fixture-task-04929,true
4930,fixture-task-04930,false
4931,fixture-task-04931,false
4932,fixture-task-04932,true
4933,fixture-task-04933,false
4934,fixture-task-04934,false
4935,fixture-task-04935,true
4936,fixture-task-04936,false
4937,fixture-task-04937,false
4938,fixture-task-04938,true
4939,fixture-task-04939,false
4940,fixture-task-04940,false
4941,fixture-task-04941,true
4942,fixture-task-04942,false
4943,fixture-task-04943,false
4944,fixture-task-04944,true
4945,fixture-task-04945,false
4946,fixture-task-04946,false
4947,fixture-task-04947,true
4948,fixture-task-04948,false
4949,fixture-task-04949,false
4950,fixture-task-04950,true
4951,fixture-task-04951,false
4952,fixture-task-04952,false
4953,fixture-task-04953,true
4954,fixture-task-04954,false
4955,fixture-task-04955,false
4956,fixture-task-04956,true
4957,fixture-task-04957,false
4958,fixture-task-04958,false
4959,fixture-task-04959,true
4960,fixture-task-04960,false
4961,fixture-task-04961,false
4962,fixture-task-04962,true
4963,fixture-task-04963,false
4964,fixture-task-04964,false
4965,fixture-task-04965,true
4966,fixture-task-04966,false
4967,fixture-task-04967,false
4968,fixture-task-04968,true
4969,fixture-task-04969,false
4970,fixture-task-04970,false
4971,fixture-task-04971,true
4972,fixture-task-04972,false
4973,fixture-task-04973,false
4974,fixture-task-04974,true
4975,fixture-task-04975,false
4976,fixture-task-04976,false
4977,fixture-task-04977,true
4978,fixture-task-04978,false
4979,fixture-task-04979,false
4980,fixture-task-04980,true
4981,fixture-task-04981,false
4982,fixture-task-04982,false
4983,fixture-task-04983,true
4984,fixture-task-04984,false
4985,fixture-task-04985,false
4986,fixture-task-04986,true
4987,fixture-task-04987,false
4988,fixture-task-04988,false
4989,fixture-task-04989,true
4990,fixture-task-04990,false
4991,fixture-task-04991,false
4992,fixture-task-04992,true
4993,fixture-task-04993,false
4994,fixture-task-04994,false
4995,fixture-task-04995,true
4996,fixture-task-04996,false
4997,fixture-task-04997,false
4998,fixture-task-04998,true
4999,fixture-task-04999,false
5000,fixture-task-05000,false
5001,fixture-task-05001,true
5002,fixture-task-05002,false
5003,fixture-task-05003,false
5004,fixture-task-05004,true
5005,fixture-task-05005,false
5006,fixture-task-05006,false
5007,fixture-task-05007,true
5008,fixture-task-05008,false
5009,fixture-task-05009,false
5010,fixture-task-05010,true
5011,fixture-task-05011,false
5012,fixture-task-05012,false
5013,fixture-task-05013,true
5014,fixture-task-05014,false
5015,fixture-task-05015,false
5016,fixture-task-05016,true
5017,fixture-task-05017,false
5018,fixture-task-05018,false
5019,fixture-task-05019,true
5020,fixture-task-05020,false
5021,fixture-task-05021,false
5022,fixture-task-05022,true
5023,fixture-task-05023,false
5024,fixture-task-05024,false
5025,fixture-task-05025,true
5026,fixture-task-05026,false
5027,fixture-task-05027,false
5028,fixture-task-05028,true
5029,fixture-task-05029,false
5030,fixture-task-05030,false
5031,fixture-task-05031,true
5032,fixture-task-05032,false
5033,fixture-task-05033,false
5034,fixture-task-05034,true
5035,fixture-task-05035,false
5036,fixture-task-05036,false
5037,fixture-task-05037,true
5038,fixture-task-05038,false
5039,fixture-task-05039,false
5040,fixture-task-05040,true
5041,fixture-task-05041,false
5042,fixture-task-05042,false
5043,fixture-task-05043,true
5044,fixture-task-05044,false
5045,fixture-task-05045,false
5046,fixture-task-05046,true
5047,fixture-task-05047,false
5048,fixture-task-05048,false
5049,fixture-task-05049,true
5050,fixture-task-05050,false
5051,fixture-task-05051,false
5052,fixture-task-05052,true
5053,fixture-task-05053,false
5054,fixture-task-05054,false
5055,fixture-task-05055,true
5056,fixture-task-05056,false
5057,fixture-task-05057,false
5058,fixture-task-05058,true
5059,fixture-task-05059,false
5060,fixture-task-05060,false
5061,fixture-task-05061,true
5062,fixture-task-05062,false
5063,fixture-task-05063,false
5064,fixture-task-05064,true
5065,fixture-task-05065,false
5066,fixture-task-05066,false
5067,fixture-task-05067,true
5068,fixture-task-05068,false
5069,fixture-task-05069,false
5070,fixture-task-05070,true
5071,fixture-task-05071,false
5072,fixture-task-05072,false
5073,fixture-task-05073,true
5074,fixture-task-05074,false
5075,fixture-task-05075,false
5076,fixture-task-05076,true
5077,fixture-task-05077,false
5078,fixture-task-05078,false
5079,fixture-task-05079,true
5080,fixture-task-05080,false
5081,fixture-task-05081,false
5082,fixture-task-05082,true
5083,fixture-task-05083,false
5084,fixture-task-05084,false
5085,fixture-task-05085,true
5086,fixture-task-05086,false
5087,fixture-task-05087,false
5088,fixture-task-05088,true
5089,fixture-task-05089,false
5090,fixture-task-05090,false
5091,fixture-task-05091,true
5092,fixture-task-05092,false
5093,fixture-task-05093,false
5094,fixture-task-05094,true
5095,fixture-task-05095,false
5096,fixture-task-05096,false
5097,fixture-task-05097,true
5098,fixture-task-05098,false
5099,fixture-task-05099,false
5100,fixture-task-05100,true
5101,fixture-task-05101,false
5102,fixture-task-05102,false
5103,fixture-task-05103,true
5104,fixture-task-05104,false
5105,fixture-task-05105,false
5106,fixture-task-05106,true
5107,fixture-task-05107,false
5108,fixture-task-05108,false
5109,fixture-task-05109,true
5110,fixture-task-05110,false
5111,fixture-task-05111,false
5112,fixture-task-05112,true
5113,fixture-task-05113,false
5114,fixture-task-05114,false
5115,fixture-task-05115,true
5116,fixture-task-05116,false
5117,fixture-task-05117,false
5118,fixture-task-05118,true
5119,fixture-task-05119,false
5120,fixture-task-05120,false
5121,fixture-task-05121,true
5122,fixture-task-05122,false
5123,fixture-task-05123,false
5124,fixture-task-05124,true
5125,fixture-task-05125,false
5126,fixture-task-05126,false
5127,fixture-task-05127,true
5128,fixture-task-05128,false
5129,fixture-task-05129,false
5130,fixture-task-05130,true
5131,fixture-task-05131,false
5132,fixture-task-05132,false
5133,fixture-task-05133,true
5134,fixture-task-05134,false
5135,fixture-task-05135,false
5136,fixture-task-05136,true
5137,fixture-task-05137,false
5138,fixture-task-05138,false
5139,fixture-task-05139,true
5140,fixture-task-05140,false
5141,fixture-task-05141,false
5142,fixture-task-05142,true
5143,fixture-task-05143,false
5144,fixture-task-05144,false
5145,fixture-task-05145,true
5146,fixture-task-05146,false
5147,fixture-task-05147,false
5148,fixture-task-05148,true
5149,fixture-task-05149,false
5150,fixture-task-05150,false
5151,fixture-task-05151,true
5152,fixture-task-05152,false
5153,fixture-task-05153,false
5154,fixture-task-05154,true
5155,fixture-task-05155,false
5156,fixture-task-05156,false
5157,fixture-task-05157,true
5158,fixture-task-05158,false
5159,fixture-task-05159,false
5160,fixture-task-05160,true
5161,fixture-task-05161,false
5162,fixture-task-05162,false
5163,fixture-task-05163,true
5164,fixture-task-05164,false
5165,fixture-task-05165,false
5166,fixture-task-05166,true
5167,fixture-task-05167,false
5168,fixture-task-05168,false
5169,fixture-task-05169,true
5170,fixture-task-05170,false
5171,fixture-task-05171,false
5172,fixture-task-05172,true
5173,fixture-task-05173,false
5174,fixture-task-05174,false
5175,fixture-task-05175,true
5176,fixture-task-05176,false
5177,fixture-task-05177,false
5178,fixture-task-05178,true
5179,fixture-task-05179,false
5180,fixture-task-05180,false
5181,fixture-task-05181,true
5182,fixture-task-05182,false
5183,fixture-task-05183,false
5184,fixture-task-05184,true
5185,fixture-task-05185,false
5186,fixture-task-05186,false
5187,fixture-task-05187,true
5188,fixture-task-05188,false
5189,fixture-task-05189,false
5190,fixture-task-05190,true
5191,fixture-task-05191,false
5192,fixture-task-05192,false
5193,fixture-task-05193,true
5194,fixture-task-05194,false
5195,fixture-task-05195,false
5196,fixture-task-05196,true
5197,fixture-task-05197,false
5198,fixture-task-05198,false
5199,fixture-task-05199,true
5200,fixture-task-05200,false
5201,fixture-task-05201,false
5202,fixture-task-05202,true
5203,fixture-task-05203,false
5204,fixture-task-05204,false
5205,fixture-task-05205,true
5206,fixture-task-05206,false
5207,fixture-task-05207,false
5208,fixture-task-05208,true
5209,fixture-task-05209,false
5210,fixture-task-05210,false
5211,fixture-task-05211,true
5212,fixture-task-05212,false
5213,fixture-task-05213,false
5214,fixture-task-05214,true
5215,fixture-task-05215,false
5216,fixture-task-05216,false
5217,fixture-task-05217,true
5218,fixture-task-05218,false
5219,fixture-task-05219,false
5220,fixture-task-05220,true
5221,fixture-task-05221,false
5222,fixture-task-05222,false
5223,fixture-task-05223,true
5224,fixture-task-05224,false
5225,fixture-task-05225,false
5226,fixture-task-05226,true
5227,fixture-task-05227,false
5228,fixture-task-05228,false
5229,fixture-task-05229,true
5230,fixture-task-05230,false
5231,fixture-task-05231,false
5232,fixture-task-05232,true
5233,fixture-task-05233,false
5234,fixture-task-05234,false
5235,fixture-task-05235,true
5236,fixture-task-05236,false
5237,fixture-task-05237,false
5238,fixture-task-05238,true
5239,fixture-task-05239,false
5240,fixture-task-05240,false
5241,fixture-task-05241,true
5242,fixture-task-05242,false
5243,fixture-task-05243,false
5244,fixture-task-05244,true
5245,fixture-task-05245,false
5246,fixture-task-05246,false
5247,fixture-task-05247,true
5248,fixture-task-05248,false
5249,fixture-task-05249,false
5250,fixture-task-05250,true
5251,fixture-task-05251,false
5252,fixture-task-05252,false
5253,fixture-task-05253,true
5254,fixture-task-05254,false
5255,fixture-task-05255,false
5256,fixture-task-05256,true
5257,fixture-task-05257,false
5258,fixture-task-05258,false
5259,fixture-task-05259,true
5260,fixture-task-05260,false
5261,fixture-task-05261,false
5262,fixture-task-05262,true
5263,fixture-task-05263,false
5264,fixture-task-05264,false
5265,fixture-task-05265,true
5266,fixture-task-05266,false
5267,fixture-task-05267,false
5268,fixture-task-05268,true
5269,fixture-task-05269,false
5270,fixture-task-05270,false
5271,fixture-task-05271,true
5272,fixture-task-05272,false
5273,fixture-task-05273,false
5274,fixture-task-05274,true
5275,fixture-task-05275,false
5276,fixture-task-05276,false
5277,fixture-task-05277,true
5278,fixture-task-05278,false
5279,fixture-task-05279,false
5280,fixture-task-05280,true
5281,fixture-task-05281,false
5282,fixture-task-05282,false
5283,fixture-task-05283,true
5284,fixture-task-05284,false
5285,fixture-task-05285,false
5286,fixture-task-05286,true
5287,fixture-task-05287,false
5288,fixture-task-05288,false
5289,fixture-task-05289,true
5290,fixture-task-05290,false
5291,fixture-task-05291,false
5292,fixture-task-05292,true
5293,fixture-task-05293,false
5294,fixture-task-05294,false
5295,fixture-task-05295,true
5296,fixture-task-05296,false
5297,fixture-task-05297,false
5298,fixture-task-05298,true
5299,fixture-task-05299,false
5300,fixture-task-05300,false
5301,fixture-task-05301,true
5302,fixture-task-05302,false
5303,fixture-task-05303,false
5304,fixture-task-05304,true
5305,fixture-task-05305,false
5306,fixture-task-05306,false
5307,fixture-task-05307,true
5308,fixture-task-05308,false
5309,fixture-task-05309,false
5310,fixture-task-05310,true
5311,fixture-task-05311,false
5312,fixture-task-05312,false
5313,fixture-task-05313,true
5314,fixture-task-05314,false
5315,fixture-task-05315,false
5316,fixture-task-05316,true
5317,fixture-task-05317,false
5318,fixture-task-05318,false
5319,fixture-task-05319,true
5320,fixture-task-05320,false
5321,fixture-task-05321,false
5322,fixture-task-05322,true
5323,fixture-task-05323,false
5324,fixture-task-05324,false
5325,fixture-task-05325,true
5326,fixture-task-05326,false
5327,fixture-task-05327,false
5328,fixture-task-05328,true
5329,fixture-task-05329,false
5330,fixture-task-05330,false
5331,fixture-task-05331,true
5332,fixture-task-05332,false
5333,fixture-task-05333,false
5334,fixture-task-05334,true
5335,fixture-task-05335,false
5336,fixture-task-05336,false
5337,fixture-task-05337,true
5338,fixture-task-05338,false
5339,fixture-task-05339,false
5340,fixture-task-05340,true
5341,fixture-task-05341,false
5342,fixture-task-05342,false
5343,fixture-task-05343,true
5344,fixture-task-05344,false
5345,fixture-task-05345,false
5346,fixture-task-05346,true
5347,fixture-task-05347,false
5348,fixture-task-05348,false
5349,fixture-task-05349,true
5350,fixture-task-05350,false
5351,fixture-task-05351,false
5352,fixture-task-05352,true
5353,fixture-task-05353,false
5354,fixture-task-05354,false
5355,fixture-task-05355,true
5356,fixture-task-05356,false
5357,fixture-task-05357,false
5358,fixture-task-05358,true
5359,fixture-task-05359,false
5360,fixture-task-05360,false
5361,fixture-task-05361,true
5362,fixture-task-05362,false
5363,fixture-task-05363,false
5364,fixture-task-05364,true
5365,fixture-task-05365,false
5366,fixture-task-05366,false
5367,fixture-task-05367,true
5368,fixture-task-05368,false
5369,fixture-task-05369,false
5370,fixture-task-05370,true
5371,fixture-task-05371,false
5372,fixture-task-05372,false
5373,fixture-task-05373,true
5374,fixture-task-05374,false
5375,fixture-task-05375,false
5376,fixture-task-05376,true
5377,fixture-task-05377,false
5378,fixture-task-05378,false
5379,fixture-task-05379,true
5380,fixture-task-05380,false
5381,fixture-task-05381,false
5382,fixture-task-05382,true
5383,fixture-task-05383,false
5384,fixture-task-05384,false
5385,fixture-task-05385,true
5386,fixture-task-05386,false
5387,fixture-task-05387,false
5388,fixture-task-05388,true
5389,fixture-task-05389,false
5390,fixture-task-05390,false
5391,fixture-task-05391,true
5392,fixture-task-05392,false
5393,fixture-task-05393,false
5394,fixture-task-05394,true
5395,fixture-task-05395,false
5396,fixture-task-05396,false
5397,fixture-task-05397,true
5398,fixture-task-05398,false
5399,fixture-task-05399,false
5400,fixture-task-05400,true
5401,fixture-task-05401,false
5402,fixture-task-05402,false
5403,fixture-task-05403,true
5404,fixture-task-05404,false
5405,fixture-task-05405,false
5406,fixture-task-05406,true
5407,fixture-task-05407,false
5408,fixture-task-05408,false
5409,fixture-task-05409,true
5410,fixture-task-05410,false
5411,fixture-task-05411,false
5412,fixture-task-05412,true
5413,fixture-task-05413,false
5414,fixture-task-05414,false
5415,fixture-task-05415,true
5416,fixture-task-05416,false
5417,fixture-task-05417,false
5418,fixture-task-05418,true
5419,fixture-task-05419,false
5420,fixture-task-05420,false
5421,fixture-task-05421,true
5422,fixture-task-05422,false
5423,fixture-task-05423,false
5424,fixture-task-05424,true
5425,fixture-task-05425,false
5426,fixture-task-05426,false
5427,fixture-task-05427,true
5428,fixture-task-05428,false
5429,fixture-task-05429,false
5430,fixture-task-05430,true
5431,fixture-task-05431,false
5432,fixture-task-05432,false
5433,fixture-task-05433,true
5434,fixture-task-05434,false
5435,fixture-task-05435,false
5436,fixture-task-05436,true
5437,fixture-task-05437,false
5438,fixture-task-05438,false
5439,fixture-task-05439,true
5440,fixture-task-05440,false
5441,fixture-task-05441,false
5442,fixture-task-05442,true
5443,fixture-task-05443,false
5444,fixture-task-05444,false
5445,fixture-task-05445,true
5446,fixture-task-05446,false
5447,fixture-task-05447,false
5448,fixture-task-05448,true
5449,fixture-task-05449,false
5450,fixture-task-05450,false
5451,fixture-task-05451,true
5452,fixture-task-05452,false
5453,fixture-task-05453,false
5454,fixture-task-05454,true
5455,fixture-task-05455,false
5456,fixture-task-05456,false
5457,fixture-task-05457,true
5458,fixture-task-05458,false
5459,fixture-task-05459,false
5460,fixture-task-05460,true
5461,fixture-task-05461,false
5462,fixture-task-05462,false
5463,fixture-task-05463,true
5464,fixture-task-05464,false
5465,fixture-task-05465,false
5466,fixture-task-05466,true
5467,fixture-task-05467,false
5468,fixture-task-05468,false
5469,fixture-task-05469,true
5470,fixture-task-05470,false
5471,fixture-task-05471,false
5472,fixture-task-05472,true
5473,fixture-task-05473,false
5474,fixture-task-05474,false
5475,fixture-task-05475,true
5476,fixture-task-05476,false
5477,fixture-task-05477,false
5478,fixture-task-05478,true
5479,fixture-task-05479,false
5480,fixture-task-05480,false
5481,fixture-task-05481,true
5482,fixture-task-05482,false
5483,fixture-task-05483,false
5484,fixture-task-05484,true
5485,fixture-task-05485,false
5486,fixture-task-05486,false
5487,fixture-task-05487,true
5488,fixture-task-05488,false
5489,fixture-task-05489,false
5490,fixture-task-05490,true
5491,fixture-task-05491,false
5492,fixture-task-05492,false
5493,fixture-task-05493,true
5494,fixture-task-05494,false
5495,fixture-task-05495,false
5496,fixture-task-05496,true
5497,fixture-task-05497,false
5498,fixture-task-05498,false
5499,fixture-task-05499,true
5500,fixture-task-05500,false
5501,fixture-task-05501,false
5502,fixture-task-05502,true
5503,fixture-task-05503,false
5504,fixture-task-05504,false
5505,fixture-task-05505,true
5506,fixture-task-05506,false
5507,fixture-task-05507,false
5508,fixture-task-05508,true
5509,fixture-task-05509,false
5510,fixture-task-05510,false
5511,fixture-task-05511,true
5512,fixture-task-05512,false
5513,fixture-task-05513,false
5514,fixture-task-05514,true
5515,fixture-task-05515,false
5516,fixture-task-05516,false
5517,fixture-task-05517,true
5518,fixture-task-05518,false
5519,fixture-task-05519,false
5520,fixture-task-05520,true
5521,fixture-task-05521,false
5522,fixture-task-05522,false
5523,fixture-task-05523,true
5524,fixture-task-05524,false
5525,fixture-task-05525,false
5526,fixture-task-05526,true
5527,fixture-task-05527,false
5528,fixture-task-05528,false
5529,fixture-task-05529,true
5530,fixture-task-05530,false
5531,fixture-task-05531,false
5532,fixture-task-05532,true
5533,fixture-task-05533,false
5534,fixture-task-05534,false
5535,fixture-task-05535,true
5536,fixture-task-05536,false
5537,fixture-task-05537,false
5538,fixture-task-05538,true
5539,fixture-task-05539,false
5540,fixture-task-05540,false
5541,fixture-task-05541,true
5542,fixture-task-05542,false
5543,fixture-task-05543,false
5544,fixture-task-05544,true
5545,fixture-task-05545,false
5546,fixture-task-05546,false
5547,fixture-task-05547,true
5548,fixture-task-05548,false
5549,fixture-task-05549,false
5550,fixture-task-05550,true
5551,fixture-task-05551,false
5552,fixture-task-05552,false
5553,fixture-task-05553,true
5554,fixture-task-05554,false
5555,fixture-task-05555,false
5556,fixture-task-05556,true
5557,fixture-task-05557,false
5558,fixture-task-05558,false
5559,fixture-task-05559,true
5560,fixture-task-05560,false
5561,fixture-task-05561,false
5562,fixture-task-05562,true
5563,fixture-task-05563,false
5564,fixture-task-05564,false
5565,fixture-task-05565,true
5566,fixture-task-05566,false
5567,fixture-task-05567,false
5568,fixture-task-05568,true
5569,fixture-task-05569,false
5570,fixture-task-05570,false
5571,fixture-task-05571,true
5572,fixture-task-05572,false
5573,fixture-task-05573,false
5574,fixture-task-05574,true
5575,fixture-task-05575,false
5576,fixture-task-05576,false
5577,fixture-task-05577,true
5578,fixture-task-05578,false
5579,fixture-task-05579,false
5580,fixture-task-05580,true
5581,fixture-task-05581,false
5582,fixture-task-05582,false
5583,fixture-task-05583,true
5584,fixture-task-05584,false
5585,fixture-task-05585,false
5586,fixture-task-05586,true
5587,fixture-task-05587,false
5588,fixture-task-05588,false
5589,fixture-task-05589,true
5590,fixture-task-05590,false
5591,fixture-task-05591,false
5592,fixture-task-05592,true
5593,fixture-task-05593,false
5594,fixture-task-05594,false
5595,fixture-task-05595,true
5596,fixture-task-05596,false
5597,fixture-task-05597,false
5598,fixture-task-05598,true
5599,fixture-task-05599,false
5600,fixture-task-05600,false
5601,fixture-task-05601,true
5602,fixture-task-05602,false
5603,fixture-task-05603,false
5604,fixture-task-05604,true
5605,fixture-task-05605,false
5606,fixture-task-05606,false
5607,fixture-task-05607,true
5608,fixture-task-05608,false
5609,fixture-task-05609,false
5610,fixture-task-05610,true
5611,fixture-task-05611,false
5612,fixture-task-05612,false
5613,fixture-task-05613,true
5614,fixture-task-05614,false
5615,fixture-task-05615,false
5616,fixture-task-05616,true
5617,fixture-task-05617,false
5618,fixture-task-05618,false
5619,fixture-task-05619,true
5620,fixture-task-05620,false
5621,fixture-task-05621,false
5622,fixture-task-05622,true
5623,fixture-task-05623,false
5624,fixture-task-05624,false
5625,fixture-task-05625,true
5626,fixture-task-05626,false
5627,fixture-task-05627,false
5628,fixture-task-05628,true
5629,fixture-task-05629,false
5630,fixture-task-05630,false
5631,fixture-task-05631,true
5632,fixture-task-05632,false
5633,fixture-task-05633,false
5634,fixture-task-05634,true
5635,fixture-task-05635,false
5636,fixture-task-05636,false
5637,fixture-task-05637,true
5638,fixture-task-05638,false
5639,fixture-task-05639,false
5640,fixture-task-05640,true
5641,fixture-task-05641,false
5642,fixture-task-05642,false
5643,fixture-task-05643,true
5644,fixture-task-05644,false
5645,fixture-task-05645,false
5646,fixture-task-05646,true
5647,fixture-task-05647,false
5648,fixture-task-05648,false
5649,fixture-task-05649,true
5650,fixture-task-05650,false
5651,fixture-task-05651,false
5652,fixture-task-05652,true
5653,fixture-task-05653,false
5654,fixture-task-05654,false
5655,fixture-task-05655,true
5656,fixture-task-05656,false
5657,fixture-task-05657,false
5658,fixture-task-05658,true
5659,fixture-task-05659,false
5660,fixture-task-05660,false
5661,fixture-task-05661,true
5662,fixture-task-05662,false
5663,fixture-task-05663,false
5664,fixture-task-05664,true
5665,fixture-task-05665,false
5666,fixture-task-05666,false
5667,fixture-task-05667,true
5668,fixture-task-05668,false
5669,fixture-task-05669,false
5670,fixture-task-05670,true
5671,fixture-task-05671,false
5672,fixture-task-05672,false
5673,fixture-task-05673,true
5674,fixture-task-05674,false
5675,fixture-task-05675,false
5676,fixture-task-05676,true
5677,fixture-task-05677,false
5678,fixture-task-05678,false
5679,fixture-task-05679,true
5680,fixture-task-05680,false
5681,fixture-task-05681,false
5682,fixture-task-05682,true
5683,fixture-task-05683,false
5684,fixture-task-05684,false
5685,fixture-task-05685,true
5686,fixture-task-05686,false
5687,fixture-task-05687,false
5688,fixture-task-05688,true
5689,fixture-task-05689,false
5690,fixture-task-05690,false
5691,fixture-task-05691,true
5692,fixture-task-05692,false
5693,fixture-task-05693,false
5694,fixture-task-05694,true
5695,fixture-task-05695,false
5696,fixture-task-05696,false
5697,fixture-task-05697,true
5698,fixture-task-05698,false
5699,fixture-task-05699,false
5700,fixture-task-05700,true
5701,fixture-task-05701,false
5702,fixture-task-05702,false
5703,fixture-task-05703,true
5704,fixture-task-05704,false
5705,fixture-task-05705,false
5706,fixture-task-05706,true
5707,fixture-task-05707,false
5708,fixture-task-05708,false
5709,fixture-task-05709,true
5710,fixture-task-05710,false
5711,fixture-task-05711,false
5712,fixture-task-05712,true
5713,fixture-task-05713,false
5714,fixture-task-05714,false
5715,fixture-task-05715,true
5716,fixture-task-05716,false
5717,fixture-task-05717,false
5718,fixture-task-05718,true
5719,fixture-task-05719,false
5720,fixture-task-05720,false
5721,fixture-task-05721,true
5722,fixture-task-05722,false
5723,fixture-task-05723,false
5724,fixture-task-05724,true
5725,fixture-task-05725,false
5726,fixture-task-05726,false
5727,fixture-task-05727,true
5728,fixture-task-05728,false
5729,fixture-task-05729,false
5730,fixture-task-05730,true
5731,fixture-task-05731,false
5732,fixture-task-05732,false
5733,fixture-task-05733,true
5734,fixture-task-05734,false
5735,fixture-task-05735,false
5736,fixture-task-05736,true
5737,fixture-task-05737,false
5738,fixture-task-05738,false
5739,fixture-task-05739,true
5740,fixture-task-05740,false
5741,fixture-task-05741,false
5742,fixture-task-05742,true
5743,fixture-task-05743,false
5744,fixture-task-05744,false
5745,fixture-task-05745,true
5746,fixture-task-05746,false
5747,fixture-task-05747,false
5748,fixture-task-05748,true
5749,fixture-task-05749,false
5750,fixture-task-05750,false
5751,fixture-task-05751,true
5752,fixture-task-05752,false
5753,fixture-task-05753,false
5754,fixture-task-05754,true
5755,fixture-task-05755,false
5756,fixture-task-05756,false
5757,fixture-task-05757,true
5758,fixture-task-05758,false
5759,fixture-task-05759,false
5760,fixture-task-05760,true
5761,fixture-task-05761,false
5762,fixture-task-05762,false
5763,fixture-task-05763,true
5764,fixture-task-05764,false
5765,fixture-task-05765,false
5766,fixture-task-05766,true
5767,fixture-task-05767,false
5768,fixture-task-05768,false
5769,fixture-task-05769,true
5770,fixture-task-05770,false
5771,fixture-task-05771,false
5772,fixture-task-05772,true
5773,fixture-task-05773,false
5774,fixture-task-05774,false
5775,fixture-task-05775,true
5776,fixture-task-05776,false
5777,fixture-task-05777,false
5778,fixture-task-05778,true
5779,fixture-task-05779,false
5780,fixture-task-05780,false
5781,fixture-task-05781,true
5782,fixture-task-05782,false
5783,fixture-task-05783,false
5784,fixture-task-05784,true
5785,fixture-task-05785,false
5786,fixture-task-05786,false
5787,fixture-task-05787,true
5788,fixture-task-05788,false
5789,fixture-task-05789,false
5790,fixture-task-05790,true
5791,fixture-task-05791,false
5792,fixture-task-05792,false
5793,fixture-task-05793,true
5794,fixture-task-05794,false
5795,fixture-task-05795,false
5796,fixture-task-05796,true
5797,fixture-task-05797,false
5798,fixture-task-05798,false
5799,fixture-task-05799,true
5800,fixture-task-05800,false
5801,fixture-task-05801,false
5802,fixture-task-05802,true
5803,fixture-task-05803,false
5804,fixture-task-05804,false
5805,fixture-task-05805,true
5806,fixture-task-05806,false
5807,fixture-task-05807,false
5808,fixture-task-05808,true
5809,fixture-task-05809,false
5810,fixture-task-05810,false
5811,fixture-task-05811,true
5812,fixture-task-05812,false
5813,fixture-task-05813,false
5814,fixture-task-05814,true
5815,fixture-task-05815,false
5816,fixture-task-05816,false
5817,fixture-task-05817,true
5818,fixture-task-05818,false
5819,fixture-task-05819,false
5820,fixture-task-05820,true
5821,fixture-task-05821,false
5822,fixture-task-05822,false
5823,fixture-task-05823,true
5824,fixture-task-05824,false
5825,fixture-task-05825,false
5826,fixture-task-05826,true
5827,fixture-task-05827,false
5828,fixture-task-05828,false
5829,fixture-task-05829,true
5830,fixture-task-05830,false
5831,fixture-task-05831,false
5832,fixture-task-05832,true
5833,fixture-task-05833,false
5834,fixture-task-05834,false
5835,fixture-task-05835,true
5836,fixture-task-05836,false
5837,fixture-task-05837,false
5838,fixture-task-05838,true
5839,fixture-task-05839,false
5840,fixture-task-05840,false
5841,fixture-task-05841,true
5842,fixture-task-05842,false
5843,fixture-task-05843,false
5844,fixture-task-05844,true
5845,fixture-task-05845,false
5846,fixture-task-05846,false
5847,fixture-task-05847,true
5848,fixture-task-05848,false
5849,fixture-task-05849,false
5850,fixture-task-05850,true
5851,fixture-task-05851,false
5852,fixture-task-05852,false
5853,fixture-task-05853,true
5854,fixture-task-05854,false
5855,fixture-task-05855,false
5856,fixture-task-05856,true
5857,fixture-task-05857,false
5858,fixture-task-05858,false
5859,fixture-task-05859,true
5860,fixture-task-05860,false
5861,fixture-task-05861,false
5862,fixture-task-05862,true
5863,fixture-task-05863,false
5864,fixture-task-05864,false
5865,fixture-task-05865,true
5866,fixture-task-05866,false
5867,fixture-task-05867,false
5868,fixture-task-05868,true
5869,fixture-task-05869,false
5870,fixture-task-05870,false
5871,fixture-task-05871,true
5872,fixture-task-05872,false
5873,fixture-task-05873,false
5874,fixture-task-05874,true
5875,fixture-task-05875,false
5876,fixture-task-05876,false
5877,fixture-task-05877,true
5878,fixture-task-05878,false
5879,fixture-task-05879,false
5880,fixture-task-05880,true
5881,fixture-task-05881,false
5882,fixture-task-05882,false
5883,fixture-task-05883,true
5884,fixture-task-05884,false
5885,fixture-task-05885,false
5886,fixture-task-05886,true
5887,fixture-task-05887,false
5888,fixture-task-05888,false
5889,fixture-task-05889,true
5890,fixture-task-05890,false
5891,fixture-task-05891,false
5892,fixture-task-05892,true
5893,fixture-task-05893,false
5894,fixture-task-05894,false
5895,fixture-task-05895,true
5896,fixture-task-05896,false
5897,fixture-task-05897,false
5898,fixture-task-05898,true
5899,fixture-task-05899,false
5900,fixture-task-05900,false
5901,fixture-task-05901,true
5902,fixture-task-05902,false
5903,fixture-task-05903,false
5904,fixture-task-05904,true
5905,fixture-task-05905,false
5906,fixture-task-05906,false
5907,fixture-task-05907,true
5908,fixture-task-05908,false
5909,fixture-task-05909,false
5910,fixture-task-05910,true
5911,fixture-task-05911,false
5912,fixture-task-05912,false
5913,fixture-task-05913,true
5914,fixture-task-05914,false
5915,fixture-task-05915,false
5916,fixture-task-05916,true
5917,fixture-task-05917,false
5918,fixture-task-05918,false
5919,fixture-task-05919,true
5920,fixture-task-05920,false
5921,fixture-task-05921,false
5922,fixture-task-05922,true
5923,fixture-task-05923,false
5924,fixture-task-05924,false
5925,fixture-task-05925,true
5926,fixture-task-05926,false
5927,fixture-task-05927,false
5928,fixture-task-05928,true
5929,fixture-task-05929,false
5930,fixture-task-05930,false
5931,fixture-task-05931,true
5932,fixture-task-05932,false
5933,fixture-task-05933,false
5934,fixture-task-05934,true
5935,fixture-task-05935,false
5936,fixture-task-05936,false
5937,fixture-task-05937,true
5938,fixture-task-05938,false
5939,fixture-task-05939,false
5940,fixture-task-05940,true
5941,fixture-task-05941,false
5942,fixture-task-05942,false
5943,fixture-task-05943,true
5944,fixture-task-05944,false
5945,fixture-task-05945,false
5946,fixture-task-05946,true
5947,fixture-task-05947,false
5948,fixture-task-05948,false
5949,fixture-task-05949,true
5950,fixture-task-05950,false
5951,fixture-task-05951,false
5952,fixture-task-05952,true
5953,fixture-task-05953,false
5954,fixture-task-05954,false
5955,fixture-task-05955,true
5956,fixture-task-05956,false
5957,fixture-task-05957,false
5958,fixture-task-05958,true
5959,fixture-task-05959,false
5960,fixture-task-05960,false
5961,fixture-task-05961,true
5962,fixture-task-05962,false
5963,fixture-task-05963,false
5964,fixture-task-05964,true
5965,fixture-task-05965,false
5966,fixture-task-05966,false
5967,fixture-task-05967,true
5968,fixture-task-05968,false
5969,fixture-task-05969,false
5970,fixture-task-05970,true
5971,fixture-task-05971,false
5972,fixture-task-05972,false
5973,fixture-task-05973,true
5974,fixture-task-05974,false
5975,fixture-task-05975,false
5976,fixture-task-05976,true
5977,fixture-task-05977,false
5978,fixture-task-05978,false
5979,fixture-task-05979,true
5980,fixture-task-05980,false
5981,fixture-task-05981,false
5982,fixture-task-05982,true
5983,fixture-task-05983,false
5984,fixture-task-05984,false
5985,fixture-task-05985,true
5986,fixture-task-05986,false
5987,fixture-task-05987,false
5988,fixture-task-05988,true
5989,fixture-task-05989,false
5990,fixture-task-05990,false
5991,fixture-task-05991,true
5992,fixture-task-05992,false
5993,fixture-task-05993,false
5994,fixture-task-05994,true
5995,fixture-task-05995,false
5996,fixture-task-05996,false
5997,fixture-task-05997,true
5998,fixture-task-05998,false
5999,fixture-task-05999,false
6000,fixture-task-06000,true
6001,fixture-task-06001,false
6002,fixture-task-06002,false
6003,fixture-task-06003,true
6004,fixture-task-06004,false
6005,fixture-task-06005,false
6006,fixture-task-06006,true
6007,fixture-task-06007,false
6008,fixture-task-06008,false
6009,fixture-task-06009,true
6010,fixture-task-06010,false
6011,fixture-task-06011,false
6012,fixture-task-06012,true
6013,fixture-task-06013,false
6014,fixture-task-06014,false
6015,fixture-task-06015,true
6016,fixture-task-06016,false
6017,fixture-task-06017,false
6018,fixture-task-06018,true
6019,fixture-task-06019,false
6020,fixture-task-06020,false
6021,fixture-task-06021,true
6022,fixture-task-06022,false
6023,fixture-task-06023,false
6024,fixture-task-06024,true
6025,fixture-task-06025,false
6026,fixture-task-06026,false
6027,fixture-task-06027,true
6028,fixture-task-06028,false
6029,fixture-task-06029,false
6030,fixture-task-06030,true
6031,fixture-task-06031,false
6032,fixture-task-06032,false
6033,fixture-task-06033,true
6034,fixture-task-06034,false
6035,fixture-task-06035,false
6036,fixture-task-06036,true
6037,fixture-task-06037,false
6038,fixture-task-06038,false
6039,fixture-task-06039,true
6040,fixture-task-06040,false
6041,fixture-task-06041,false
6042,fixture-task-06042,true
6043,fixture-task-06043,false
6044,fixture-task-06044,false
6045,fixture-task-06045,true
6046,fixture-task-06046,false
6047,fixture-task-06047,false
6048,fixture-task-06048,true
6049,fixture-task-06049,false
6050,fixture-task-06050,false
6051,fixture-task-06051,true
6052,fixture-task-06052,false
6053,fixture-task-06053,false
6054,fixture-task-06054,true
6055,fixture-task-06055,false
6056,fixture-task-06056,false
6057,fixture-task-06057,true
6058,fixture-task-06058,false
6059,fixture-task-06059,false
6060,fixture-task-06060,true
6061,fixture-task-06061,false
6062,fixture-task-06062,false
6063,fixture-task-06063,true
6064,fixture-task-06064,false
6065,fixture-task-06065,false
6066,fixture-task-06066,true
6067,fixture-task-06067,false
6068,fixture-task-06068,false
6069,fixture-task-06069,true
6070,fixture-task-06070,false
6071,fixture-task-06071,false
6072,fixture-task-06072,true
6073,fixture-task-06073,false
6074,fixture-task-06074,false
6075,fixture-task-06075,true
6076,fixture-task-06076,false
6077,fixture-task-06077,false
6078,fixture-task-06078,true
6079,fixture-task-06079,false
6080,fixture-task-06080,false
6081,fixture-task-06081,true
6082,fixture-task-06082,false
6083,fixture-task-06083,false
6084,fixture-task-06084,true
6085,fixture-task-06085,false
6086,fixture-task-06086,false
6087,fixture-task-06087,true
6088,fixture-task-06088,false
6089,fixture-task-06089,false
6090,fixture-task-06090,true
6091,fixture-task-06091,false
6092,fixture-task-06092,false
6093,fixture-task-06093,true
6094,fixture-task-06094,false
6095,fixture-task-06095,false
6096,fixture-task-06096,true
6097,fixture-task-06097,false
6098,fixture-task-06098,false
6099,fixture-task-06099,true
6100,fixture-task-06100,false
6101,fixture-task-06101,false
6102,fixture-task-06102,true
6103,fixture-task-06103,false
6104,fixture-task-06104,false
6105,fixture-task-06105,true
6106,fixture-task-06106,false
6107,fixture-task-06107,false
6108,fixture-task-06108,true
6109,fixture-task-06109,false
6110,fixture-task-06110,false
6111,fixture-task-06111,true
6112,fixture-task-06112,false
6113,fixture-task-06113,false
6114,fixture-task-06114,true
6115,fixture-task-06115,false
6116,fixture-task-06116,false
6117,fixture-task-06117,true
6118,fixture-task-06118,false
6119,fixture-task-06119,false
6120,fixture-task-06120,true
6121,fixture-task-06121,false
6122,fixture-task-06122,false
6123,fixture-task-06123,true
6124,fixture-task-06124,false
6125,fixture-task-06125,false
6126,fixture-task-06126,true
6127,fixture-task-06127,false
6128,fixture-task-06128,false
6129,fixture-task-06129,true
6130,fixture-task-06130,false
6131,fixture-task-06131,false
6132,fixture-task-06132,true
6133,fixture-task-06133,false
6134,fixture-task-06134,false
6135,fixture-task-06135,true
6136,fixture-task-06136,false
6137,fixture-task-06137,false
6138,fixture-task-06138,true
6139,fixture-task-06139,false
6140,fixture-task-06140,false
6141,fixture-task-06141,true
6142,fixture-task-06142,false
6143,fixture-task-06143,false
6144,fixture-task-06144,true
6145,fixture-task-06145,false
6146,fixture-task-06146,false
6147,fixture-task-06147,true
6148,fixture-task-06148,false
6149,fixture-task-06149,false
6150,fixture-task-06150,true
6151,fixture-task-06151,false
6152,fixture-task-06152,false
6153,fixture-task-06153,true
6154,fixture-task-06154,false
6155,fixture-task-06155,false
6156,fixture-task-06156,true
6157,fixture-task-06157,false
6158,fixture-task-06158,false
6159,fixture-task-06159,true
6160,fixture-task-06160,false
6161,fixture-task-06161,false
6162,fixture-task-06162,true
6163,fixture-task-06163,false
6164,fixture-task-06164,false
6165,fixture-task-06165,true
6166,fixture-task-06166,false
6167,fixture-task-06167,false
6168,fixture-task-06168,true
6169,fixture-task-06169,false
6170,fixture-task-06170,false
6171,fixture-task-06171,true
6172,fixture-task-06172,false
6173,fixture-task-06173,false
6174,fixture-task-06174,true
6175,fixture-task-06175,false
6176,fixture-task-06176,false
6177,fixture-task-06177,true
6178,fixture-task-06178,false
6179,fixture-task-06179,false
6180,fixture-task-06180,true
6181,fixture-task-06181,false
6182,fixture-task-06182,false
6183,fixture-task-06183,true
6184,fixture-task-06184,false
6185,fixture-task-06185,false
6186,fixture-task-06186,true
6187,fixture-task-06187,false
6188,fixture-task-06188,false
6189,fixture-task-06189,true
6190,fixture-task-06190,false
6191,fixture-task-06191,false
6192,fixture-task-06192,true
6193,fixture-task-06193,false
6194,fixture-task-06194,false
6195,fixture-task-06195,true
6196,fixture-task-06196,false
6197,fixture-task-06197,false
6198,fixture-task-06198,true
6199,fixture-task-06199,false
6200,fixture-task-06200,false
6201,fixture-task-06201,true
6202,fixture-task-06202,false
6203,fixture-task-06203,false
6204,fixture-task-06204,true
6205,fixture-task-06205,false
6206,fixture-task-06206,false
6207,fixture-task-06207,true
6208,fixture-task-06208,false
6209,fixture-task-06209,false
6210,fixture-task-06210,true
6211,fixture-task-06211,false
6212,fixture-task-06212,false
6213,fixture-task-06213,true
6214,fixture-task-06214,false
6215,fixture-task-06215,false
6216,fixture-task-06216,true
6217,fixture-task-06217,false
6218,fixture-task-06218,false
6219,fixture-task-06219,true
6220,fixture-task-06220,false
6221,fixture-task-06221,false
6222,fixture-task-06222,true
6223,fixture-task-06223,false
6224,fixture-task-06224,false
6225,fixture-task-06225,true
6226,fixture-task-06226,false
6227,fixture-task-06227,false
6228,fixture-task-06228,true
6229,fixture-task-06229,false
6230,fixture-task-06230,false
6231,fixture-task-06231,true
6232,fixture-task-06232,false
6233,fixture-task-06233,false
6234,fixture-task-06234,true
6235,fixture-task-06235,false
6236,fixture-task-06236,false
6237,fixture-task-06237,true
6238,fixture-task-06238,false
6239,fixture-task-06239,false
6240,fixture-task-06240,true
6241,fixture-task-06241,false
6242,fixture-task-06242,false
6243,fixture-task-06243,true
6244,fixture-task-06244,false
6245,fixture-task-06245,false
6246,fixture-task-06246,true
6247,fixture-task-06247,false
6248,fixture-task-06248,false
6249,fixture-task-06249,true
6250,fixture-task-06250,false
6251,fixture-task-06251,false
6252,fixture-task-06252,true
6253,fixture-task-06253,false
6254,fixture-task-06254,false
6255,fixture-task-06255,true
6256,fixture-task-06256,false
6257,fixture-task-06257,false
6258,fixture-task-06258,true
6259,fixture-task-06259,false
6260,fixture-task-06260,false
6261,fixture-task-06261,true
6262,fixture-task-06262,false
6263,fixture-task-06263,false
6264,fixture-task-06264,true
6265,fixture-task-06265,false
6266,fixture-task-06266,false
6267,fixture-task-06267,true
6268,fixture-task-06268,false
6269,fixture-task-06269,false
6270,fixture-task-06270,true
6271,fixture-task-06271,false
6272,fixture-task-06272,false
6273,fixture-task-06273,true
6274,fixture-task-06274,false
6275,fixture-task-06275,false
6276,fixture-task-06276,true
6277,fixture-task-06277,false
6278,fixture-task-06278,false
6279,fixture-task-06279,true
6280,fixture-task-06280,false
6281,fixture-task-06281,false
6282,fixture-task-06282,true
6283,fixture-task-06283,false
6284,fixture-task-06284,false
6285,fixture-task-06285,true
6286,fixture-task-06286,false
6287,fixture-task-06287,false
6288,fixture-task-06288,true
6289,fixture-task-06289,false
6290,fixture-task-06290,false
6291,fixture-task-06291,true
6292,fixture-task-06292,false
6293,fixture-task-06293,false
6294,fixture-task-06294,true
6295,fixture-task-06295,false
6296,fixture-task-06296,false
6297,fixture-task-06297,true
6298,fixture-task-06298,false
6299,fixture-task-06299,false
6300,fixture-task-06300,true
6301,fixture-task-06301,false
6302,fixture-task-06302,false
6303,fixture-task-06303,true
6304,fixture-task-06304,false
6305,fixture-task-06305,false
6306,fixture-task-06306,true
6307,fixture-task-06307,false
6308,fixture-task-06308,false
6309,fixture-task-06309,true
6310,fixture-task-06310,false
6311,fixture-task-06311,false
6312,fixture-task-06312,true
6313,fixture-task-06313,false
6314,fixture-task-06314,false
6315,fixture-task-06315,true
6316,fixture-task-06316,false
6317,fixture-task-06317,false
6318,fixture-task-06318,true
6319,fixture-task-06319,false
6320,fixture-task-06320,false
6321,fixture-task-06321,true
6322,fixture-task-06322,false
6323,fixture-task-06323,false
6324,fixture-task-06324,true
6325,fixture-task-06325,false
6326,fixture-task-06326,false
6327,fixture-task-06327,true
6328,fixture-task-06328,false
6329,fixture-task-06329,false
6330,fixture-task-06330,true
6331,fixture-task-06331,false
6332,fixture-task-06332,false
6333,fixture-task-06333,true
6334,fixture-task-06334,false
6335,fixture-task-06335,false
6336,fixture-task-06336,true
6337,fixture-task-06337,false
6338,fixture-task-06338,false
6339,fixture-task-06339,true
6340,fixture-task-06340,false
6341,fixture-task-06341,false
6342,fixture-task-06342,true
6343,fixture-task-06343,false
6344,fixture-task-06344,false
6345,fixture-task-06345,true
6346,fixture-task-06346,false
6347,fixture-task-06347,false
6348,fixture-task-06348,true
6349,fixture-task-06349,false
6350,fixture-task-06350,false
6351,fixture-task-06351,true
6352,fixture-task-06352,false
6353,fixture-task-06353,false
6354,fixture-task-06354,true
6355,fixture-task-06355,false
6356,fixture-task-06356,false
6357,fixture-task-06357,true
6358,fixture-task-06358,false
6359,fixture-task-06359,false
6360,fixture-task-06360,true
6361,fixture-task-06361,false
6362,fixture-task-06362,false
6363,fixture-task-06363,true
6364,fixture-task-06364,false
6365,fixture-task-06365,false
6366,fixture-task-06366,true
6367,fixture-task-06367,false
6368,fixture-task-06368,false
6369,fixture-task-06369,true
6370,fixture-task-06370,false
6371,fixture-task-06371,false
6372,fixture-task-06372,true
6373,fixture-task-06373,false
6374,fixture-task-06374,false
6375,fixture-task-06375,true
6376,fixture-task-06376,false
6377,fixture-task-06377,false
6378,fixture-task-06378,true
6379,fixture-task-06379,false
6380,fixture-task-06380,false
6381,fixture-task-06381,true
6382,fixture-task-06382,false
6383,fixture-task-06383,false
6384,fixture-task-06384,true
6385,fixture-task-06385,false
6386,fixture-task-06386,false
6387,fixture-task-06387,true
6388,fixture-task-06388,false
6389,fixture-task-06389,false
6390,fixture-task-06390,true
6391,fixture-task-06391,false
6392,fixture-task-06392,false
6393,fixture-task-06393,true
6394,fixture-task-06394,false
6395,fixture-task-06395,false
6396,fixture-task-06396,true
6397,fixture-task-06397,false
6398,fixture-task-06398,false
6399,fixture-task-06399,true
6400,fixture-task-06400,false
6401,fixture-task-06401,false
6402,fixture-task-06402,true
6403,fixture-task-06403,false
6404,fixture-task-06404,false
6405,fixture-task-06405,true
6406,fixture-task-06406,false
6407,fixture-task-06407,false
6408,fixture-task-06408,true
6409,fixture-task-06409,false
6410,fixture-task-06410,false
6411,fixture-task-06411,true
6412,fixture-task-06412,false
6413,fixture-task-06413,false
6414,fixture-task-06414,true
6415,fixture-task-06415,false
6416,fixture-task-06416,false
6417,fixture-task-06417,true
6418,fixture-task-06418,false
6419,fixture-task-06419,false
6420,fixture-task-06420,true
6421,fixture-task-06421,false
6422,fixture-task-06422,false
6423,fixture-task-06423,true
6424,fixture-task-06424,false
6425,fixture-task-06425,false
6426,fixture-task-06426,true
6427,fixture-task-06427,false
6428,fixture-task-06428,false
6429,fixture-task-06429,true
6430,fixture-task-06430,false
6431,fixture-task-06431,false
6432,fixture-task-06432,true
6433,fixture-task-06433,false
6434,fixture-task-06434,false
6435,fixture-task-06435,true
6436,fixture-task-06436,false
6437,fixture-task-06437,false
6438,fixture-task-06438,true
6439,fixture-task-06439,false
6440,fixture-task-06440,false
6441,fixture-task-06441,true
6442,fixture-task-06442,false
6443,fixture-task-06443,false
6444,fixture-task-06444,true
6445,fixture-task-06445,false
6446,fixture-task-06446,false
6447,fixture-task-06447,true
6448,fixture-task-06448,false
6449,fixture-task-06449,false
6450,fixture-task-06450,true
6451,fixture-task-06451,false
6452,fixture-task-06452,false
6453,fixture-task-06453,true
6454,fixture-task-06454,false
6455,fixture-task-06455,false
6456,fixture-task-06456,true
6457,fixture-task-06457,false
6458,fixture-task-06458,false
6459,fixture-task-06459,true
6460,fixture-task-06460,false
6461,fixture-task-06461,false
6462,fixture-task-06462,true
6463,fixture-task-06463,false
6464,fixture-task-06464,false
6465,fixture-task-06465,true
6466,fixture-task-06466,false
6467,fixture-task-06467,false
6468,fixture-task-06468,true
6469,fixture-task-06469,false
6470,fixture-task-06470,false
6471,fixture-task-06471,true
6472,fixture-task-06472,false
6473,fixture-task-06473,false
6474,fixture-task-06474,true
6475,fixture-task-06475,false
6476,fixture-task-06476,false
6477,fixture-task-06477,true
6478,fixture-task-06478,false
6479,fixture-task-06479,false
6480,fixture-task-06480,true
6481,fixture-task-06481,false
6482,fixture-task-06482,false
6483,fixture-task-06483,true
6484,fixture-task-06484,false
6485,fixture-task-06485,false
6486,fixture-task-06486,true
6487,fixture-task-06487,false
6488,fixture-task-06488,false
6489,fixture-task-06489,true
6490,fixture-task-06490,false
6491,fixture-task-06491,false
6492,fixture-task-06492,true
6493,fixture-task-06493,false
6494,fixture-task-06494,false
6495,fixture-task-06495,true
6496,fixture-task-06496,false
6497,fixture-task-06497,false
6498,fixture-task-06498,true
6499,fixture-task-06499,false
6500,fixture-task-06500,false
6501,fixture-task-06501,true
6502,fixture-task-06502,false
6503,fixture-task-06503,false
6504,fixture-task-06504,true
6505,fixture-task-06505,false
6506,fixture-task-06506,false
6507,fixture-task-06507,true
6508,fixture-task-06508,false
6509,fixture-task-06509,false
6510,fixture-task-06510,true
6511,fixture-task-06511,false
6512,fixture-task-06512,false
6513,fixture-task-06513,true
6514,fixture-task-06514,false
6515,fixture-task-06515,false
6516,fixture-task-06516,true
6517,fixture-task-06517,false
6518,fixture-task-06518,false
6519,fixture-task-06519,true
6520,fixture-task-06520,false
6521,fixture-task-06521,false
6522,fixture-task-06522,true
6523,fixture-task-06523,false
6524,fixture-task-06524,false
6525,fixture-task-06525,true
6526,fixture-task-06526,false
6527,fixture-task-06527,false
6528,fixture-task-06528,true
6529,fixture-task-06529,false
6530,fixture-task-06530,false
6531,fixture-task-06531,true
6532,fixture-task-06532,false
6533,fixture-task-06533,false
6534,fixture-task-06534,true
6535,fixture-task-06535,false
6536,fixture-task-06536,false
6537,fixture-task-06537,true
6538,fixture-task-06538,false
6539,fixture-task-06539,false
6540,fixture-task-06540,true
6541,fixture-task-06541,false
6542,fixture-task-06542,false
6543,fixture-task-06543,true
6544,fixture-task-06544,false
6545,fixture-task-06545,false
6546,fixture-task-06546,true
6547,fixture-task-06547,false
6548,fixture-task-06548,false
6549,fixture-task-06549,true
6550,fixture-task-06550,false
6551,fixture-task-06551,false
6552,fixture-task-06552,true
6553,fixture-task-06553,false
6554,fixture-task-06554,false
6555,fixture-task-06555,true
6556,fixture-task-06556,false
6557,fixture-task-06557,false
6558,fixture-task-06558,true
6559,fixture-task-06559,false
6560,fixture-task-06560,false
6561,fixture-task-06561,true
6562,fixture-task-06562,false
6563,fixture-task-06563,false
6564,fixture-task-06564,true
6565,fixture-task-06565,false
6566,fixture-task-06566,false
6567,fixture-task-06567,true
6568,fixture-task-06568,false
6569,fixture-task-06569,false
6570,fixture-task-06570,true
6571,fixture-task-06571,false
6572,fixture-task-06572,false
6573,fixture-task-06573,true
6574,fixture-task-06574,false
6575,fixture-task-06575,false
6576,fixture-task-06576,true
6577,fixture-task-06577,false
6578,fixture-task-06578,false
6579,fixture-task-06579,true
6580,fixture-task-06580,false
6581,fixture-task-06581,false
6582,fixture-task-06582,true
6583,fixture-task-06583,false
6584,fixture-task-06584,false
6585,fixture-task-06585,true
6586,fixture-task-06586,false
6587,fixture-task-06587,false
6588,fixture-task-06588,true
6589,fixture-task-06589,false
6590,fixture-task-06590,false
6591,fixture-task-06591,true
6592,fixture-task-06592,false
6593,fixture-task-06593,false
6594,fixture-task-06594,true
6595,fixture-task-06595,false
6596,fixture-task-06596,false
6597,fixture-task-06597,true
6598,fixture-task-06598,false
6599,fixture-task-06599,false
6600,fixture-task-06600,true
6601,fixture-task-06601,false
6602,fixture-task-06602,false
6603,fixture-task-06603,true
6604,fixture-task-06604,false
6605,fixture-task-06605,false
6606,fixture-task-06606,true
6607,fixture-task-06607,false
6608,fixture-task-06608,false
6609,fixture-task-06609,true
6610,fixture-task-06610,false
6611,fixture-task-06611,false
6612,fixture-task-06612,true
6613,fixture-task-06613,false
6614,fixture-task-06614,false
6615,fixture-task-06615,true
6616,fixture-task-06616,false
6617,fixture-task-06617,false
6618,fixture-task-06618,true
6619,fixture-task-06619,false
6620,fixture-task-06620,false
6621,fixture-task-06621,true
6622,fixture-task-06622,false
6623,fixture-task-06623,false
6624,fixture-task-06624,true
6625,fixture-task-06625,false
6626,fixture-task-06626,false
6627,fixture-task-06627,true
6628,fixture-task-06628,false
6629,fixture-task-06629,false
6630,fixture-task-06630,true
6631,fixture-task-06631,false
6632,fixture-task-06632,false
6633,fixture-task-06633,true
6634,fixture-task-06634,false
6635,fixture-task-06635,false
6636,fixture-task-06636,true
6637,fixture-task-06637,false
6638,fixture-task-06638,false
6639,fixture-task-06639,true
6640,fixture-task-06640,false
6641,fixture-task-06641,false
6642,fixture-task-06642,true
6643,fixture-task-06643,false
6644,fixture-task-06644,false
6645,fixture-task-06645,true
6646,fixture-task-06646,false
6647,fixture-task-06647,false
6648,fixture-task-06648,true
6649,fixture-task-06649,false
6650,fixture-task-06650,false
6651,fixture-task-06651,true
6652,fixture-task-06652,false
6653,fixture-task-06653,false
6654,fixture-task-06654,true
6655,fixture-task-06655,false
6656,fixture-task-06656,false
6657,fixture-task-06657,true
6658,fixture-task-06658,false
6659,fixture-task-06659,false
6660,fixture-task-06660,true
6661,fixture-task-06661,false
6662,fixture-task-06662,false
6663,fixture-task-06663,true
6664,fixture-task-06664,false
6665,fixture-task-06665,false
6666,fixture-task-06666,true
6667,fixture-task-06667,false
6668,fixture-task-06668,false
6669,fixture-task-06669,true
6670,fixture-task-06670,false
6671,fixture-task-06671,false
6672,fixture-task-06672,true
6673,fixture-task-06673,false
6674,fixture-task-06674,false
6675,fixture-task-06675,true
6676,fixture-task-06676,false
6677,fixture-task-06677,false
6678,fixture-task-06678,true
6679,fixture-task-06679,false
6680,fixture-task-06680,false
6681,fixture-task-06681,true
6682,fixture-task-06682,false
6683,fixture-task-06683,false
6684,fixture-task-06684,true
6685,fixture-task-06685,false
6686,fixture-task-06686,false
6687,fixture-task-06687,true
6688,fixture-task-06688,false
6689,fixture-task-06689,false
6690,fixture-task-06690,true
6691,fixture-task-06691,false
6692,fixture-task-06692,false
6693,fixture-task-06693,true
6694,fixture-task-06694,false
6695,fixture-task-06695,false
6696,fixture-task-06696,true
6697,fixture-task-06697,false
6698,fixture-task-06698,false
6699,fixture-task-06699,true
6700,fixture-task-06700,false
6701,fixture-task-06701,false
6702,fixture-task-06702,true
6703,fixture-task-06703,false
6704,fixture-task-06704,false
6705,fixture-task-06705,true
6706,fixture-task-06706,false
6707,fixture-task-06707,false
6708,fixture-task-06708,true
6709,fixture-task-06709,false
6710,fixture-task-06710,false
6711,fixture-task-06711,true
6712,fixture-task-06712,false
6713,fixture-task-06713,false
6714,fixture-task-06714,true
6715,fixture-task-06715,false
6716,fixture-task-06716,false
6717,fixture-task-06717,true
6718,fixture-task-06718,false
6719,fixture-task-06719,false
6720,fixture-task-06720,true
6721,fixture-task-06721,false
6722,fixture-task-06722,false
6723,fixture-task-06723,true
6724,fixture-task-06724,false
6725,fixture-task-06725,false
6726,fixture-task-06726,true
6727,fixture-task-06727,false
6728,fixture-task-06728,false
6729,fixture-task-06729,true
6730,fixture-task-06730,false
6731,fixture-task-06731,false
6732,fixture-task-06732,true
6733,fixture-task-06733,false
6734,fixture-task-06734,false
6735,fixture-task-06735,true
6736,fixture-task-06736,false
6737,fixture-task-06737,false
6738,fixture-task-06738,true
6739,fixture-task-06739,false
6740,fixture-task-06740,false
6741,fixture-task-06741,true
6742,fixture-task-06742,false
6743,fixture-task-06743,false
6744,fixture-task-06744,true
6745,fixture-task-06745,false
6746,fixture-task-06746,false
6747,fixture-task-06747,true
6748,fixture-task-06748,false
6749,fixture-task-06749,false
6750,fixture-task-06750,true
6751,fixture-task-06751,false
6752,fixture-task-06752,false
6753,fixture-task-06753,true
6754,fixture-task-06754,false
6755,fixture-task-06755,false
6756,fixture-task-06756,true
6757,fixture-task-06757,false
6758,fixture-task-06758,false
6759,fixture-task-06759,true
6760,fixture-task-06760,false
6761,fixture-task-06761,false
6762,fixture-task-06762,true
6763,fixture-task-06763,false
6764,fixture-task-06764,false
6765,fixture-task-06765,true
6766,fixture-task-06766,false
6767,fixture-task-06767,false
6768,fixture-task-06768,true
6769,fixture-task-06769,false
6770,fixture-task-06770,false
6771,fixture-task-06771,true
6772,fixture-task-06772,false
6773,fixture-task-06773,false
6774,fixture-task-06774,true
6775,fixture-task-06775,false
6776,fixture-task-06776,false
6777,fixture-task-06777,true
6778,fixture-task-06778,false
6779,fixture-task-06779,false
6780,fixture-task-06780,true
6781,fixture-task-06781,false
6782,fixture-task-06782,false
6783,fixture-task-06783,true
6784,fixture-task-06784,false
6785,fixture-task-06785,false
6786,fixture-task-06786,true
6787,fixture-task-06787,false
6788,fixture-task-06788,false
6789,fixture-task-06789,true
6790,fixture-task-06790,false
6791,fixture-task-06791,false
6792,fixture-task-06792,true
6793,fixture-task-06793,false
6794,fixture-task-06794,false
6795,fixture-task-06795,true
6796,fixture-task-06796,false
6797,fixture-task-06797,false
6798,fixture-task-06798,true
6799,fixture-task-06799,false
6800,fixture-task-06800,false
6801,fixture-task-06801,true
6802,fixture-task-06802,false
6803,fixture-task-06803,false
6804,fixture-task-06804,true
6805,fixture-task-06805,false
6806,fixture-task-06806,false
6807,fixture-task-06807,true
6808,fixture-task-06808,false
6809,fixture-task-06809,false
6810,fixture-task-06810,true
6811,fixture-task-06811,false
6812,fixture-task-06812,false
6813,fixture-task-06813,true
6814,fixture-task-06814,false
6815,fixture-task-06815,false
6816,fixture-task-06816,true
6817,fixture-task-06817,false
6818,fixture-task-06818,false
6819,fixture-task-06819,true
6820,fixture-task-06820,false
6821,fixture-task-06821,false
6822,fixture-task-06822,true
6823,fixture-task-06823,false
6824,fixture-task-06824,false
6825,fixture-task-06825,true
6826,fixture-task-06826,false
6827,fixture-task-06827,false
6828,fixture-task-06828,true
6829,fixture-task-06829,false
6830,fixture-task-06830,false
6831,fixture-task-06831,true
6832,fixture-task-06832,false
6833,fixture-task-06833,false
6834,fixture-task-06834,true
6835,fixture-task-06835,false
6836,fixture-task-06836,false
6837,fixture-task-06837,true
6838,fixture-task-06838,false
6839,fixture-task-06839,false
6840,fixture-task-06840,true
6841,fixture-task-06841,false
6842,fixture-task-06842,false
6843,fixture-task-06843,true
6844,fixture-task-06844,false
6845,fixture-task-06845,false
6846,fixture-task-06846,true
6847,fixture-task-06847,false
6848,fixture-task-06848,false
6849,fixture-task-06849,true
6850,fixture-task-06850,false
6851,fixture-task-06851,false
6852,fixture-task-06852,true
6853,fixture-task-06853,false
6854,fixture-task-06854,false
6855,fixture-task-06855,true
6856,fixture-task-06856,false
6857,fixture-task-06857,false
6858,fixture-task-06858,true
6859,fixture-task-06859,false
6860,fixture-task-06860,false
6861,fixture-task-06861,true
6862,fixture-task-06862,false
6863,fixture-task-06863,false
6864,fixture-task-06864,true
6865,fixture-task-06865,false
6866,fixture-task-06866,false
6867,fixture-task-06867,true
6868,fixture-task-06868,false
6869,fixture-task-06869,false
6870,fixture-task-06870,true
6871,fixture-task-06871,false
6872,fixture-task-06872,false
6873,fixture-task-06873,true
6874,fixture-task-06874,false
6875,fixture-task-06875,false
6876,fixture-task-06876,true
6877,fixture-task-06877,false
6878,fixture-task-06878,false
6879,fixture-task-06879,true
6880,fixture-task-06880,false
6881,fixture-task-06881,false
6882,fixture-task-06882,true
6883,fixture-task-06883,false
6884,fixture-task-06884,false
6885,fixture-task-06885,true
6886,fixture-task-06886,false
6887,fixture-task-06887,false
6888,fixture-task-06888,true
6889,fixture-task-06889,false
6890,fixture-task-06890,false
6891,fixture-task-06891,true
6892,fixture-task-06892,false
6893,fixture-task-06893,false
6894,fixture-task-06894,true
6895,fixture-task-06895,false
6896,fixture-task-06896,false
6897,fixture-task-06897,true
6898,fixture-task-06898,false
6899,fixture-task-06899,false
6900,fixture-task-06900,true
6901,fixture-task-06901,false
6902,fixture-task-06902,false
6903,fixture-task-06903,true
6904,fixture-task-06904,false
6905,fixture-task-06905,false
6906,fixture-task-06906,true
6907,fixture-task-06907,false
6908,fixture-task-06908,false
6909,fixture-task-06909,true
6910,fixture-task-06910,false
6911,fixture-task-06911,false
6912,fixture-task-06912,true
6913,fixture-task-06913,false
6914,fixture-task-06914,false
6915,fixture-task-06915,true
6916,fixture-task-06916,false
6917,fixture-task-06917,false
6918,fixture-task-06918,true
6919,fixture-task-06919,false
6920,fixture-task-06920,false
6921,fixture-task-06921,true
6922,fixture-task-06922,false
6923,fixture-task-06923,false
6924,fixture-task-06924,true
6925,fixture-task-06925,false
6926,fixture-task-06926,false
6927,fixture-task-06927,true
6928,fixture-task-06928,false
6929,fixture-task-06929,false
6930,fixture-task-06930,true
6931,fixture-task-06931,false
6932,fixture-task-06932,false
6933,fixture-task-06933,true
6934,fixture-task-06934,false
6935,fixture-task-06935,false
6936,fixture-task-06936,true
6937,fixture-task-06937,false
6938,fixture-task-06938,false
6939,fixture-task-06939,true
6940,fixture-task-06940,false
6941,fixture-task-06941,false
6942,fixture-task-06942,true
6943,fixture-task-06943,false
6944,fixture-task-06944,false
6945,fixture-task-06945,true
6946,fixture-task-06946,false
6947,fixture-task-06947,false
6948,fixture-task-06948,true
6949,fixture-task-06949,false
6950,fixture-task-06950,false
6951,fixture-task-06951,true
6952,fixture-task-06952,false
6953,fixture-task-06953,false
6954,fixture-task-06954,true
6955,fixture-task-06955,false
6956,fixture-task-06956,false
6957,fixture-task-06957,true
6958,fixture-task-06958,false
6959,fixture-task-06959,false
6960,fixture-task-06960,true
6961,fixture-task-06961,false
6962,fixture-task-06962,false
6963,fixture-task-06963,true
6964,fixture-task-06964,false
6965,fixture-task-06965,false
6966,fixture-task-06966,true
6967,fixture-task-06967,false
6968,fixture-task-06968,false
6969,fixture-task-06969,true
6970,fixture-task-06970,false
6971,fixture-task-06971,false
6972,fixture-task-06972,true
6973,fixture-task-06973,false
6974,fixture-task-06974,false
6975,fixture-task-06975,true
6976,fixture-task-06976,false
6977,fixture-task-06977,false
6978,fixture-task-06978,true
6979,fixture-task-06979,false
6980,fixture-task-06980,false
6981,fixture-task-06981,true
6982,fixture-task-06982,false
6983,fixture-task-06983,false
6984,fixture-task-06984,true
6985,fixture-task-06985,false
6986,fixture-task-06986,false
6987,fixture-task-06987,true
6988,fixture-task-06988,false
6989,fixture-task-06989,false
6990,fixture-task-06990,true
6991,fixture-task-06991,false
6992,fixture-task-06992,false
6993,fixture-task-06993,true
6994,fixture-task-06994,false
6995,fixture-task-06995,false
6996,fixture-task-06996,true
6997,fixture-task-06997,false
6998,fixture-task-06998,false
6999,fixture-task-06999,true
7000,fixture-task-07000,false
7001,fixture-task-07001,false
7002,fixture-task-07002,true
7003,fixture-task-07003,false
7004,fixture-task-07004,false
7005,fixture-task-07005,true
7006,fixture-task-07006,false
7007,fixture-task-07007,false
7008,fixture-task-07008,true
7009,fixture-task-07009,false
7010,fixture-task-07010,false
7011,fixture-task-07011,true
7012,fixture-task-07012,false
7013,fixture-task-07013,false
7014,fixture-task-07014,true
7015,fixture-task-07015,false
7016,fixture-task-07016,false
7017,fixture-task-07017,true
7018,fixture-task-07018,false
7019,fixture-task-07019,false
7020,fixture-task-07020,true
7021,fixture-task-07021,false
7022,fixture-task-07022,false
7023,fixture-task-07023,true
7024,fixture-task-07024,false
7025,fixture-task-07025,false
7026,fixture-task-07026,true
7027,fixture-task-07027,false
7028,fixture-task-07028,false
7029,fixture-task-07029,true
7030,fixture-task-07030,false
7031,fixture-task-07031,false
7032,fixture-task-07032,true
7033,fixture-task-07033,false
7034,fixture-task-07034,false
7035,fixture-task-07035,true
7036,fixture-task-07036,false
7037,fixture-task-07037,false
7038,fixture-task-07038,true
7039,fixture-task-07039,false
7040,fixture-task-07040,false
7041,fixture-task-07041,true
7042,fixture-task-07042,false
7043,fixture-task-07043,false
7044,fixture-task-07044,true
7045,fixture-task-07045,false
7046,fixture-task-07046,false
7047,fixture-task-07047,true
7048,fixture-task-07048,false
7049,fixture-task-07049,false
7050,fixture-task-07050,true
7051,fixture-task-07051,false
7052,fixture-task-07052,false
7053,fixture-task-07053,true
7054,fixture-task-07054,false
7055,fixture-task-07055,false
7056,fixture-task-07056,true
7057,fixture-task-07057,false
7058,fixture-task-07058,false
7059,fixture-task-07059,true
7060,fixture-task-07060,false
7061,fixture-task-07061,false
7062,fixture-task-07062,true
7063,fixture-task-07063,false
7064,fixture-task-07064,false
7065,fixture-task-07065,true
7066,fixture-task-07066,false
7067,fixture-task-07067,false
7068,fixture-task-07068,true
7069,fixture-task-07069,false
7070,fixture-task-07070,false
7071,fixture-task-07071,true
7072,fixture-task-07072,false
7073,fixture-task-07073,false
7074,fixture-task-07074,true
7075,fixture-task-07075,false
7076,fixture-task-07076,false
7077,fixture-task-07077,true
7078,fixture-task-07078,false
7079,fixture-task-07079,false
7080,fixture-task-07080,true
7081,fixture-task-07081,false
7082,fixture-task-07082,false
7083,fixture-task-07083,true
7084,fixture-task-07084,false
7085,fixture-task-07085,false
7086,fixture-task-07086,true
7087,fixture-task-07087,false
7088,fixture-task-07088,false
7089,fixture-task-07089,true
7090,fixture-task-07090,false
7091,fixture-task-07091,false
7092,fixture-task-07092,true
7093,fixture-task-07093,false
7094,fixture-task-07094,false
7095,fixture-task-07095,true
7096,fixture-task-07096,false
7097,fixture-task-07097,false
7098,fixture-task-07098,true
7099,fixture-task-07099,false
7100,fixture-task-07100,false
7101,fixture-task-07101,true
7102,fixture-task-07102,false
7103,fixture-task-07103,false
7104,fixture-task-07104,true
7105,fixture-task-07105,false
7106,fixture-task-07106,false
7107,fixture-task-07107,true
7108,fixture-task-07108,false
7109,fixture-task-07109,false
7110,fixture-task-07110,true
7111,fixture-task-07111,false
7112,fixture-task-07112,false
7113,fixture-task-07113,true
7114,fixture-task-07114,false
7115,fixture-task-07115,false
7116,fixture-task-07116,true
7117,fixture-task-07117,false
7118,fixture-task-07118,false
7119,fixture-task-07119,true
7120,fixture-task-07120,false
7121,fixture-task-07121,false
7122,fixture-task-07122,true
7123,fixture-task-07123,false
7124,fixture-task-07124,false
7125,fixture-task-07125,true
7126,fixture-task-07126,false
7127,fixture-task-07127,false
7128,fixture-task-07128,true
7129,fixture-task-07129,false
7130,fixture-task-07130,false
7131,fixture-task-07131,true
7132,fixture-task-07132,false
7133,fixture-task-07133,false
7134,fixture-task-07134,true
7135,fixture-task-07135,false
7136,fixture-task-07136,false
7137,fixture-task-07137,true
7138,fixture-task-07138,false
7139,fixture-task-07139,false
7140,fixture-task-07140,true
7141,fixture-task-07141,false
7142,fixture-task-07142,false
7143,fixture-task-07143,true
7144,fixture-task-07144,false
7145,fixture-task-07145,false
7146,fixture-task-07146,true
7147,fixture-task-07147,false
7148,fixture-task-07148,false
7149,fixture-task-07149,true
7150,fixture-task-07150,false
7151,fixture-task-07151,false
7152,fixture-task-07152,true
7153,fixture-task-07153,false
7154,fixture-task-07154,false
7155,fixture-task-07155,true
7156,fixture-task-07156,false
7157,fixture-task-07157,false
7158,fixture-task-07158,true
7159,fixture-task-07159,false
7160,fixture-task-07160,false
7161,fixture-task-07161,true
7162,fixture-task-07162,false
7163,fixture-task-07163,false
7164,fixture-task-07164,true
7165,fixture-task-07165,false
7166,fixture-task-07166,false
7167,fixture-task-07167,true
7168,fixture-task-07168,false
7169,fixture-task-07169,false
7170,fixture-task-07170,true
7171,fixture-task-07171,false
7172,fixture-task-07172,false
7173,fixture-task-07173,true
7174,fixture-task-07174,false
7175,fixture-task-07175,false
7176,fixture-task-07176,true
7177,fixture-task-07177,false
7178,fixture-task-07178,false
7179,fixture-task-07179,true
7180,fixture-task-07180,false
7181,fixture-task-07181,false
7182,fixture-task-07182,true
7183,fixture-task-07183,false
7184,fixture-task-07184,false
7185,fixture-task-07185,true
7186,fixture-task-07186,false
7187,fixture-task-07187,false
7188,fixture-task-07188,true
7189,fixture-task-07189,false
7190,fixture-task-07190,false
7191,fixture-task-07191,true
7192,fixture-task-07192,false
7193,fixture-task-07193,false
7194,fixture-task-07194,true
7195,fixture-task-07195,false
7196,fixture-task-07196,false
7197,fixture-task-07197,true
7198,fixture-task-07198,false
7199,fixture-task-07199,false
7200,fixture-task-07200,true
7201,fixture-task-07201,false
7202,fixture-task-07202,false
7203,fixture-task-07203,true
7204,fixture-task-07204,false
7205,fixture-task-07205,false
7206,fixture-task-07206,true
7207,fixture-task-07207,false
7208,fixture-task-07208,false
7209,fixture-task-07209,true
7210,fixture-task-07210,false
7211,fixture-task-07211,false
7212,fixture-task-07212,true
7213,fixture-task-07213,false
7214,fixture-task-07214,false
7215,fixture-task-07215,true
7216,fixture-task-07216,false
7217,fixture-task-07217,false
7218,fixture-task-07218,true
7219,fixture-task-07219,false
7220,fixture-task-07220,false
7221,fixture-task-07221,true
7222,fixture-task-07222,false
7223,fixture-task-07223,false
7224,fixture-task-07224,true
7225,fixture-task-07225,false
7226,fixture-task-07226,false
7227,fixture-task-07227,true
7228,fixture-task-07228,false
7229,fixture-task-07229,false
7230,fixture-task-07230,true
7231,fixture-task-07231,false
7232,fixture-task-07232,false
7233,fixture-task-07233,true
7234,fixture-task-07234,false
7235,fixture-task-07235,false
7236,fixture-task-07236,true
7237,fixture-task-07237,false
7238,fixture-task-07238,false
7239,fixture-task-07239,true
7240,fixture-task-07240,false
7241,fixture-task-07241,false
7242,fixture-task-07242,true
7243,fixture-task-07243,false
7244,fixture-task-07244,false
7245,fixture-task-07245,true
7246,fixture-task-07246,false
7247,fixture-task-07247,false
7248,fixture-task-07248,true
7249,fixture-task-07249,false
7250,fixture-task-07250,false
7251,fixture-task-07251,true
7252,fixture-task-07252,false
7253,fixture-task-07253,false
7254,fixture-task-07254,true
7255,fixture-task-07255,false
7256,fixture-task-07256,false
7257,fixture-task-07257,true
7258,fixture-task-07258,false
7259,fixture-task-07259,false
7260,fixture-task-07260,true
7261,fixture-task-07261,false
7262,fixture-task-07262,false
7263,fixture-task-07263,true
7264,fixture-task-07264,false
7265,fixture-task-07265,false
7266,fixture-task-07266,true
7267,fixture-task-07267,false
7268,fixture-task-07268,false
7269,fixture-task-07269,true
7270,fixture-task-07270,false
7271,fixture-task-07271,false
7272,fixture-task-07272,true
7273,fixture-task-07273,false
7274,fixture-task-07274,false
7275,fixture-task-07275,true
7276,fixture-task-07276,false
7277,fixture-task-07277,false
7278,fixture-task-07278,true
7279,fixture-task-07279,false
7280,fixture-task-07280,false
7281,fixture-task-07281,true
7282,fixture-task-07282,false
7283,fixture-task-07283,false
7284,fixture-task-07284,true
7285,fixture-task-07285,false
7286,fixture-task-07286,false
7287,fixture-task-07287,true
7288,fixture-task-07288,false
7289,fixture-task-07289,false
7290,fixture-task-07290,true
7291,fixture-task-07291,false
7292,fixture-task-07292,false
7293,fixture-task-07293,true
7294,fixture-task-07294,false
7295,fixture-task-07295,false
7296,fixture-task-07296,true
7297,fixture-task-07297,false
7298,fixture-task-07298,false
7299,fixture-task-07299,true
7300,fixture-task-07300,false
7301,fixture-task-07301,false
7302,fixture-task-07302,true
7303,fixture-task-07303,false
7304,fixture-task-07304,false
7305,fixture-task-07305,true
7306,fixture-task-07306,false
7307,fixture-task-07307,false
7308,fixture-task-07308,true
7309,fixture-task-07309,false
7310,fixture-task-07310,false
7311,fixture-task-07311,true
7312,fixture-task-07312,false
7313,fixture-task-07313,false
7314,fixture-task-07314,true
7315,fixture-task-07315,false
7316,fixture-task-07316,false
7317,fixture-task-07317,true
7318,fixture-task-07318,false
7319,fixture-task-07319,false
7320,fixture-task-07320,true
7321,fixture-task-07321,false
7322,fixture-task-07322,false
7323,fixture-task-07323,true
7324,fixture-task-07324,false
7325,fixture-task-07325,false
7326,fixture-task-07326,true
7327,fixture-task-07327,false
7328,fixture-task-07328,false
7329,fixture-task-07329,true
7330,fixture-task-07330,false
7331,fixture-task-07331,false
7332,fixture-task-07332,true
7333,fixture-task-07333,false
7334,fixture-task-07334,false
7335,fixture-task-07335,true
7336,fixture-task-07336,false
7337,fixture-task-07337,false
7338,fixture-task-07338,true
7339,fixture-task-07339,false
7340,fixture-task-07340,false
7341,fixture-task-07341,true
7342,fixture-task-07342,false
7343,fixture-task-07343,false
7344,fixture-task-07344,true
7345,fixture-task-07345,false
7346,fixture-task-07346,false
7347,fixture-task-07347,true
7348,fixture-task-07348,false
7349,fixture-task-07349,false
7350,fixture-task-07350,true
7351,fixture-task-07351,false
7352,fixture-task-07352,false
7353,fixture-task-07353,true
7354,fixture-task-07354,false
7355,fixture-task-07355,false
7356,fixture-task-07356,true
7357,fixture-task-07357,false
7358,fixture-task-07358,false
7359,fixture-task-07359,true
7360,fixture-task-07360,false
7361,fixture-task-07361,false
7362,fixture-task-07362,true
7363,fixture-task-07363,false
7364,fixture-task-07364,false
7365,fixture-task-07365,true
7366,fixture-task-07366,false
7367,fixture-task-07367,false
7368,fixture-task-07368,true
7369,fixture-task-07369,false
7370,fixture-task-07370,false
7371,fixture-task-07371,true
7372,fixture-task-07372,false
7373,fixture-task-07373,false
7374,fixture-task-07374,true
7375,fixture-task-07375,false
7376,fixture-task-07376,false
7377,fixture-task-07377,true
7378,fixture-task-07378,false
7379,fixture-task-07379,false
7380,fixture-task-07380,true
7381,fixture-task-07381,false
7382,fixture-task-07382,false
7383,fixture-task-07383,true
7384,fixture-task-07384,false
7385,fixture-task-07385,false
7386,fixture-task-07386,true
7387,fixture-task-07387,false
7388,fixture-task-07388,false
7389,fixture-task-07389,true
7390,fixture-task-07390,false
7391,fixture-task-07391,false
7392,fixture-task-07392,true
7393,fixture-task-07393,false
7394,fixture-task-07394,false
7395,fixture-task-07395,true
7396,fixture-task-07396,false
7397,fixture-task-07397,false
7398,fixture-task-07398,true
7399,fixture-task-07399,false
7400,fixture-task-07400,false
7401,fixture-task-07401,true
7402,fixture-task-07402,false
7403,fixture-task-07403,false
7404,fixture-task-07404,true
7405,fixture-task-07405,false
7406,fixture-task-07406,false
7407,fixture-task-07407,true
7408,fixture-task-07408,false
7409,fixture-task-07409,false
7410,fixture-task-07410,true
7411,fixture-task-07411,false
7412,fixture-task-07412,false
7413,fixture-task-07413,true
7414,fixture-task-07414,false
7415,fixture-task-07415,false
7416,fixture-task-07416,true
7417,fixture-task-07417,false
7418,fixture-task-07418,false
7419,fixture-task-07419,true
7420,fixture-task-07420,false
7421,fixture-task-07421,false
7422,fixture-task-07422,true
7423,fixture-task-07423,false
7424,fixture-task-07424,false
7425,fixture-task-07425,true
7426,fixture-task-07426,false
7427,fixture-task-07427,false
7428,fixture-task-07428,true
7429,fixture-task-07429,false
7430,fixture-task-07430,false
7431,fixture-task-07431,true
7432,fixture-task-07432,false
7433,fixture-task-07433,false
7434,fixture-task-07434,true
7435,fixture-task-07435,false
7436,fixture-task-07436,false
7437,fixture-task-07437,true
7438,fixture-task-07438,false
7439,fixture-task-07439,false
7440,fixture-task-07440,true
7441,fixture-task-07441,false
7442,fixture-task-07442,false
7443,fixture-task-07443,true
7444,fixture-task-07444,false
7445,fixture-task-07445,false
7446,fixture-task-07446,true
7447,fixture-task-07447,false
7448,fixture-task-07448,false
7449,fixture-task-07449,true
7450,fixture-task-07450,false
7451,fixture-task-07451,false
7452,fixture-task-07452,true
7453,fixture-task-07453,false
7454,fixture-task-07454,false
7455,fixture-task-07455,true
7456,fixture-task-07456,false
7457,fixture-task-07457,false
7458,fixture-task-07458,true
7459,fixture-task-07459,false
7460,fixture-task-07460,false
7461,fixture-task-07461,true
7462,fixture-task-07462,false
7463,fixture-task-07463,false
7464,fixture-task-07464,true
7465,fixture-task-07465,false
7466,fixture-task-07466,false
7467,fixture-task-07467,true
7468,fixture-task-07468,false
7469,fixture-task-07469,false
7470,fixture-task-07470,true
7471,fixture-task-07471,false
7472,fixture-task-07472,false
7473,fixture-task-07473,true
7474,fixture-task-07474,false
7475,fixture-task-07475,false
7476,fixture-task-07476,true
7477,fixture-task-07477,false
7478,fixture-task-07478,false
7479,fixture-task-07479,true
7480,fixture-task-07480,false
7481,fixture-task-07481,false
7482,fixture-task-07482,true
7483,fixture-task-07483,false
7484,fixture-task-07484,false
7485,fixture-task-07485,true
7486,fixture-task-07486,false
7487,fixture-task-07487,false
7488,fixture-task-07488,true
7489,fixture-task-07489,false
7490,fixture-task-07490,false
7491,fixture-task-07491,true
7492,fixture-task-07492,false
7493,fixture-task-07493,false
7494,fixture-task-07494,true
7495,fixture-task-07495,false
7496,fixture-task-07496,false
7497,fixture-task-07497,true
7498,fixture-task-07498,false
7499,fixture-task-07499,false
7500,fixture-task-07500,true
7501,fixture-task-07501,false
7502,fixture-task-07502,false
7503,fixture-task-07503,true
7504,fixture-task-07504,false
7505,fixture-task-07505,false
7506,fixture-task-07506,true
7507,fixture-task-07507,false
7508,fixture-task-07508,false
7509,fixture-task-07509,true
7510,fixture-task-07510,false
7511,fixture-task-07511,false
7512,fixture-task-07512,true
7513,fixture-task-07513,false
7514,fixture-task-07514,false
7515,fixture-task-07515,true
7516,fixture-task-07516,false
7517,fixture-task-07517,false
7518,fixture-task-07518,true
7519,fixture-task-07519,false
7520,fixture-task-07520,false
7521,fixture-task-07521,true
7522,fixture-task-07522,false
7523,fixture-task-07523,false
7524,fixture-task-07524,true
7525,fixture-task-07525,false
7526,fixture-task-07526,false
7527,fixture-task-07527,true
7528,fixture-task-07528,false
7529,fixture-task-07529,false
7530,fixture-task-07530,true
7531,fixture-task-07531,false
7532,fixture-task-07532,false
7533,fixture-task-07533,true
7534,fixture-task-07534,false
7535,fixture-task-07535,false
7536,fixture-task-07536,true
7537,fixture-task-07537,false
7538,fixture-task-07538,false
7539,fixture-task-07539,true
7540,fixture-task-07540,false
7541,fixture-task-07541,false
7542,fixture-task-07542,true
7543,fixture-task-07543,false
7544,fixture-task-07544,false
7545,fixture-task-07545,true
7546,fixture-task-07546,false
7547,fixture-task-07547,false
7548,fixture-task-07548,true
7549,fixture-task-07549,false
7550,fixture-task-07550,false
7551,fixture-task-07551,true
7552,fixture-task-07552,false
7553,fixture-task-07553,false
7554,fixture-task-07554,true
7555,fixture-task-07555,false
7556,fixture-task-07556,false
7557,fixture-task-07557,true
7558,fixture-task-07558,false
7559,fixture-task-07559,false
7560,fixture-task-07560,true
7561,fixture-task-07561,false
7562,fixture-task-07562,false
7563,fixture-task-07563,true
7564,fixture-task-07564,false
7565,fixture-task-07565,false
7566,fixture-task-07566,true
7567,fixture-task-07567,false
7568,fixture-task-07568,false
7569,fixture-task-07569,true
7570,fixture-task-07570,false
7571,fixture-task-07571,false
7572,fixture-task-07572,true
7573,fixture-task-07573,false
7574,fixture-task-07574,false
7575,fixture-task-07575,true
7576,fixture-task-07576,false
7577,fixture-task-07577,false
7578,fixture-task-07578,true
7579,fixture-task-07579,false
7580,fixture-task-07580,false
7581,fixture-task-07581,true
7582,fixture-task-07582,false
7583,fixture-task-07583,false
7584,fixture-task-07584,true
7585,fixture-task-07585,false
7586,fixture-task-07586,false
7587,fixture-task-07587,true
7588,fixture-task-07588,false
7589,fixture-task-07589,false
7590,fixture-task-07590,true
7591,fixture-task-07591,false
7592,fixture-task-07592,false
7593,fixture-task-07593,true
7594,fixture-task-07594,false
7595,fixture-task-07595,false
7596,fixture-task-07596,true
7597,fixture-task-07597,false
7598,fixture-task-07598,false
7599,fixture-task-07599,true
7600,fixture-task-07600,false
7601,fixture-task-07601,false
7602,fixture-task-07602,true
7603,fixture-task-07603,false
7604,fixture-task-07604,false
7605,fixture-task-07605,true
7606,fixture-task-07606,false
7607,fixture-task-07607,false
7608,fixture-task-07608,true
7609,fixture-task-07609,false
7610,fixture-task-07610,false
7611,fixture-task-07611,true
7612,fixture-task-07612,false
7613,fixture-task-07613,false
7614,fixture-task-07614,true
7615,fixture-task-07615,false
7616,fixture-task-07616,false
7617,fixture-task-07617,true
7618,fixture-task-07618,false
7619,fixture-task-07619,false
7620,fixture-task-07620,true
7621,fixture-task-07621,false
7622,fixture-task-07622,false
7623,fixture-task-07623,true
7624,fixture-task-07624,false
7625,fixture-task-07625,false
7626,fixture-task-07626,true
7627,fixture-task-07627,false
7628,fixture-task-07628,false
7629,fixture-task-07629,true
7630,fixture-task-07630,false
7631,fixture-task-07631,false
7632,fixture-task-07632,true
7633,fixture-task-07633,false
7634,fixture-task-07634,false
7635,fixture-task-07635,true
7636,fixture-task-07636,false
7637,fixture-task-07637,false
7638,fixture-task-07638,true
7639,fixture-task-07639,false
7640,fixture-task-07640,false
7641,fixture-task-07641,true
7642,fixture-task-07642,false
7643,fixture-task-07643,false
7644,fixture-task-07644,true
7645,fixture-task-07645,false
7646,fixture-task-07646,false
7647,fixture-task-07647,true
7648,fixture-task-07648,false
7649,fixture-task-07649,false
7650,fixture-task-07650,true
7651,fixture-task-07651,false
7652,fixture-task-07652,false
7653,fixture-task-07653,true
7654,fixture-task-07654,false
7655,fixture-task-07655,false
7656,fixture-task-07656,true
7657,fixture-task-07657,false
7658,fixture-task-07658,false
7659,fixture-task-07659,true
7660,fixture-task-07660,false
7661,fixture-task-07661,false
7662,fixture-task-07662,true
7663,fixture-task-07663,false
7664,fixture-task-07664,false
7665,fixture-task-07665,true
7666,fixture-task-07666,false
7667,fixture-task-07667,false
7668,fixture-task-07668,true
7669,fixture-task-07669,false
7670,fixture-task-07670,false
7671,fixture-task-07671,true
7672,fixture-task-07672,false
7673,fixture-task-07673,false
7674,fixture-task-07674,true
7675,fixture-task-07675,false
7676,fixture-task-07676,false
7677,fixture-task-07677,true
7678,fixture-task-07678,false
7679,fixture-task-07679,false
7680,fixture-task-07680,true
7681,fixture-task-07681,false
7682,fixture-task-07682,false
7683,fixture-task-07683,true
7684,fixture-task-07684,false
7685,fixture-task-07685,false
7686,fixture-task-07686,true
7687,fixture-task-07687,false
7688,fixture-task-07688,false
7689,fixture-task-07689,true
7690,fixture-task-07690,false
7691,fixture-task-07691,false
7692,fixture-task-07692,true
7693,fixture-task-07693,false
7694,fixture-task-07694,false
7695,fixture-task-07695,true
7696,fixture-task-07696,false
7697,fixture-task-07697,false
7698,fixture-task-07698,true
7699,fixture-task-07699,false
7700,fixture-task-07700,false
7701,fixture-task-07701,true
7702,fixture-task-07702,false
7703,fixture-task-07703,false
7704,fixture-task-07704,true
7705,fixture-task-07705,false
7706,fixture-task-07706,false
7707,fixture-task-07707,true
7708,fixture-task-07708,false
7709,fixture-task-07709,false
7710,fixture-task-07710,true
7711,fixture-task-07711,false
7712,fixture-task-07712,false
7713,fixture-task-07713,true
7714,fixture-task-07714,false
7715,fixture-task-07715,false
7716,fixture-task-07716,true
7717,fixture-task-07717,false
7718,fixture-task-07718,false
7719,fixture-task-07719,true
7720,fixture-task-07720,false
7721,fixture-task-07721,false
7722,fixture-task-07722,true
7723,fixture-task-07723,false
7724,fixture-task-07724,false
7725,fixture-task-07725,true
7726,fixture-task-07726,false
7727,fixture-task-07727,false
7728,fixture-task-07728,true
7729,fixture-task-07729,false
7730,fixture-task-07730,false
7731,fixture-task-07731,true
7732,fixture-task-07732,false
7733,fixture-task-07733,false
7734,fixture-task-07734,true
7735,fixture-task-07735,false
7736,fixture-task-07736,false
7737,fixture-task-07737,true
7738,fixture-task-07738,false
7739,fixture-task-07739,false
7740,fixture-task-07740,true
7741,fixture-task-07741,false
7742,fixture-task-07742,false
7743,fixture-task-07743,true
7744,fixture-task-07744,false
7745,fixture-task-07745,false
7746,fixture-task-07746,true
7747,fixture-task-07747,false
7748,fixture-task-07748,false
7749,fixture-task-07749,true
7750,fixture-task-07750,false
7751,fixture-task-07751,false
7752,fixture-task-07752,true
7753,fixture-task-07753,false
7754,fixture-task-07754,false
7755,fixture-task-07755,true
7756,fixture-task-07756,false
7757,fixture-task-07757,false
7758,fixture-task-07758,true
7759,fixture-task-07759,false
7760,fixture-task-07760,false
7761,fixture-task-07761,true
7762,fixture-task-07762,false
7763,fixture-task-07763,false
7764,fixture-task-07764,true
7765,fixture-task-07765,false
7766,fixture-task-07766,false
7767,fixture-task-07767,true
7768,fixture-task-07768,false
7769,fixture-task-07769,false
7770,fixture-task-07770,true
7771,fixture-task-07771,false
7772,fixture-task-07772,false
7773,fixture-task-07773,true
7774,fixture-task-07774,false
7775,fixture-task-07775,false
7776,fixture-task-07776,true
7777,fixture-task-07777,false
7778,fixture-task-07778,false
7779,fixture-task-07779,true
7780,fixture-task-07780,false
7781,fixture-task-07781,false
7782,fixture-task-07782,true
7783,fixture-task-07783,false
7784,fixture-task-07784,false
7785,fixture-task-07785,true
7786,fixture-task-07786,false
7787,fixture-task-07787,false
7788,fixture-task-07788,true
7789,fixture-task-07789,false
7790,fixture-task-07790,false
7791,fixture-task-07791,true
7792,fixture-task-07792,false
7793,fixture-task-07793,false
7794,fixture-task-07794,true
7795,fixture-task-07795,false
7796,fixture-task-07796,false
7797,fixture-task-07797,true
7798,fixture-task-07798,false
7799,fixture-task-07799,false
7800,fixture-task-07800,true
7801,fixture-task-07801,false
7802,fixture-task-07802,false
7803,fixture-task-07803,true
7804,fixture-task-07804,false
7805,fixture-task-07805,false
7806,fixture-task-07806,true
7807,fixture-task-07807,false
7808,fixture-task-07808,false
7809,fixture-task-07809,true
7810,fixture-task-07810,false
7811,fixture-task-07811,false
7812,fixture-task-07812,true
7813,fixture-task-07813,false
7814,fixture-task-07814,false
7815,fixture-task-07815,true
7816,fixture-task-07816,false
7817,fixture-task-07817,false
7818,fixture-task-07818,true
7819,fixture-task-07819,false
7820,fixture-task-07820,false
7821,fixture-task-07821,true
7822,fixture-task-07822,false
7823,fixture-task-07823,false
7824,fixture-task-07824,true
7825,fixture-task-07825,false
7826,fixture-task-07826,false
7827,fixture-task-07827,true
7828,fixture-task-07828,false
7829,fixture-task-07829,false
7830,fixture-task-07830,true
7831,fixture-task-07831,false
7832,fixture-task-07832,false
7833,fixture-task-07833,true
7834,fixture-task-07834,false
7835,fixture-task-07835,false
7836,fixture-task-07836,true
7837,fixture-task-07837,false
7838,fixture-task-07838,false
7839,fixture-task-07839,true
7840,fixture-task-07840,false
7841,fixture-task-07841,false
7842,fixture-task-07842,true
7843,fixture-task-07843,false
7844,fixture-task-07844,false
7845,fixture-task-07845,true
7846,fixture-task-07846,false
7847,fixture-task-07847,false
7848,fixture-task-07848,true
7849,fixture-task-07849,false
7850,fixture-task-07850,false
7851,fixture-task-07851,true
7852,fixture-task-07852,false
7853,fixture-task-07853,false
7854,fixture-task-07854,true
7855,fixture-task-07855,false
7856,fixture-task-07856,false
7857,fixture-task-07857,true
7858,fixture-task-07858,false
7859,fixture-task-07859,false
7860,fixture-task-07860,true
7861,fixture-task-07861,false
7862,fixture-task-07862,false
7863,fixture-task-07863,true
7864,fixture-task-07864,false
7865,fixture-task-07865,false
7866,fixture-task-07866,true
7867,fixture-task-07867,false
7868,fixture-task-07868,false
7869,fixture-task-07869,true
7870,fixture-task-07870,false
7871,fixture-task-07871,false
7872,fixture-task-07872,true
7873,fixture-task-07873,false
7874,fixture-task-07874,false
7875,fixture-task-07875,true
7876,fixture-task-07876,false
7877,fixture-task-07877,false
7878,fixture-task-07878,true
7879,fixture-task-07879,false
7880,fixture-task-07880,false
7881,fixture-task-07881,true
7882,fixture-task-07882,false
7883,fixture-task-07883,false
7884,fixture-task-07884,true
7885,fixture-task-07885,false
7886,fixture-task-07886,false
7887,fixture-task-07887,true
7888,fixture-task-07888,false
7889,fixture-task-07889,false
7890,fixture-task-07890,true
7891,fixture-task-07891,false
7892,fixture-task-07892,false
7893,fixture-task-07893,true
7894,fixture-task-07894,false
7895,fixture-task-07895,false
7896,fixture-task-07896,true
7897,fixture-task-07897,false
7898,fixture-task-07898,false
7899,fixture-task-07899,true
7900,fixture-task-07900,false
7901,fixture-task-07901,false
7902,fixture-task-07902,true
7903,fixture-task-07903,false
7904,fixture-task-07904,false
7905,fixture-task-07905,true
7906,fixture-task-07906,false
7907,fixture-task-07907,false
7908,fixture-task-07908,true
7909,fixture-task-07909,false
7910,fixture-task-07910,false
7911,fixture-task-07911,true
7912,fixture-task-07912,false
7913,fixture-task-07913,false
7914,fixture-task-07914,true
7915,fixture-task-07915,false
7916,fixture-task-07916,false
7917,fixture-task-07917,true
7918,fixture-task-07918,false
7919,fixture-task-07919,false
7920,fixture-task-07920,true
7921,fixture-task-07921,false
7922,fixture-task-07922,false
7923,fixture-task-07923,true
7924,fixture-task-07924,false
7925,fixture-task-07925,false
7926,fixture-task-07926,true
7927,fixture-task-07927,false
7928,fixture-task-07928,false
7929,fixture-task-07929,true
7930,fixture-task-07930,false
7931,fixture-task-07931,false
7932,fixture-task-07932,true
7933,fixture-task-07933,false
7934,fixture-task-07934,false
7935,fixture-task-07935,true
7936,fixture-task-07936,false
7937,fixture-task-07937,false
7938,fixture-task-07938,true
7939,fixture-task-07939,false
7940,fixture-task-07940,false
7941,fixture-task-07941,true
7942,fixture-task-07942,false
7943,fixture-task-07943,false
7944,fixture-task-07944,true
7945,fixture-task-07945,false
7946,fixture-task-07946,false
7947,fixture-task-07947,true
7948,fixture-task-07948,false
7949,fixture-task-07949,false
7950,fixture-task-07950,true
7951,fixture-task-07951,false
7952,fixture-task-07952,false
7953,fixture-task-07953,true
7954,fixture-task-07954,false
7955,fixture-task-07955,false
7956,fixture-task-07956,true
7957,fixture-task-07957,false
7958,fixture-task-07958,false
7959,fixture-task-07959,true
7960,fixture-task-07960,false
7961,fixture-task-07961,false
7962,fixture-task-07962,true
7963,fixture-task-07963,false
7964,fixture-task-07964,false
7965,fixture-task-07965,true
7966,fixture-task-07966,false
7967,fixture-task-07967,false
7968,fixture-task-07968,true
7969,fixture-task-07969,false
7970,fixture-task-07970,false
7971,fixture-task-07971,true
7972,fixture-task-07972,false
7973,fixture-task-07973,false
7974,fixture-task-07974,true
7975,fixture-task-07975,false
7976,fixture-task-07976,false
7977,fixture-task-07977,true
7978,fixture-task-07978,false
7979,fixture-task-07979,false
7980,fixture-task-07980,true
7981,fixture-task-07981,false
7982,fixture-task-07982,false
7983,fixture-task-07983,true
7984,fixture-task-07984,false
7985,fixture-task-07985,false
7986,fixture-task-07986,true
7987,fixture-task-07987,false
7988,fixture-task-07988,false
7989,fixture-task-07989,true
7990,fixture-task-07990,false
7991,fixture-task-07991,false
7992,fixture-task-07992,true
7993,fixture-task-07993,false
7994,fixture-task-07994,false
7995,fixture-task-07995,true
7996,fixture-task-07996,false
7997,fixture-task-07997,false
7998,fixture-task-07998,true
7999,fixture-task-07999,false
8000,fixture-task-08000,false
8001,fixture-task-08001,true
8002,fixture-task-08002,false
8003,fixture-task-08003,false
8004,fixture-task-08004,true
8005,fixture-task-08005,false
8006,fixture-task-08006,false
8007,fixture-task-08007,true
8008,fixture-task-08008,false
8009,fixture-task-08009,false
8010,fixture-task-08010,true
8011,fixture-task-08011,false
8012,fixture-task-08012,false
8013,fixture-task-08013,true
8014,fixture-task-08014,false
8015,fixture-task-08015,false
8016,fixture-task-08016,true
8017,fixture-task-08017,false
8018,fixture-task-08018,false
8019,fixture-task-08019,true
8020,fixture-task-08020,false
8021,fixture-task-08021,false
8022,fixture-task-08022,true
8023,fixture-task-08023,false
8024,fixture-task-08024,false
8025,fixture-task-08025,true
8026,fixture-task-08026,false
8027,fixture-task-08027,false
8028,fixture-task-08028,true
8029,fixture-task-08029,false
8030,fixture-task-08030,false
8031,fixture-task-08031,true
8032,fixture-task-08032,false
8033,fixture-task-08033,false
8034,fixture-task-08034,true
8035,fixture-task-08035,false
8036,fixture-task-08036,false
8037,fixture-task-08037,true
8038,fixture-task-08038,false
8039,fixture-task-08039,false
8040,fixture-task-08040,true
8041,fixture-task-08041,false
8042,fixture-task-08042,false
8043,fixture-task-08043,true
8044,fixture-task-08044,false
8045,fixture-task-08045,false
8046,fixture-task-08046,true
8047,fixture-task-08047,false
8048,fixture-task-08048,false
8049,fixture-task-08049,true
8050,fixture-task-08050,false
8051,fixture-task-08051,false
8052,fixture-task-08052,true
8053,fixture-task-08053,false
8054,fixture-task-08054,false
8055,fixture-task-08055,true
8056,fixture-task-08056,false
8057,fixture-task-08057,false
8058,fixture-task-08058,true
8059,fixture-task-08059,false
8060,fixture-task-08060,false
8061,fixture-task-08061,true
8062,fixture-task-08062,false
8063,fixture-task-08063,false
8064,fixture-task-08064,true
8065,fixture-task-08065,false
8066,fixture-task-08066,false
8067,fixture-task-08067,true
8068,fixture-task-08068,false
8069,fixture-task-08069,false
8070,fixture-task-08070,true
8071,fixture-task-08071,false
8072,fixture-task-08072,false
8073,fixture-task-08073,true
8074,fixture-task-08074,false
8075,fixture-task-08075,false
8076,fixture-task-08076,true
8077,fixture-task-08077,false
8078,fixture-task-08078,false
8079,fixture-task-08079,true
8080,fixture-task-08080,false
8081,fixture-task-08081,false
8082,fixture-task-08082,true
8083,fixture-task-08083,false
8084,fixture-task-08084,false
8085,fixture-task-08085,true
8086,fixture-task-08086,false
8087,fixture-task-08087,false
8088,fixture-task-08088,true
8089,fixture-task-08089,false
8090,fixture-task-08090,false
8091,fixture-task-08091,true
8092,fixture-task-08092,false
8093,fixture-task-08093,false
8094,fixture-task-08094,true
8095,fixture-task-08095,false
8096,fixture-task-08096,false
8097,fixture-task-08097,true
8098,fixture-task-08098,false
8099,fixture-task-08099,false
8100,fixture-task-08100,true
8101,fixture-task-08101,false
8102,fixture-task-08102,false
8103,fixture-task-08103,true
8104,fixture-task-08104,false
8105,fixture-task-08105,false
8106,fixture-task-08106,true
8107,fixture-task-08107,false
8108,fixture-task-08108,false
8109,fixture-task-08109,true
8110,fixture-task-08110,false
8111,fixture-task-08111,false
8112,fixture-task-08112,true
8113,fixture-task-08113,false
8114,fixture-task-08114,false
8115,fixture-task-08115,true
8116,fixture-task-08116,false
8117,fixture-task-08117,false
8118,fixture-task-08118,true
8119,fixture-task-08119,false
8120,fixture-task-08120,false
8121,fixture-task-08121,true
8122,fixture-task-08122,false
8123,fixture-task-08123,false
8124,fixture-task-08124,true
8125,fixture-task-08125,false
8126,fixture-task-08126,false
8127,fixture-task-08127,true
8128,fixture-task-08128,false
8129,fixture-task-08129,false
8130,fixture-task-08130,true
8131,fixture-task-08131,false
8132,fixture-task-08132,false
8133,fixture-task-08133,true
8134,fixture-task-08134,false
8135,fixture-task-08135,false
8136,fixture-task-08136,true
8137,fixture-task-08137,false
8138,fixture-task-08138,false
8139,fixture-task-08139,true
8140,fixture-task-08140,false
8141,fixture-task-08141,false
8142,fixture-task-08142,true
8143,fixture-task-08143,false
8144,fixture-task-08144,false
8145,fixture-task-08145,true
8146,fixture-task-08146,false
8147,fixture-task-08147,false
8148,fixture-task-08148,true
8149,fixture-task-08149,false
8150,fixture-task-08150,false
8151,fixture-task-08151,true
8152,fixture-task-08152,false
8153,fixture-task-08153,false
8154,fixture-task-08154,true
8155,fixture-task-08155,false
8156,fixture-task-08156,false
8157,fixture-task-08157,true
8158,fixture-task-08158,false
8159,fixture-task-08159,false
8160,fixture-task-08160,true
8161,fixture-task-08161,false
8162,fixture-task-08162,false
8163,fixture-task-08163,true
8164,fixture-task-08164,false
8165,fixture-task-08165,false
8166,fixture-task-08166,true
8167,fixture-task-08167,false
8168,fixture-task-08168,false
8169,fixture-task-08169,true
8170,fixture-task-08170,false
8171,fixture-task-08171,false
8172,fixture-task-08172,true
8173,fixture-task-08173,false
8174,fixture-task-08174,false
8175,fixture-task-08175,true
8176,fixture-task-08176,false
8177,fixture-task-08177,false
8178,fixture-task-08178,true
8179,fixture-task-08179,false
8180,fixture-task-08180,false
8181,fixture-task-08181,true
8182,fixture-task-08182,false
8183,fixture-task-08183,false
8184,fixture-task-08184,true
8185,fixture-task-08185,false
8186,fixture-task-08186,false
8187,fixture-task-08187,true
8188,fixture-task-08188,false
8189,fixture-task-08189,false
8190,fixture-task-08190,true
8191,fixture-task-08191,false
8192,fixture-task-08192,false
8193,fixture-task-08193,true
8194,fixture-task-08194,false
8195,fixture-task-08195,false
8196,fixture-task-08196,true
8197,fixture-task-08197,false
8198,fixture-task-08198,false
8199,fixture-task-08199,true
8200,fixture-task-08200,false
8201,fixture-task-08201,false
8202,fixture-task-08202,true
8203,fixture-task-08203,false
8204,fixture-task-08204,false
8205,fixture-task-08205,true
8206,fixture-task-08206,false
8207,fixture-task-08207,false
8208,fixture-task-08208,true
8209,fixture-task-08209,false
8210,fixture-task-08210,false
8211,fixture-task-08211,true
8212,fixture-task-08212,false
8213,fixture-task-08213,false
8214,fixture-task-08214,true
8215,fixture-task-08215,false
8216,fixture-task-08216,false
8217,fixture-task-08217,true
8218,fixture-task-08218,false
8219,fixture-task-08219,false
8220,fixture-task-08220,true
8221,fixture-task-08221,false
8222,fixture-task-08222,false
8223,fixture-task-08223,true
8224,fixture-task-08224,false
8225,fixture-task-08225,false
8226,fixture-task-08226,true
8227,fixture-task-08227,false
8228,fixture-task-08228,false
8229,fixture-task-08229,true
8230,fixture-task-08230,false
8231,fixture-task-08231,false
8232,fixture-task-08232,true
8233,fixture-task-08233,false
8234,fixture-task-08234,false
8235,fixture-task-08235,true
8236,fixture-task-08236,false
8237,fixture-task-08237,false
8238,fixture-task-08238,true
8239,fixture-task-08239,false
8240,fixture-task-08240,false
8241,fixture-task-08241,true
8242,fixture-task-08242,false
8243,fixture-task-08243,false
8244,fixture-task-08244,true
8245,fixture-task-08245,false
8246,fixture-task-08246,false
8247,fixture-task-08247,true
8248,fixture-task-08248,false
8249,fixture-task-08249,false
8250,fixture-task-08250,true
8251,fixture-task-08251,false
8252,fixture-task-08252,false
8253,fixture-task-08253,true
8254,fixture-task-08254,false
8255,fixture-task-08255,false
8256,fixture-task-08256,true
8257,fixture-task-08257,false
8258,fixture-task-08258,false
8259,fixture-task-08259,true
8260,fixture-task-08260,false
8261,fixture-task-08261,false
8262,fixture-task-08262,true
8263,fixture-task-08263,false
8264,fixture-task-08264,false
8265,fixture-task-08265,true
8266,fixture-task-08266,false
8267,fixture-task-08267,false
8268,fixture-task-08268,true
8269,fixture-task-08269,false
8270,fixture-task-08270,false
8271,fixture-task-08271,true
8272,fixture-task-08272,false
8273,fixture-task-08273,false
8274,fixture-task-08274,true
8275,fixture-task-08275,false
8276,fixture-task-08276,false
8277,fixture-task-08277,true
8278,fixture-task-08278,false
8279,fixture-task-08279,false
8280,fixture-task-08280,true
8281,fixture-task-08281,false
8282,fixture-task-08282,false
8283,fixture-task-08283,true
8284,fixture-task-08284,false
8285,fixture-task-08285,false
8286,fixture-task-08286,true
8287,fixture-task-08287,false
8288,fixture-task-08288,false
8289,fixture-task-08289,true
8290,fixture-task-08290,false
8291,fixture-task-08291,false
8292,fixture-task-08292,true
8293,fixture-task-08293,false
8294,fixture-task-08294,false
8295,fixture-task-08295,true
8296,fixture-task-08296,false
8297,fixture-task-08297,false
8298,fixture-task-08298,true
8299,fixture-task-08299,false
8300,fixture-task-08300,false
8301,fixture-task-08301,true
8302,fixture-task-08302,false
8303,fixture-task-08303,false
8304,fixture-task-08304,true
8305,fixture-task-08305,false
8306,fixture-task-08306,false
8307,fixture-task-08307,true
8308,fixture-task-08308,false
8309,fixture-task-08309,false
8310,fixture-task-08310,true
8311,fixture-task-08311,false
8312,fixture-task-08312,false
8313,fixture-task-08313,true
8314,fixture-task-08314,false
8315,fixture-task-08315,false
8316,fixture-task-08316,true
8317,fixture-task-08317,false
8318,fixture-task-08318,false
8319,fixture-task-08319,true
8320,fixture-task-08320,false
8321,fixture-task-08321,false
8322,fixture-task-08322,true
8323,fixture-task-08323,false
8324,fixture-task-08324,false
8325,fixture-task-08325,true
8326,fixture-task-08326,false
8327,fixture-task-08327,false
8328,fixture-task-08328,true
8329,fixture-task-08329,false
8330,fixture-task-08330,false
8331,fixture-task-08331,true
8332,fixture-task-08332,false
8333,fixture-task-08333,false
8334,fixture-task-08334,true
8335,fixture-task-08335,false
8336,fixture-task-08336,false
8337,fixture-task-08337,true
8338,fixture-task-08338,false
8339,fixture-task-08339,false
8340,fixture-task-08340,true
8341,fixture-task-08341,false
8342,fixture-task-08342,false
8343,fixture-task-08343,true
8344,fixture-task-08344,false
8345,fixture-task-08345,false
8346,fixture-task-08346,true
8347,fixture-task-08347,false
8348,fixture-task-08348,false
8349,fixture-task-08349,true
8350,fixture-task-08350,false
8351,fixture-task-08351,false
8352,fixture-task-08352,true
8353,fixture-task-08353,false
8354,fixture-task-08354,false
8355,fixture-task-08355,true
8356,fixture-task-08356,false
8357,fixture-task-08357,false
8358,fixture-task-08358,true
8359,fixture-task-08359,false
8360,fixture-task-08360,false
8361,fixture-task-08361,true
8362,fixture-task-08362,false
8363,fixture-task-08363,false
8364,fixture-task-08364,true
8365,fixture-task-08365,false
8366,fixture-task-08366,false
8367,fixture-task-08367,true
8368,fixture-task-08368,false
8369,fixture-task-08369,false
8370,fixture-task-08370,true
8371,fixture-task-08371,false
8372,fixture-task-08372,false
8373,fixture-task-08373,true
8374,fixture-task-08374,false
8375,fixture-task-08375,false
8376,fixture-task-08376,true
8377,fixture-task-08377,false
8378,fixture-task-08378,false
8379,fixture-task-08379,true
8380,fixture-task-08380,false
8381,fixture-task-08381,false
8382,fixture-task-08382,true
8383,fixture-task-08383,false
8384,fixture-task-08384,false
8385,fixture-task-08385,true
8386,fixture-task-08386,false
8387,fixture-task-08387,false
8388,fixture-task-08388,true
8389,fixture-task-08389,false
8390,fixture-task-08390,false
8391,fixture-task-08391,true
8392,fixture-task-08392,false
8393,fixture-task-08393,false
8394,fixture-task-08394,true
8395,fixture-task-08395,false
8396,fixture-task-08396,false
8397,fixture-task-08397,true
8398,fixture-task-08398,false
8399,fixture-task-08399,false
8400,fixture-task-08400,true
8401,fixture-task-08401,false
8402,fixture-task-08402,false
8403,fixture-task-08403,true
8404,fixture-task-08404,false
8405,fixture-task-08405,false
8406,fixture-task-08406,true
8407,fixture-task-08407,false
8408,fixture-task-08408,false
8409,fixture-task-08409,true
8410,fixture-task-08410,false
8411,fixture-task-08411,false
8412,fixture-task-08412,true
8413,fixture-task-08413,false
8414,fixture-task-08414,false
8415,fixture-task-08415,true
8416,fixture-task-08416,false
8417,fixture-task-08417,false
8418,fixture-task-08418,true
8419,fixture-task-08419,false
8420,fixture-task-08420,false
8421,fixture-task-08421,true
8422,fixture-task-08422,false
8423,fixture-task-08423,false
8424,fixture-task-08424,true
8425,fixture-task-08425,false
8426,fixture-task-08426,false
8427,fixture-task-08427,true
8428,fixture-task-08428,false
8429,fixture-task-08429,false
8430,fixture-task-08430,true
8431,fixture-task-08431,false
8432,fixture-task-08432,false
8433,fixture-task-08433,true
8434,fixture-task-08434,false
8435,fixture-task-08435,false
8436,fixture-task-08436,true
8437,fixture-task-08437,false
8438,fixture-task-08438,false
8439,fixture-task-08439,true
8440,fixture-task-08440,false
8441,fixture-task-08441,false
8442,fixture-task-08442,true
8443,fixture-task-08443,false
8444,fixture-task-08444,false
8445,fixture-task-08445,true
8446,fixture-task-08446,false
8447,fixture-task-08447,false
8448,fixture-task-08448,true
8449,fixture-task-08449,false
8450,fixture-task-08450,false
8451,fixture-task-08451,true
8452,fixture-task-08452,false
8453,fixture-task-08453,false
8454,fixture-task-08454,true
8455,fixture-task-08455,false
8456,fixture-task-08456,false
8457,fixture-task-08457,true
8458,fixture-task-08458,false
8459,fixture-task-08459,false
8460,fixture-task-08460,true
8461,fixture-task-08461,false
8462,fixture-task-08462,false
8463,fixture-task-08463,true
8464,fixture-task-08464,false
8465,fixture-task-08465,false
8466,fixture-task-08466,true
8467,fixture-task-08467,false
8468,fixture-task-08468,false
8469,fixture-task-08469,true
8470,fixture-task-08470,false
8471,fixture-task-08471,false
8472,fixture-task-08472,true
8473,fixture-task-08473,false
8474,fixture-task-08474,false
8475,fixture-task-08475,true
8476,fixture-task-08476,false
8477,fixture-task-08477,false
8478,fixture-task-08478,true
8479,fixture-task-08479,false
8480,fixture-task-08480,false
8481,fixture-task-08481,true
8482,fixture-task-08482,false
8483,fixture-task-08483,false
8484,fixture-task-08484,true
8485,fixture-task-08485,false
8486,fixture-task-08486,false
8487,fixture-task-08487,true
8488,fixture-task-08488,false
8489,fixture-task-08489,false
8490,fixture-task-08490,true
8491,fixture-task-08491,false
8492,fixture-task-08492,false
8493,fixture-task-08493,true
8494,fixture-task-08494,false
8495,fixture-task-08495,false
8496,fixture-task-08496,true
8497,fixture-task-08497,false
8498,fixture-task-08498,false
8499,fixture-task-08499,true
8500,fixture-task-08500,false
8501,fixture-task-08501,false
8502,fixture-task-08502,true
8503,fixture-task-08503,false
8504,fixture-task-08504,false
8505,fixture-task-08505,true
8506,fixture-task-08506,false
8507,fixture-task-08507,false
8508,fixture-task-08508,true
8509,fixture-task-08509,false
8510,fixture-task-08510,false
8511,fixture-task-08511,true
8512,fixture-task-08512,false
8513,fixture-task-08513,false
8514,fixture-task-08514,true
8515,fixture-task-08515,false
8516,fixture-task-08516,false
8517,fixture-task-08517,true
8518,fixture-task-08518,false
8519,fixture-task-08519,false
8520,fixture-task-08520,true
8521,fixture-task-08521,false
8522,fixture-task-08522,false
8523,fixture-task-08523,true
8524,fixture-task-08524,false
8525,fixture-task-08525,false
8526,fixture-task-08526,true
8527,fixture-task-08527,false
8528,fixture-task-08528,false
8529,fixture-task-08529,true
8530,fixture-task-08530,false
8531,fixture-task-08531,false
8532,fixture-task-08532,true
8533,fixture-task-08533,false
8534,fixture-task-08534,false
8535,fixture-task-08535,true
8536,fixture-task-08536,false
8537,fixture-task-08537,false
8538,fixture-task-08538,true
8539,fixture-task-08539,false
8540,fixture-task-08540,false
8541,fixture-task-08541,true
8542,fixture-task-08542,false
8543,fixture-task-08543,false
8544,fixture-task-08544,true
8545,fixture-task-08545,false
8546,fixture-task-08546,false
8547,fixture-task-08547,true
8548,fixture-task-08548,false
8549,fixture-task-08549,false
8550,fixture-task-08550,true
8551,fixture-task-08551,false
8552,fixture-task-08552,false
8553,fixture-task-08553,true
8554,fixture-task-08554,false
8555,fixture-task-08555,false
8556,fixture-task-08556,true
8557,fixture-task-08557,false
8558,fixture-task-08558,false
8559,fixture-task-08559,true
8560,fixture-task-08560,false
8561,fixture-task-08561,false
8562,fixture-task-08562,true
8563,fixture-task-08563,false
8564,fixture-task-08564,false
8565,fixture-task-08565,true
8566,fixture-task-08566,false
8567,fixture-task-08567,false
8568,fixture-task-08568,true
8569,fixture-task-08569,false
8570,fixture-task-08570,false
8571,fixture-task-08571,true
8572,fixture-task-08572,false
8573,fixture-task-08573,false
8574,fixture-task-08574,true
8575,fixture-task-08575,false
8576,fixture-task-08576,false
8577,fixture-task-08577,true
8578,fixture-task-08578,false
8579,fixture-task-08579,false
8580,fixture-task-08580,true
8581,fixture-task-08581,false
8582,fixture-task-08582,false
8583,fixture-task-08583,true
8584,fixture-task-08584,false
8585,fixture-task-08585,false
8586,fixture-task-08586,true
8587,fixture-task-08587,false
8588,fixture-task-08588,false
8589,fixture-task-08589,true
8590,fixture-task-08590,false
8591,fixture-task-08591,false
8592,fixture-task-08592,true
8593,fixture-task-08593,false
8594,fixture-task-08594,false
8595,fixture-task-08595,true
8596,fixture-task-08596,false
8597,fixture-task-08597,false
8598,fixture-task-08598,true
8599,fixture-task-08599,false
8600,fixture-task-08600,false
8601,fixture-task-08601,true
8602,fixture-task-08602,false
8603,fixture-task-08603,false
8604,fixture-task-08604,true
8605,fixture-task-08605,false
8606,fixture-task-08606,false
8607,fixture-task-08607,true
8608,fixture-task-08608,false
8609,fixture-task-08609,false
8610,fixture-task-08610,true
8611,fixture-task-08611,false
8612,fixture-task-08612,false
8613,fixture-task-08613,true
8614,fixture-task-08614,false
8615,fixture-task-08615,false
8616,fixture-task-08616,true
8617,fixture-task-08617,false
8618,fixture-task-08618,false
8619,fixture-task-08619,true
8620,fixture-task-08620,false
8621,fixture-task-08621,false
8622,fixture-task-08622,true
8623,fixture-task-08623,false
8624,fixture-task-08624,false
8625,fixture-task-08625,true
8626,fixture-task-08626,false
8627,fixture-task-08627,false
8628,fixture-task-08628,true
8629,fixture-task-08629,false
8630,fixture-task-08630,false
8631,fixture-task-08631,true
8632,fixture-task-08632,false
8633,fixture-task-08633,false
8634,fixture-task-08634,true
8635,fixture-task-08635,false
8636,fixture-task-08636,false
8637,fixture-task-08637,true
8638,fixture-task-08638,false
8639,fixture-task-08639,false
8640,fixture-task-08640,true
8641,fixture-task-08641,false
8642,fixture-task-08642,false
8643,fixture-task-08643,true
8644,fixture-task-08644,false
8645,fixture-task-08645,false
8646,fixture-task-08646,true
8647,fixture-task-08647,false
8648,fixture-task-08648,false
8649,fixture-task-08649,true
8650,fixture-task-08650,false
8651,fixture-task-08651,false
8652,fixture-task-08652,true
8653,fixture-task-08653,false
8654,fixture-task-08654,false
8655,fixture-task-08655,true
8656,fixture-task-08656,false
8657,fixture-task-08657,false
8658,fixture-task-08658,true
8659,fixture-task-08659,false
8660,fixture-task-08660,false
8661,fixture-task-08661,true
8662,fixture-task-08662,false
8663,fixture-task-08663,false
8664,fixture-task-08664,true
8665,fixture-task-08665,false
8666,fixture-task-08666,false
8667,fixture-task-08667,true
8668,fixture-task-08668,false
8669,fixture-task-08669,false
8670,fixture-task-08670,true
8671,fixture-task-08671,false
8672,fixture-task-08672,false
8673,fixture-task-08673,true
8674,fixture-task-08674,false
8675,fixture-task-08675,false
8676,fixture-task-08676,true
8677,fixture-task-08677,false
8678,fixture-task-08678,false
8679,fixture-task-08679,true
8680,fixture-task-08680,false
8681,fixture-task-08681,false
8682,fixture-task-08682,true
8683,fixture-task-08683,false
8684,fixture-task-08684,false
8685,fixture-task-08685,true
8686,fixture-task-08686,false
8687,fixture-task-08687,false
8688,fixture-task-08688,true
8689,fixture-task-08689,false
8690,fixture-task-08690,false
8691,fixture-task-08691,true
8692,fixture-task-08692,false
8693,fixture-task-08693,false
8694,fixture-task-08694,true
8695,fixture-task-08695,false
8696,fixture-task-08696,false
8697,fixture-task-08697,true
8698,fixture-task-08698,false
8699,fixture-task-08699,false
8700,fixture-task-08700,true
8701,fixture-task-08701,false
8702,fixture-task-08702,false
8703,fixture-task-08703,true
8704,fixture-task-08704,false
8705,fixture-task-08705,false
8706,fixture-task-08706,true
8707,fixture-task-08707,false
8708,fixture-task-08708,false
8709,fixture-task-08709,true
8710,fixture-task-08710,false
8711,fixture-task-08711,false
8712,fixture-task-08712,true
8713,fixture-task-08713,false
8714,fixture-task-08714,false
8715,fixture-task-08715,true
8716,fixture-task-08716,false
8717,fixture-task-08717,false
8718,fixture-task-08718,true
8719,fixture-task-08719,false
8720,fixture-task-08720,false
8721,fixture-task-08721,true
8722,fixture-task-08722,false
8723,fixture-task-08723,false
8724,fixture-task-08724,true
8725,fixture-task-08725,false
8726,fixture-task-08726,false
8727,fixture-task-08727,true
8728,fixture-task-08728,false
8729,fixture-task-08729,false
8730,fixture-task-08730,true
8731,fixture-task-08731,false
8732,fixture-task-08732,false
8733,fixture-task-08733,true
8734,fixture-task-08734,false
8735,fixture-task-08735,false
8736,fixture-task-08736,true
8737,fixture-task-08737,false
8738,fixture-task-08738,false
8739,fixture-task-08739,true
8740,fixture-task-08740,false
8741,fixture-task-08741,false
8742,fixture-task-08742,true
8743,fixture-task-08743,false
8744,fixture-task-08744,false
8745,fixture-task-08745,true
8746,fixture-task-08746,false
8747,fixture-task-08747,false
8748,fixture-task-08748,true
8749,fixture-task-08749,false
8750,fixture-task-08750,false
8751,fixture-task-08751,true
8752,fixture-task-08752,false
8753,fixture-task-08753,false
8754,fixture-task-08754,true
8755,fixture-task-08755,false
8756,fixture-task-08756,false
8757,fixture-task-08757,true
8758,fixture-task-08758,false
8759,fixture-task-08759,false
8760,fixture-task-08760,true
8761,fixture-task-08761,false
8762,fixture-task-08762,false
8763,fixture-task-08763,true
8764,fixture-task-08764,false
8765,fixture-task-08765,false
8766,fixture-task-08766,true
8767,fixture-task-08767,false
8768,fixture-task-08768,false
8769,fixture-task-08769,true
8770,fixture-task-08770,false
8771,fixture-task-08771,false
8772,fixture-task-08772,true
8773,fixture-task-08773,false
8774,fixture-task-08774,false
8775,fixture-task-08775,true
8776,fixture-task-08776,false
8777,fixture-task-08777,false
8778,fixture-task-08778,true
8779,fixture-task-08779,false
8780,fixture-task-08780,false
8781,fixture-task-08781,true
8782,fixture-task-08782,false
8783,fixture-task-08783,false
8784,fixture-task-08784,true
8785,fixture-task-08785,false
8786,fixture-task-08786,false
8787,fixture-task-08787,true
8788,fixture-task-08788,false
8789,fixture-task-08789,false
8790,fixture-task-08790,true
8791,fixture-task-08791,false
8792,fixture-task-08792,false
8793,fixture-task-08793,true
8794,fixture-task-08794,false
8795,fixture-task-08795,false
8796,fixture-task-08796,true
8797,fixture-task-08797,false
8798,fixture-task-08798,false
8799,fixture-task-08799,true
8800,fixture-task-08800,false
8801,fixture-task-08801,false
8802,fixture-task-08802,true
8803,fixture-task-08803,false
8804,fixture-task-08804,false
8805,fixture-task-08805,true
8806,fixture-task-08806,false
8807,fixture-task-08807,false
8808,fixture-task-08808,true
8809,fixture-task-08809,false
8810,fixture-task-08810,false
8811,fixture-task-08811,true
8812,fixture-task-08812,false
8813,fixture-task-08813,false
8814,fixture-task-08814,true
8815,fixture-task-08815,false
8816,fixture-task-08816,false
8817,fixture-task-08817,true
8818,fixture-task-08818,false
8819,fixture-task-08819,false
8820,fixture-task-08820,true
8821,fixture-task-08821,false
8822,fixture-task-08822,false
8823,fixture-task-08823,true
8824,fixture-task-08824,false
8825,fixture-task-08825,false
8826,fixture-task-08826,true
8827,fixture-task-08827,false
8828,fixture-task-08828,false
8829,fixture-task-08829,true
8830,fixture-task-08830,false
8831,fixture-task-08831,false
8832,fixture-task-08832,true
8833,fixture-task-08833,false
8834,fixture-task-08834,false
8835,fixture-task-08835,true
8836,fixture-task-08836,false
8837,fixture-task-08837,false
8838,fixture-task-08838,true
8839,fixture-task-08839,false
8840,fixture-task-08840,false
8841,fixture-task-08841,true
8842,fixture-task-08842,false
8843,fixture-task-08843,false
8844,fixture-task-08844,true
8845,fixture-task-08845,false
8846,fixture-task-08846,false
8847,fixture-task-08847,true
8848,fixture-task-08848,false
8849,fixture-task-08849,false
8850,fixture-task-08850,true
8851,fixture-task-08851,false
8852,fixture-task-08852,false
8853,fixture-task-08853,true
8854,fixture-task-08854,false
8855,fixture-task-08855,false
8856,fixture-task-08856,true
8857,fixture-task-08857,false
8858,fixture-task-08858,false
8859,fixture-task-08859,true
8860,fixture-task-08860,false
8861,fixture-task-08861,false
8862,fixture-task-08862,true
8863,fixture-task-08863,false
8864,fixture-task-08864,false
8865,fixture-task-08865,true
8866,fixture-task-08866,false
8867,fixture-task-08867,false
8868,fixture-task-08868,true
8869,fixture-task-08869,false
8870,fixture-task-08870,false
8871,fixture-task-08871,true
8872,fixture-task-08872,false
8873,fixture-task-08873,false
8874,fixture-task-08874,true
8875,fixture-task-08875,false
8876,fixture-task-08876,false
8877,fixture-task-08877,true
8878,fixture-task-08878,false
8879,fixture-task-08879,false
8880,fixture-task-08880,true
8881,fixture-task-08881,false
8882,fixture-task-08882,false
8883,fixture-task-08883,true
8884,fixture-task-08884,false
8885,fixture-task-08885,false
8886,fixture-task-08886,true
8887,fixture-task-08887,false
8888,fixture-task-08888,false
8889,fixture-task-08889,true
8890,fixture-task-08890,false
8891,fixture-task-08891,false
8892,fixture-task-08892,true
8893,fixture-task-08893,false
8894,fixture-task-08894,false
8895,fixture-task-08895,true
8896,fixture-task-08896,false
8897,fixture-task-08897,false
8898,fixture-task-08898,true
8899,fixture-task-08899,false
8900,fixture-task-08900,false
8901,fixture-task-08901,true
8902,fixture-task-08902,false
8903,fixture-task-08903,false
8904,fixture-task-08904,true
8905,fixture-task-08905,false
8906,fixture-task-08906,false
8907,fixture-task-08907,true
8908,fixture-task-08908,false
8909,fixture-task-08909,false
8910,fixture-task-08910,true
8911,fixture-task-08911,false
8912,fixture-task-08912,false
8913,fixture-task-08913,true
8914,fixture-task-08914,false
8915,fixture-task-08915,false
8916,fixture-task-08916,true
8917,fixture-task-08917,false
8918,fixture-task-08918,false
8919,fixture-task-08919,true
8920,fixture-task-08920,false
8921,fixture-task-08921,false
8922,fixture-task-08922,true
8923,fixture-task-08923,false
8924,fixture-task-08924,false
8925,fixture-task-08925,true
8926,fixture-task-08926,false
8927,fixture-task-08927,false
8928,fixture-task-08928,true
8929,fixture-task-08929,false
8930,fixture-task-08930,false
8931,fixture-task-08931,true
8932,fixture-task-08932,false
8933,fixture-task-08933,false
8934,fixture-task-08934,true
8935,fixture-task-08935,false
8936,fixture-task-08936,false
8937,fixture-task-08937,true
8938,fixture-task-08938,false
8939,fixture-task-08939,false
8940,fixture-task-08940,true
8941,fixture-task-08941,false
8942,fixture-task-08942,false
8943,fixture-task-08943,true
8944,fixture-task-08944,false
8945,fixture-task-08945,false
8946,fixture-task-08946,true
8947,fixture-task-08947,false
8948,fixture-task-08948,false
8949,fixture-task-08949,true
8950,fixture-task-08950,false
8951,fixture-task-08951,false
8952,fixture-task-08952,true
8953,fixture-task-08953,false
8954,fixture-task-08954,false
8955,fixture-task-08955,true
8956,fixture-task-08956,false
8957,fixture-task-08957,false
8958,fixture-task-08958,true
8959,fixture-task-08959,false
8960,fixture-task-08960,false
8961,fixture-task-08961,true
8962,fixture-task-08962,false
8963,fixture-task-08963,false
8964,fixture-task-08964,true
8965,fixture-task-08965,false
8966,fixture-task-08966,false
8967,fixture-task-08967,true
8968,fixture-task-08968,false
8969,fixture-task-08969,false
8970,fixture-task-08970,true
8971,fixture-task-08971,false
8972,fixture-task-08972,false
8973,fixture-task-08973,true
8974,fixture-task-08974,false
8975,fixture-task-08975,false
8976,fixture-task-08976,true
8977,fixture-task-08977,false
8978,fixture-task-08978,false
8979,fixture-task-08979,true
8980,fixture-task-08980,false
8981,fixture-task-08981,false
8982,fixture-task-08982,true
8983,fixture-task-08983,false
8984,fixture-task-08984,false
8985,fixture-task-08985,true
8986,fixture-task-08986,false
8987,fixture-task-08987,false
8988,fixture-task-08988,true
8989,fixture-task-08989,false
8990,fixture-task-08990,false
8991,fixture-task-08991,true
8992,fixture-task-08992,false
8993,fixture-task-08993,false
8994,fixture-task-08994,true
8995,fixture-task-08995,false
8996,fixture-task-08996,false
8997,fixture-task-08997,true
8998,fixture-task-08998,false
8999,fixture-task-08999,false
9000,fixture-task-09000,true
9001,fixture-task-09001,false
9002,fixture-task-09002,false
9003,fixture-task-09003,true
9004,fixture-task-09004,false
9005,fixture-task-09005,false
9006,fixture-task-09006,true
9007,fixture-task-09007,false
9008,fixture-task-09008,false
9009,fixture-task-09009,true
9010,fixture-task-09010,false
9011,fixture-task-09011,false
9012,fixture-task-09012,true
9013,fixture-task-09013,false
9014,fixture-task-09014,false
9015,fixture-task-09015,true
9016,fixture-task-09016,false
9017,fixture-task-09017,false
9018,fixture-task-09018,true
9019,fixture-task-09019,false
9020,fixture-task-09020,false
9021,fixture-task-09021,true
9022,fixture-task-09022,false
9023,fixture-task-09023,false
9024,fixture-task-09024,true
9025,fixture-task-09025,false
9026,fixture-task-09026,false
9027,fixture-task-09027,true
9028,fixture-task-09028,false
9029,fixture-task-09029,false
9030,fixture-task-09030,true
9031,fixture-task-09031,false
9032,fixture-task-09032,false
9033,fixture-task-09033,true
9034,fixture-task-09034,false
9035,fixture-task-09035,false
9036,fixture-task-09036,true
9037,fixture-task-09037,false
9038,fixture-task-09038,false
9039,fixture-task-09039,true
9040,fixture-task-09040,false
9041,fixture-task-09041,false
9042,fixture-task-09042,true
9043,fixture-task-09043,false
9044,fixture-task-09044,false
9045,fixture-task-09045,true
9046,fixture-task-09046,false
9047,fixture-task-09047,false
9048,fixture-task-09048,true
9049,fixture-task-09049,false
9050,fixture-task-09050,false
9051,fixture-task-09051,true
9052,fixture-task-09052,false
9053,fixture-task-09053,false
9054,fixture-task-09054,true
9055,fixture-task-09055,false
9056,fixture-task-09056,false
9057,fixture-task-09057,true
9058,fixture-task-09058,false
9059,fixture-task-09059,false
9060,fixture-task-09060,true
9061,fixture-task-09061,false
9062,fixture-task-09062,false
9063,fixture-task-09063,true
9064,fixture-task-09064,false
9065,fixture-task-09065,false
9066,fixture-task-09066,true
9067,fixture-task-09067,false
9068,fixture-task-09068,false
9069,fixture-task-09069,true
9070,fixture-task-09070,false
9071,fixture-task-09071,false
9072,fixture-task-09072,true
9073,fixture-task-09073,false
9074,fixture-task-09074,false
9075,fixture-task-09075,true
9076,fixture-task-09076,false
9077,fixture-task-09077,false
9078,fixture-task-09078,true
9079,fixture-task-09079,false
9080,fixture-task-09080,false
9081,fixture-task-09081,true
9082,fixture-task-09082,false
9083,fixture-task-09083,false
9084,fixture-task-09084,true
9085,fixture-task-09085,false
9086,fixture-task-09086,false
9087,fixture-task-09087,true
9088,fixture-task-09088,false
9089,fixture-task-09089,false
9090,fixture-task-09090,true
9091,fixture-task-09091,false
9092,fixture-task-09092,false
9093,fixture-task-09093,true
9094,fixture-task-09094,false
9095,fixture-task-09095,false
9096,fixture-task-09096,true
9097,fixture-task-09097,false
9098,fixture-task-09098,false
9099,fixture-task-09099,true
9100,fixture-task-09100,false
9101,fixture-task-09101,false
9102,fixture-task-09102,true
9103,fixture-task-09103,false
9104,fixture-task-09104,false
9105,fixture-task-09105,true
9106,fixture-task-09106,false
9107,fixture-task-09107,false
9108,fixture-task-09108,true
9109,fixture-task-09109,false
9110,fixture-task-09110,false
9111,fixture-task-09111,true
9112,fixture-task-09112,false
9113,fixture-task-09113,false
9114,fixture-task-09114,true
9115,fixture-task-09115,false
9116,fixture-task-09116,false
9117,fixture-task-09117,true
9118,fixture-task-09118,false
9119,fixture-task-09119,false
9120,fixture-task-09120,true
9121,fixture-task-09121,false
9122,fixture-task-09122,false
9123,fixture-task-09123,true
9124,fixture-task-09124,false
9125,fixture-task-09125,false
9126,fixture-task-09126,true
9127,fixture-task-09127,false
9128,fixture-task-09128,false
9129,fixture-task-09129,true
9130,fixture-task-09130,false
9131,fixture-task-09131,false
9132,fixture-task-09132,true
9133,fixture-task-09133,false
9134,fixture-task-09134,false
9135,fixture-task-09135,true
9136,fixture-task-09136,false
9137,fixture-task-09137,false
9138,fixture-task-09138,true
9139,fixture-task-09139,false
9140,fixture-task-09140,false
9141,fixture-task-09141,true
9142,fixture-task-09142,false
9143,fixture-task-09143,false
9144,fixture-task-09144,true
9145,fixture-task-09145,false
9146,fixture-task-09146,false
9147,fixture-task-09147,true
9148,fixture-task-09148,false
9149,fixture-task-09149,false
9150,fixture-task-09150,true
9151,fixture-task-09151,false
9152,fixture-task-09152,false
9153,fixture-task-09153,true
9154,fixture-task-09154,false
9155,fixture-task-09155,false
9156,fixture-task-09156,true
9157,fixture-task-09157,false
9158,fixture-task-09158,false
9159,fixture-task-09159,true
9160,fixture-task-09160,false
9161,fixture-task-09161,false
9162,fixture-task-09162,true
9163,fixture-task-09163,false
9164,fixture-task-09164,false
9165,fixture-task-09165,true
9166,fixture-task-09166,false
9167,fixture-task-09167,false
9168,fixture-task-09168,true
9169,fixture-task-09169,false
9170,fixture-task-09170,false
9171,fixture-task-09171,true
9172,fixture-task-09172,false
9173,fixture-task-09173,false
9174,fixture-task-09174,true
9175,fixture-task-09175,false
9176,fixture-task-09176,false
9177,fixture-task-09177,true
9178,fixture-task-09178,false
9179,fixture-task-09179,false
9180,fixture-task-09180,true
9181,fixture-task-09181,false
9182,fixture-task-09182,false
9183,fixture-task-09183,true
9184,fixture-task-09184,false
9185,fixture-task-09185,false
9186,fixture-task-09186,true
9187,fixture-task-09187,false
9188,fixture-task-09188,false
9189,fixture-task-09189,true
9190,fixture-task-09190,false
9191,fixture-task-09191,false
9192,fixture-task-09192,true
9193,fixture-task-09193,false
9194,fixture-task-09194,false
9195,fixture-task-09195,true
9196,fixture-task-09196,false
9197,fixture-task-09197,false
9198,fixture-task-09198,true
9199,fixture-task-09199,false
9200,fixture-task-09200,false
9201,fixture-task-09201,true
9202,fixture-task-09202,false
9203,fixture-task-09203,false
9204,fixture-task-09204,true
9205,fixture-task-09205,false
9206,fixture-task-09206,false
9207,fixture-task-09207,true
9208,fixture-task-09208,false
9209,fixture-task-09209,false
9210,fixture-task-09210,true
9211,fixture-task-09211,false
9212,fixture-task-09212,false
9213,fixture-task-09213,true
9214,fixture-task-09214,false
9215,fixture-task-09215,false
9216,fixture-task-09216,true
9217,fixture-task-09217,false
9218,fixture-task-09218,false
9219,fixture-task-09219,true
9220,fixture-task-09220,false
9221,fixture-task-09221,false
9222,fixture-task-09222,true
9223,fixture-task-09223,false
9224,fixture-task-09224,false
9225,fixture-task-09225,true
9226,fixture-task-09226,false
9227,fixture-task-09227,false
9228,fixture-task-09228,true
9229,fixture-task-09229,false
9230,fixture-task-09230,false
9231,fixture-task-09231,true
9232,fixture-task-09232,false
9233,fixture-task-09233,false
9234,fixture-task-09234,true
9235,fixture-task-09235,false
9236,fixture-task-09236,false
9237,fixture-task-09237,true
9238,fixture-task-09238,false
9239,fixture-task-09239,false
9240,fixture-task-09240,true
9241,fixture-task-09241,false
9242,fixture-task-09242,false
9243,fixture-task-09243,true
9244,fixture-task-09244,false
9245,fixture-task-09245,false
9246,fixture-task-09246,true
9247,fixture-task-09247,false
9248,fixture-task-09248,false
9249,fixture-task-09249,true
9250,fixture-task-09250,false
9251,fixture-task-09251,false
9252,fixture-task-09252,true
9253,fixture-task-09253,false
9254,fixture-task-09254,false
9255,fixture-task-09255,true
9256,fixture-task-09256,false
9257,fixture-task-09257,false
9258,fixture-task-09258,true
9259,fixture-task-09259,false
9260,fixture-task-09260,false
9261,fixture-task-09261,true
9262,fixture-task-09262,false
9263,fixture-task-09263,false
9264,fixture-task-09264,true
9265,fixture-task-09265,false
9266,fixture-task-09266,false
9267,fixture-task-09267,true
9268,fixture-task-09268,false
9269,fixture-task-09269,false
9270,fixture-task-09270,true
9271,fixture-task-09271,false
9272,fixture-task-09272,false
9273,fixture-task-09273,true
9274,fixture-task-09274,false
9275,fixture-task-09275,false
9276,fixture-task-09276,true
9277,fixture-task-09277,false
9278,fixture-task-09278,false
9279,fixture-task-09279,true
9280,fixture-task-09280,false
9281,fixture-task-09281,false
9282,fixture-task-09282,true
9283,fixture-task-09283,false
9284,fixture-task-09284,false
9285,fixture-task-09285,true
9286,fixture-task-09286,false
9287,fixture-task-09287,false
9288,fixture-task-09288,true
9289,fixture-task-09289,false
9290,fixture-task-09290,false
9291,fixture-task-09291,true
9292,fixture-task-09292,false
9293,fixture-task-09293,false
9294,fixture-task-09294,true
9295,fixture-task-09295,false
9296,fixture-task-09296,false
9297,fixture-task-09297,true
9298,fixture-task-09298,false
9299,fixture-task-09299,false
9300,fixture-task-09300,true
9301,fixture-task-09301,false
9302,fixture-task-09302,false
9303,fixture-task-09303,true
9304,fixture-task-09304,false
9305,fixture-task-09305,false
9306,fixture-task-09306,true
9307,fixture-task-09307,false
9308,fixture-task-09308,false
9309,fixture-task-09309,true
9310,fixture-task-09310,false
9311,fixture-task-09311,false
9312,fixture-task-09312,true
9313,fixture-task-09313,false
9314,fixture-task-09314,false
9315,fixture-task-09315,true
9316,fixture-task-09316,false
9317,fixture-task-09317,false
9318,fixture-task-09318,true
9319,fixture-task-09319,false
9320,fixture-task-09320,false
9321,fixture-task-09321,true
9322,fixture-task-09322,false
9323,fixture-task-09323,false
9324,fixture-task-09324,true
9325,fixture-task-09325,false
9326,fixture-task-09326,false
9327,fixture-task-09327,true
9328,fixture-task-09328,false
9329,fixture-task-09329,false
9330,fixture-task-09330,true
9331,fixture-task-09331,false
9332,fixture-task-09332,false
9333,fixture-task-09333,true
9334,fixture-task-09334,false
9335,fixture-task-09335,false
9336,fixture-task-09336,true
9337,fixture-task-09337,false
9338,fixture-task-09338,false
9339,fixture-task-09339,true
9340,fixture-task-09340,false
9341,fixture-task-09341,false
9342,fixture-task-09342,true
9343,fixture-task-09343,false
9344,fixture-task-09344,false
9345,fixture-task-09345,true
9346,fixture-task-09346,false
9347,fixture-task-09347,false
9348,fixture-task-09348,true
9349,fixture-task-09349,false
9350,fixture-task-09350,false
9351,fixture-task-09351,true
9352,fixture-task-09352,false
9353,fixture-task-09353,false
9354,fixture-task-09354,true
9355,fixture-task-09355,false
9356,fixture-task-09356,false
9357,fixture-task-09357,true
9358,fixture-task-09358,false
9359,fixture-task-09359,false
9360,fixture-task-09360,true
9361,fixture-task-09361,false
9362,fixture-task-09362,false
9363,fixture-task-09363,true
9364,fixture-task-09364,false
9365,fixture-task-09365,false
9366,fixture-task-09366,true
9367,fixture-task-09367,false
9368,fixture-task-09368,false
9369,fixture-task-09369,true
9370,fixture-task-09370,false
9371,fixture-task-09371,false
9372,fixture-task-09372,true
9373,fixture-task-09373,false
9374,fixture-task-09374,false
9375,fixture-task-09375,true
9376,fixture-task-09376,false
9377,fixture-task-09377,false
9378,fixture-task-09378,true
9379,fixture-task-09379,false
9380,fixture-task-09380,false
9381,fixture-task-09381,true
9382,fixture-task-09382,false
9383,fixture-task-09383,false
9384,fixture-task-09384,true
9385,fixture-task-09385,false
9386,fixture-task-09386,false
9387,fixture-task-09387,true
9388,fixture-task-09388,false
9389,fixture-task-09389,false
9390,fixture-task-09390,true
9391,fixture-task-09391,false
9392,fixture-task-09392,false
9393,fixture-task-09393,true
9394,fixture-task-09394,false
9395,fixture-task-09395,false
9396,fixture-task-09396,true
9397,fixture-task-09397,false
9398,fixture-task-09398,false
9399,fixture-task-09399,true
9400,fixture-task-09400,false
9401,fixture-task-09401,false
9402,fixture-task-09402,true
9403,fixture-task-09403,false
9404,fixture-task-09404,false
9405,fixture-task-09405,true
9406,fixture-task-09406,false
9407,fixture-task-09407,false
9408,fixture-task-09408,true
9409,fixture-task-09409,false
9410,fixture-task-09410,false
9411,fixture-task-09411,true
9412,fixture-task-09412,false
9413,fixture-task-09413,false
9414,fixture-task-09414,true
9415,fixture-task-09415,false
9416,fixture-task-09416,false
9417,fixture-task-09417,true
9418,fixture-task-09418,false
9419,fixture-task-09419,false
9420,fixture-task-09420,true
9421,fixture-task-09421,false
9422,fixture-task-09422,false
9423,fixture-task-09423,true
9424,fixture-task-09424,false
9425,fixture-task-09425,false
9426,fixture-task-09426,true
9427,fixture-task-09427,false
9428,fixture-task-09428,false
9429,fixture-task-09429,true
9430,fixture-task-09430,false
9431,fixture-task-09431,false
9432,fixture-task-09432,true
9433,fixture-task-09433,false
9434,fixture-task-09434,false
9435,fixture-task-09435,true
9436,fixture-task-09436,false
9437,fixture-task-09437,false
9438,fixture-task-09438,true
9439,fixture-task-09439,false
9440,fixture-task-09440,false
9441,fixture-task-09441,true
9442,fixture-task-09442,false
9443,fixture-task-09443,false
9444,fixture-task-09444,true
9445,fixture-task-09445,false
9446,fixture-task-09446,false
9447,fixture-task-09447,true
9448,fixture-task-09448,false
9449,fixture-task-09449,false
9450,fixture-task-09450,true
9451,fixture-task-09451,false
9452,fixture-task-09452,false
9453,fixture-task-09453,true
9454,fixture-task-09454,false
9455,fixture-task-09455,false
9456,fixture-task-09456,true
9457,fixture-task-09457,false
9458,fixture-task-09458,false
9459,fixture-task-09459,true
9460,fixture-task-09460,false
9461,fixture-task-09461,false
9462,fixture-task-09462,true
9463,fixture-task-09463,false
9464,fixture-task-09464,false
9465,fixture-task-09465,true
9466,fixture-task-09466,false
9467,fixture-task-09467,false
9468,fixture-task-09468,true
9469,fixture-task-09469,false
9470,fixture-task-09470,false
9471,fixture-task-09471,true
9472,fixture-task-09472,false
9473,fixture-task-09473,false
9474,fixture-task-09474,true
9475,fixture-task-09475,false
9476,fixture-task-09476,false
9477,fixture-task-09477,true
9478,fixture-task-09478,false
9479,fixture-task-09479,false
9480,fixture-task-09480,true
9481,fixture-task-09481,false
9482,fixture-task-09482,false
9483,fixture-task-09483,true
9484,fixture-task-09484,false
9485,fixture-task-09485,false
9486,fixture-task-09486,true
9487,fixture-task-09487,false
9488,fixture-task-09488,false
9489,fixture-task-09489,true
9490,fixture-task-09490,false
9491,fixture-task-09491,false
9492,fixture-task-09492,true
9493,fixture-task-09493,false
9494,fixture-task-09494,false
9495,fixture-task-09495,true
9496,fixture-task-09496,false
9497,fixture-task-09497,false
9498,fixture-task-09498,true
9499,fixture-task-09499,false
9500,fixture-task-09500,false
9501,fixture-task-09501,true
9502,fixture-task-09502,false
9503,fixture-task-09503,false
9504,fixture-task-09504,true
9505,fixture-task-09505,false
9506,fixture-task-09506,false
9507,fixture-task-09507,true
9508,fixture-task-09508,false
9509,fixture-task-09509,false
9510,fixture-task-09510,true
9511,fixture-task-09511,false
9512,fixture-task-09512,false
9513,fixture-task-09513,true
9514,fixture-task-09514,false
9515,fixture-task-09515,false
9516,fixture-task-09516,true
9517,fixture-task-09517,false
9518,fixture-task-09518,false
9519,fixture-task-09519,true
9520,fixture-task-09520,false
9521,fixture-task-09521,false
9522,fixture-task-09522,true
9523,fixture-task-09523,false
9524,fixture-task-09524,false
9525,fixture-task-09525,true
9526,fixture-task-09526,false
9527,fixture-task-09527,false
9528,fixture-task-09528,true
9529,fixture-task-09529,false
9530,fixture-task-09530,false
9531,fixture-task-09531,true
9532,fixture-task-09532,false
9533,fixture-task-09533,false
9534,fixture-task-09534,true
9535,fixture-task-09535,false
9536,fixture-task-09536,false
9537,fixture-task-09537,true
9538,fixture-task-09538,false
9539,fixture-task-09539,false
9540,fixture-task-09540,true
9541,fixture-task-09541,false
9542,fixture-task-09542,false
9543,fixture-task-09543,true
9544,fixture-task-09544,false
9545,fixture-task-09545,false
9546,fixture-task-09546,true
9547,fixture-task-09547,false
9548,fixture-task-09548,false
9549,fixture-task-09549,true
9550,fixture-task-09550,false
9551,fixture-task-09551,false
9552,fixture-task-09552,true
9553,fixture-task-09553,false
9554,fixture-task-09554,false
9555,fixture-task-09555,true
9556,fixture-task-09556,false
9557,fixture-task-09557,false
9558,fixture-task-09558,true
9559,fixture-task-09559,false
9560,fixture-task-09560,false
9561,fixture-task-09561,true
9562,fixture-task-09562,false
9563,fixture-task-09563,false
9564,fixture-task-09564,true
9565,fixture-task-09565,false
9566,fixture-task-09566,false
9567,fixture-task-09567,true
9568,fixture-task-09568,false
9569,fixture-task-09569,false
9570,fixture-task-09570,true
9571,fixture-task-09571,false
9572,fixture-task-09572,false
9573,fixture-task-09573,true
9574,fixture-task-09574,false
9575,fixture-task-09575,false
9576,fixture-task-09576,true
9577,fixture-task-09577,false
9578,fixture-task-09578,false
9579,fixture-task-09579,true
9580,fixture-task-09580,false
9581,fixture-task-09581,false
9582,fixture-task-09582,true
9583,fixture-task-09583,false
9584,fixture-task-09584,false
9585,fixture-task-09585,true
9586,fixture-task-09586,false
9587,fixture-task-09587,false
9588,fixture-task-09588,true
9589,fixture-task-09589,false
9590,fixture-task-09590,false
9591,fixture-task-09591,true
9592,fixture-task-09592,false
9593,fixture-task-09593,false
9594,fixture-task-09594,true
9595,fixture-task-09595,false
9596,fixture-task-09596,false
9597,fixture-task-09597,true
9598,fixture-task-09598,false
9599,fixture-task-09599,false
9600,fixture-task-09600,true
9601,fixture-task-09601,false
9602,fixture-task-09602,false
9603,fixture-task-09603,true
9604,fixture-task-09604,false
9605,fixture-task-09605,false
9606,fixture-task-09606,true
9607,fixture-task-09607,false
9608,fixture-task-09608,false
9609,fixture-task-09609,true
9610,fixture-task-09610,false
9611,fixture-task-09611,false
9612,fixture-task-09612,true
9613,fixture-task-09613,false
9614,fixture-task-09614,false
9615,fixture-task-09615,true
9616,fixture-task-09616,false
9617,fixture-task-09617,false
9618,fixture-task-09618,true
9619,fixture-task-09619,false
9620,fixture-task-09620,false
9621,fixture-task-09621,true
9622,fixture-task-09622,false
9623,fixture-task-09623,false
9624,fixture-task-09624,true
9625,fixture-task-09625,false
9626,fixture-task-09626,false
9627,fixture-task-09627,true
9628,fixture-task-09628,false
9629,fixture-task-09629,false
9630,fixture-task-09630,true
9631,fixture-task-09631,false
9632,fixture-task-09632,false
9633,fixture-task-09633,true
9634,fixture-task-09634,false
9635,fixture-task-09635,false
9636,fixture-task-09636,true
9637,fixture-task-09637,false
9638,fixture-task-09638,false
9639,fixture-task-09639,true
9640,fixture-task-09640,false
9641,fixture-task-09641,false
9642,fixture-task-09642,true
9643,fixture-task-09643,false
9644,fixture-task-09644,false
9645,fixture-task-09645,true
9646,fixture-task-09646,false
9647,fixture-task-09647,false
9648,fixture-task-09648,true
9649,fixture-task-09649,false
9650,fixture-task-09650,false
9651,fixture-task-09651,true
9652,fixture-task-09652,false
9653,fixture-task-09653,false
9654,fixture-task-09654,true
9655,fixture-task-09655,false
9656,fixture-task-09656,false
9657,fixture-task-09657,true
9658,fixture-task-09658,false
9659,fixture-task-09659,false
9660,fixture-task-09660,true
9661,fixture-task-09661,false
9662,fixture-task-09662,false
9663,fixture-task-09663,true
9664,fixture-task-09664,false
9665,fixture-task-09665,false
9666,fixture-task-09666,true
9667,fixture-task-09667,false
9668,fixture-task-09668,false
9669,fixture-task-09669,true
9670,fixture-task-09670,false
9671,fixture-task-09671,false
9672,fixture-task-09672,true
9673,fixture-task-09673,false
9674,fixture-task-09674,false
9675,fixture-task-09675,true
9676,fixture-task-09676,false
9677,fixture-task-09677,false
9678,fixture-task-09678,true
9679,fixture-task-09679,false
9680,fixture-task-09680,false
9681,fixture-task-09681,true
9682,fixture-task-09682,false
9683,fixture-task-09683,false
9684,fixture-task-09684,true
9685,fixture-task-09685,false
9686,fixture-task-09686,false
9687,fixture-task-09687,true
9688,fixture-task-09688,false
9689,fixture-task-09689,false
9690,fixture-task-09690,true
9691,fixture-task-09691,false
9692,fixture-task-09692,false
9693,fixture-task-09693,true
9694,fixture-task-09694,false
9695,fixture-task-09695,false
9696,fixture-task-09696,true
9697,fixture-task-09697,false
9698,fixture-task-09698,false
9699,fixture-task-09699,true
9700,fixture-task-09700,false
9701,fixture-task-09701,false
9702,fixture-task-09702,true
9703,fixture-task-09703,false
9704,fixture-task-09704,false
9705,fixture-task-09705,true
9706,fixture-task-09706,false
9707,fixture-task-09707,false
9708,fixture-task-09708,true
9709,fixture-task-09709,false
9710,fixture-task-09710,false
9711,fixture-task-09711,true
9712,fixture-task-09712,false
9713,fixture-task-09713,false
9714,fixture-task-09714,true
9715,fixture-task-09715,false
9716,fixture-task-09716,false
9717,fixture-task-09717,true
9718,fixture-task-09718,false
9719,fixture-task-09719,false
9720,fixture-task-09720,true
9721,fixture-task-09721,false
9722,fixture-task-09722,false
9723,fixture-task-09723,true
9724,fixture-task-09724,false
9725,fixture-task-09725,false
9726,fixture-task-09726,true
9727,fixture-task-09727,false
9728,fixture-task-09728,false
9729,fixture-task-09729,true
9730,fixture-task-09730,false
9731,fixture-task-09731,false
9732,fixture-task-09732,true
9733,fixture-task-09733,false
9734,fixture-task-09734,false
9735,fixture-task-09735,true
9736,fixture-task-09736,false
9737,fixture-task-09737,false
9738,fixture-task-09738,true
9739,fixture-task-09739,false
9740,fixture-task-09740,false
9741,fixture-task-09741,true
9742,fixture-task-09742,false
9743,fixture-task-09743,false
9744,fixture-task-09744,true
9745,fixture-task-09745,false
9746,fixture-task-09746,false
9747,fixture-task-09747,true
9748,fixture-task-09748,false
9749,fixture-task-09749,false
9750,fixture-task-09750,true
9751,fixture-task-09751,false
9752,fixture-task-09752,false
9753,fixture-task-09753,true
9754,fixture-task-09754,false
9755,fixture-task-09755,false
9756,fixture-task-09756,true
9757,fixture-task-09757,false
9758,fixture-task-09758,false
9759,fixture-task-09759,true
9760,fixture-task-09760,false
9761,fixture-task-09761,false
9762,fixture-task-09762,true
9763,fixture-task-09763,false
9764,fixture-task-09764,false
9765,fixture-task-09765,true
9766,fixture-task-09766,false
9767,fixture-task-09767,false
9768,fixture-task-09768,true
9769,fixture-task-09769,false
9770,fixture-task-09770,false
9771,fixture-task-09771,true
9772,fixture-task-09772,false
9773,fixture-task-09773,false
9774,fixture-task-09774,true
9775,fixture-task-09775,false
9776,fixture-task-09776,false
9777,fixture-task-09777,true
9778,fixture-task-09778,false
9779,fixture-task-09779,false
9780,fixture-task-09780,true
9781,fixture-task-09781,false
9782,fixture-task-09782,false
9783,fixture-task-09783,true
9784,fixture-task-09784,false
9785,fixture-task-09785,false
9786,fixture-task-09786,true
9787,fixture-task-09787,false
9788,fixture-task-09788,false
9789,fixture-task-09789,true
9790,fixture-task-09790,false
9791,fixture-task-09791,false
9792,fixture-task-09792,true
9793,fixture-task-09793,false
9794,fixture-task-09794,false
9795,fixture-task-09795,true
9796,fixture-task-09796,false
9797,fixture-task-09797,false
9798,fixture-task-09798,true
9799,fixture-task-09799,false
9800,fixture-task-09800,false
9801,fixture-task-09801,true
9802,fixture-task-09802,false
9803,fixture-task-09803,false
9804,fixture-task-09804,true
9805,fixture-task-09805,false
9806,fixture-task-09806,false
9807,fixture-task-09807,true
9808,fixture-task-09808,false
9809,fixture-task-09809,false
9810,fixture-task-09810,true
9811,fixture-task-09811,false
9812,fixture-task-09812,false
9813,fixture-task-09813,true
9814,fixture-task-09814,false
9815,fixture-task-09815,false
9816,fixture-task-09816,true
9817,fixture-task-09817,false
9818,fixture-task-09818,false
9819,fixture-task-09819,true
9820,fixture-task-09820,false
9821,fixture-task-09821,false
9822,fixture-task-09822,true
9823,fixture-task-09823,false
9824,fixture-task-09824,false
9825,fixture-task-09825,true
9826,fixture-task-09826,false
9827,fixture-task-09827,false
9828,fixture-task-09828,true
9829,fixture-task-09829,false
9830,fixture-task-09830,false
9831,fixture-task-09831,true
9832,fixture-task-09832,false
9833,fixture-task-09833,false
9834,fixture-task-09834,true
9835,fixture-task-09835,false
9836,fixture-task-09836,false
9837,fixture-task-09837,true
9838,fixture-task-09838,false
9839,fixture-task-09839,false
9840,fixture-task-09840,true
9841,fixture-task-09841,false
9842,fixture-task-09842,false
9843,fixture-task-09843,true
9844,fixture-task-09844,false
9845,fixture-task-09845,false
9846,fixture-task-09846,true
9847,fixture-task-09847,false
9848,fixture-task-09848,false
9849,fixture-task-09849,true
9850,fixture-task-09850,false
9851,fixture-task-09851,false
9852,fixture-task-09852,true
9853,fixture-task-09853,false
9854,fixture-task-09854,false
9855,fixture-task-09855,true
9856,fixture-task-09856,false
9857,fixture-task-09857,false
9858,fixture-task-09858,true
9859,fixture-task-09859,false
9860,fixture-task-09860,false
9861,fixture-task-09861,true
9862,fixture-task-09862,false
9863,fixture-task-09863,false
9864,fixture-task-09864,true
9865,fixture-task-09865,false
9866,fixture-task-09866,false
9867,fixture-task-09867,true
9868,fixture-task-09868,false
9869,fixture-task-09869,false
9870,fixture-task-09870,true
9871,fixture-task-09871,false
9872,fixture-task-09872,false
9873,fixture-task-09873,true
9874,fixture-task-09874,false
9875,fixture-task-09875,false
9876,fixture-task-09876,true
9877,fixture-task-09877,false
9878,fixture-task-09878,false
9879,fixture-task-09879,true
9880,fixture-task-09880,false
9881,fixture-task-09881,false
9882,fixture-task-09882,true
9883,fixture-task-09883,false
9884,fixture-task-09884,false
9885,fixture-task-09885,true
9886,fixture-task-09886,false
9887,fixture-task-09887,false
9888,fixture-task-09888,true
9889,fixture-task-09889,false
9890,fixture-task-09890,false
9891,fixture-task-09891,true
9892,fixture-task-09892,false
9893,fixture-task-09893,false
9894,fixture-task-09894,true
9895,fixture-task-09895,false
9896,fixture-task-09896,false
9897,fixture-task-09897,true
9898,fixture-task-09898,false
9899,fixture-task-09899,false
9900,fixture-task-09900,true
9901,fixture-task-09901,false
9902,fixture-task-09902,false
9903,fixture-task-09903,true
9904,fixture-task-09904,false
9905,fixture-task-09905,false
9906,fixture-task-09906,true
9907,fixture-task-09907,false
9908,fixture-task-09908,false
9909,fixture-task-09909,true
9910,fixture-task-09910,false
9911,fixture-task-09911,false
9912,fixture-task-09912,true
9913,fixture-task-09913,false
9914,fixture-task-09914,false
9915,fixture-task-09915,true
9916,fixture-task-09916,false
9917,fixture-task-09917,false
9918,fixture-task-09918,true
9919,fixture-task-09919,false
9920,fixture-task-09920,false
9921,fixture-task-09921,true
9922,fixture-task-09922,false
9923,fixture-task-09923,false
9924,fixture-task-09924,true
9925,fixture-task-09925,false
9926,fixture-task-09926,false
9927,fixture-task-09927,true
9928,fixture-task-09928,false
9929,fixture-task-09929,false
9930,fixture-task-09930,true
9931,fixture-task-09931,false
9932,fixture-task-09932,false
9933,fixture-task-09933,true
9934,fixture-task-09934,false
9935,fixture-task-09935,false
9936,fixture-task-09936,true
9937,fixture-task-09937,false
9938,fixture-task-09938,false
9939,fixture-task-09939,true
9940,fixture-task-09940,false
9941,fixture-task-09941,false
9942,fixture-task-09942,true
9943,fixture-task-09943,false
9944,fixture-task-09944,false
9945,fixture-task-09945,true
9946,fixture-task-09946,false
9947,fixture-task-09947,false
9948,fixture-task-09948,true
9949,fixture-task-09949,false
9950,fixture-task-09950,false
9951,fixture-task-09951,true
9952,fixture-task-09952,false
9953,fixture-task-09953,false
9954,fixture-task-09954,true
9955,fixture-task-09955,false
9956,fixture-task-09956,false
9957,fixture-task-09957,true
9958,fixture-task-09958,false
9959,fixture-task-09959,false
9960,fixture-task-09960,true
9961,fixture-task-09961,false
9962,fixture-task-09962,false
9963,fixture-task-09963,true
9964,fixture-task-09964,false
9965,fixture-task-09965,false
9966,fixture-task-09966,true
9967,fixture-task-09967,false
9968,fixture-task-09968,false
9969,fixture-task-09969,true
9970,fixture-task-09970,false
9971,fixture-task-09971,false
9972,fixture-task-09972,true
9973,fixture-task-09973,false
9974,fixture-task-09974,false
9975,fixture-task-09975,true
9976,fixture-task-09976,false
9977,fixture-task-09977,false
9978,fixture-task-09978,true
9979,fixture-task-09979,false
9980,fixture-task-09980,false
9981,fixture-task-09981,true
9982,fixture-task-09982,false
9983,fixture-task-09983,false
9984,fixture-task-09984,true
9985,fixture-task-09985,false
9986,fixture-task-09986,false
9987,fixture-task-09987,true
9988,fixture-task-09988,false
9989,fixture-task-09989,false
9990,fixture-task-09990,true
9991,fixture-task-09991,false
9992,fixture-task-09992,false
9993,fixture-task-09993,true
9994,fixture-task-09994,false
9995,fixture-task-09995,false
9996,fixture-task-09996,true
9997,fixture-task-09997,false
9998,fixture-task-09998,false
9999,fixture-task-09999,true
10000,fixture-task-10000,false
10001,fixture-task-10001,false
10002,fixture-task-10002,true
10003,fixture-task-10003,false
10004,fixture-task-10004,false
10005,fixture-task-10005,true
10006,fixture-task-10006,false
10007,fixture-task-10007,false
10008,fixture-task-10008,true
10009,fixture-task-10009,false
10010,fixture-task-10010,false
10011,fixture-task-10011,true
10012,fixture-task-10012,false
10013,fixture-task-10013,false
10014,fixture-task-10014,true
10015,fixture-task-10015,false
10016,fixture-task-10016,false
10017,fixture-task-10017,true
10018,fixture-task-10018,false
10019,fixture-task-10019,false
10020,fixture-task-10020,true
10021,fixture-task-10021,false
10022,fixture-task-10022,false
10023,fixture-task-10023,true
10024,fixture-task-10024,false
10025,fixture-task-10025,false
10026,fixture-task-10026,true
10027,fixture-task-10027,false
10028,fixture-task-10028,false
10029,fixture-task-10029,true
10030,fixture-task-10030,false
10031,fixture-task-10031,false
10032,fixture-task-10032,true
10033,fixture-task-10033,false
10034,fixture-task-10034,false
10035,fixture-task-10035,true
10036,fixture-task-10036,false
10037,fixture-task-10037,false
10038,fixture-task-10038,true
10039,fixture-task-10039,false
10040,fixture-task-10040,false
10041,fixture-task-10041,true
10042,fixture-task-10042,false
10043,fixture-task-10043,false
10044,fixture-task-10044,true
10045,fixture-task-10045,false
10046,fixture-task-10046,false
10047,fixture-task-10047,true
10048,fixture-task-10048,false
10049,fixture-task-10049,false
10050,fixture-task-10050,true
10051,fixture-task-10051,false
10052,fixture-task-10052,false
10053,fixture-task-10053,true
10054,fixture-task-10054,false
10055,fixture-task-10055,false
10056,fixture-task-10056,true
10057,fixture-task-10057,false
10058,fixture-task-10058,false
10059,fixture-task-10059,true
10060,fixture-task-10060,false
10061,fixture-task-10061,false
10062,fixture-task-10062,true
10063,fixture-task-10063,false
10064,fixture-task-10064,false
10065,fixture-task-10065,true
10066,fixture-task-10066,false
10067,fixture-task-10067,false
10068,fixture-task-10068,true
10069,fixture-task-10069,false
10070,fixture-task-10070,false
10071,fixture-task-10071,true
10072,fixture-task-10072,false
10073,fixture-task-10073,false
10074,fixture-task-10074,true
10075,fixture-task-10075,false
10076,fixture-task-10076,false
10077,fixture-task-10077,true
10078,fixture-task-10078,false
10079,fixture-task-10079,false
10080,fixture-task-10080,true
10081,fixture-task-10081,false
10082,fixture-task-10082,false
10083,fixture-task-10083,true
10084,fixture-task-10084,false
10085,fixture-task-10085,false
10086,fixture-task-10086,true
10087,fixture-task-10087,false
10088,fixture-task-10088,false
10089,fixture-task-10089,true
10090,fixture-task-10090,false
10091,fixture-task-10091,false
10092,fixture-task-10092,true
10093,fixture-task-10093,false
10094,fixture-task-10094,false
10095,fixture-task-10095,true
10096,fixture-task-10096,false
10097,fixture-task-10097,false
10098,fixture-task-10098,true
10099,fixture-task-10099,false
10100,fixture-task-10100,false
10101,fixture-task-10101,true
10102,fixture-task-10102,false
10103,fixture-task-10103,false
10104,fixture-task-10104,true
10105,fixture-task-10105,false
10106,fixture-task-10106,false
10107,fixture-task-10107,true
10108,fixture-task-10108,false
10109,fixture-task-10109,false
10110,fixture-task-10110,true
10111,fixture-task-10111,false
10112,fixture-task-10112,false
10113,fixture-task-10113,true
10114,fixture-task-10114,false
10115,fixture-task-10115,false
10116,fixture-task-10116,true
10117,fixture-task-10117,false
10118,fixture-task-10118,false
10119,fixture-task-10119,true
10120,fixture-task-10120,false
10121,fixture-task-10121,false
10122,fixture-task-10122,true
10123,fixture-task-10123,false
10124,fixture-task-10124,false
10125,fixture-task-10125,true
10126,fixture-task-10126,false
10127,fixture-task-10127,false
10128,fixture-task-10128,true
10129,fixture-task-10129,false
10130,fixture-task-10130,false
10131,fixture-task-10131,true
10132,fixture-task-10132,false
10133,fixture-task-10133,false
10134,fixture-task-10134,true
10135,fixture-task-10135,false
10136,fixture-task-10136,false
10137,fixture-task-10137,true
10138,fixture-task-10138,false
10139,fixture-task-10139,false
10140,fixture-task-10140,true
10141,fixture-task-10141,false
10142,fixture-task-10142,false
10143,fixture-task-10143,true
10144,fixture-task-10144,false
10145,fixture-task-10145,false
10146,fixture-task-10146,true
10147,fixture-task-10147,false
10148,fixture-task-10148,false
10149,fixture-task-10149,true
10150,fixture-task-10150,false
10151,fixture-task-10151,false
10152,fixture-task-10152,true
10153,fixture-task-10153,false
10154,fixture-task-10154,false
10155,fixture-task-10155,true
10156,fixture-task-10156,false
10157,fixture-task-10157,false
10158,fixture-task-10158,true
10159,fixture-task-10159,false
10160,fixture-task-10160,false
10161,fixture-task-10161,true
10162,fixture-task-10162,false
10163,fixture-task-10163,false
10164,fixture-task-10164,true
10165,fixture-task-10165,false
10166,fixture-task-10166,false
10167,fixture-task-10167,true
10168,fixture-task-10168,false
10169,fixture-task-10169,false
10170,fixture-task-10170,true
10171,fixture-task-10171,false
10172,fixture-task-10172,false
10173,fixture-task-10173,true
10174,fixture-task-10174,false
10175,fixture-task-10175,false
10176,fixture-task-10176,true
10177,fixture-task-10177,false
10178,fixture-task-10178,false
10179,fixture-task-10179,true
10180,fixture-task-10180,false
10181,fixture-task-10181,false
10182,fixture-task-10182,true
10183,fixture-task-10183,false
10184,fixture-task-10184,false
10185,fixture-task-10185,true
10186,fixture-task-10186,false
10187,fixture-task-10187,false
10188,fixture-task-10188,true
10189,fixture-task-10189,false
10190,fixture-task-10190,false
10191,fixture-task-10191,true
10192,fixture-task-10192,false
10193,fixture-task-10193,false
10194,fixture-task-10194,true
10195,fixture-task-10195,false
10196,fixture-task-10196,false
10197,fixture-task-10197,true
10198,fixture-task-10198,false
10199,fixture-task-10199,false
10200,fixture-task-10200,true
10201,fixture-task-10201,false
10202,fixture-task-10202,false
10203,fixture-task-10203,true
10204,fixture-task-10204,false
10205,fixture-task-10205,false
10206,fixture-task-10206,true
10207,fixture-task-10207,false
10208,fixture-task-10208,false
10209,fixture-task-10209,true
10210,fixture-task-10210,false
10211,fixture-task-10211,false
10212,fixture-task-10212,true
10213,fixture-task-10213,false
10214,fixture-task-10214,false
10215,fixture-task-10215,true
10216,fixture-task-10216,false
10217,fixture-task-10217,false
10218,fixture-task-10218,true
10219,fixture-task-10219,false
10220,fixture-task-10220,false
10221,fixture-task-10221,true
10222,fixture-task-10222,false
10223,fixture-task-10223,false
10224,fixture-task-10224,true
10225,fixture-task-10225,false
10226,fixture-task-10226,false
10227,fixture-task-10227,true
10228,fixture-task-10228,false
10229,fixture-task-10229,false
10230,fixture-task-10230,true
10231,fixture-task-10231,false
10232,fixture-task-10232,false
10233,fixture-task-10233,true
10234,fixture-task-10234,false
10235,fixture-task-10235,false
10236,fixture-task-10236,true
10237,fixture-task-10237,false
10238,fixture-task-10238,false
10239,fixture-task-10239,true
10240,fixture-task-10240,false
10241,fixture-task-10241,false
10242,fixture-task-10242,true
10243,fixture-task-10243,false
10244,fixture-task-10244,false
10245,fixture-task-10245,true
10246,fixture-task-10246,false
10247,fixture-task-10247,false
10248,fixture-task-10248,true
10249,fixture-task-10249,false
10250,fixture-task-10250,false
10251,fixture-task-10251,true
10252,fixture-task-10252,false
10253,fixture-task-10253,false
10254,fixture-task-10254,true
10255,fixture-task-10255,false
10256,fixture-task-10256,false
10257,fixture-task-10257,true
10258,fixture-task-10258,false
10259,fixture-task-10259,false
10260,fixture-task-10260,true
10261,fixture-task-10261,false
10262,fixture-task-10262,false
10263,fixture-task-10263,true
10264,fixture-task-10264,false
10265,fixture-task-10265,false
10266,fixture-task-10266,true
10267,fixture-task-10267,false
10268,fixture-task-10268,false
10269,fixture-task-10269,true
10270,fixture-task-10270,false
10271,fixture-task-10271,false
10272,fixture-task-10272,true
10273,fixture-task-10273,false
10274,fixture-task-10274,false
10275,fixture-task-10275,true
10276,fixture-task-10276,false
10277,fixture-task-10277,false
10278,fixture-task-10278,true
10279,fixture-task-10279,false
10280,fixture-task-10280,false
10281,fixture-task-10281,true
10282,fixture-task-10282,false
10283,fixture-task-10283,false
10284,fixture-task-10284,true
10285,fixture-task-10285,false
10286,fixture-task-10286,false
10287,fixture-task-10287,true
10288,fixture-task-10288,false
10289,fixture-task-10289,false
10290,fixture-task-10290,true
10291,fixture-task-10291,false
10292,fixture-task-10292,false
10293,fixture-task-10293,true
10294,fixture-task-10294,false
10295,fixture-task-10295,false
10296,fixture-task-10296,true
10297,fixture-task-10297,false
10298,fixture-task-10298,false
10299,fixture-task-10299,true
10300,fixture-task-10300,false
10301,fixture-task-10301,false
10302,fixture-task-10302,true
10303,fixture-task-10303,false
10304,fixture-task-10304,false
10305,fixture-task-10305,true
10306,fixture-task-10306,false
10307,fixture-task-10307,false
10308,fixture-task-10308,true
10309,fixture-task-10309,false
10310,fixture-task-10310,false
10311,fixture-task-10311,true
10312,fixture-task-10312,false
10313,fixture-task-10313,false
10314,fixture-task-10314,true
10315,fixture-task-10315,false
10316,fixture-task-10316,false
10317,fixture-task-10317,true
10318,fixture-task-10318,false
10319,fixture-task-10319,false
10320,fixture-task-10320,true
10321,fixture-task-10321,false
10322,fixture-task-10322,false
10323,fixture-task-10323,true
10324,fixture-task-10324,false
10325,fixture-task-10325,false
10326,fixture-task-10326,true
10327,fixture-task-10327,false
10328,fixture-task-10328,false
10329,fixture-task-10329,true
10330,fixture-task-10330,false
10331,fixture-task-10331,false
10332,fixture-task-10332,true
10333,fixture-task-10333,false
10334,fixture-task-10334,false
10335,fixture-task-10335,true
10336,fixture-task-10336,false
10337,fixture-task-10337,false
10338,fixture-task-10338,true
10339,fixture-task-10339,false
10340,fixture-task-10340,false
10341,fixture-task-10341,true
10342,fixture-task-10342,false
10343,fixture-task-10343,false
10344,fixture-task-10344,true
10345,fixture-task-10345,false
10346,fixture-task-10346,false
10347,fixture-task-10347,true
10348,fixture-task-10348,false
10349,fixture-task-10349,false
10350,fixture-task-10350,true
10351,fixture-task-10351,false
10352,fixture-task-10352,false
10353,fixture-task-10353,true
10354,fixture-task-10354,false
10355,fixture-task-10355,false
10356,fixture-task-10356,true
10357,fixture-task-10357,false
10358,fixture-task-10358,false
10359,fixture-task-10359,true
10360,fixture-task-10360,false
10361,fixture-task-10361,false
10362,fixture-task-10362,true
10363,fixture-task-10363,false
10364,fixture-task-10364,false
10365,fixture-task-10365,true
10366,fixture-task-10366,false
10367,fixture-task-10367,false
10368,fixture-task-10368,true
10369,fixture-task-10369,false
10370,fixture-task-10370,false
10371,fixture-task-10371,true
10372,fixture-task-10372,false
10373,fixture-task-10373,false
10374,fixture-task-10374,true
10375,fixture-task-10375,false
10376,fixture-task-10376,false
10377,fixture-task-10377,true
10378,fixture-task-10378,false
10379,fixture-task-10379,false
10380,fixture-task-10380,true
10381,fixture-task-10381,false
10382,fixture-task-10382,false
10383,fixture-task-10383,true
10384,fixture-task-10384,false
10385,fixture-task-10385,false
10386,fixture-task-10386,true
10387,fixture-task-10387,false
10388,fixture-task-10388,false
10389,fixture-task-10389,true
10390,fixture-task-10390,false
10391,fixture-task-10391,false
10392,fixture-task-10392,true
10393,fixture-task-10393,false
10394,fixture-task-10394,false
10395,fixture-task-10395,true
10396,fixture-task-10396,false
10397,fixture-task-10397,false
10398,fixture-task-10398,true
10399,fixture-task-10399,false
10400,fixture-task-10400,false
10401,fixture-task-10401,true
10402,fixture-task-10402,false
10403,fixture-task-10403,false
10404,fixture-task-10404,true
10405,fixture-task-10405,false
10406,fixture-task-10406,false
10407,fixture-task-10407,true
10408,fixture-task-10408,false
10409,fixture-task-10409,false
10410,fixture-task-10410,true
10411,fixture-task-10411,false
10412,fixture-task-10412,false
10413,fixture-task-10413,true
10414,fixture-task-10414,false
10415,fixture-task-10415,false
10416,fixture-task-10416,true
10417,fixture-task-10417,false
10418,fixture-task-10418,false
10419,fixture-task-10419,true
10420,fixture-task-10420,false
10421,fixture-task-10421,false
10422,fixture-task-10422,true
10423,fixture-task-10423,false
10424,fixture-task-10424,false
10425,fixture-task-10425,true
10426,fixture-task-10426,false
10427,fixture-task-10427,false
10428,fixture-task-10428,true
10429,fixture-task-10429,false
10430,fixture-task-10430,false
10431,fixture-task-10431,true
10432,fixture-task-10432,false
10433,fixture-task-10433,false
10434,fixture-task-10434,true
10435,fixture-task-10435,false
10436,fixture-task-10436,false
10437,fixture-task-10437,true
10438,fixture-task-10438,false
10439,fixture-task-10439,false
10440,fixture-task-10440,true
10441,fixture-task-10441,false
10442,fixture-task-10442,false
10443,fixture-task-10443,true
10444,fixture-task-10444,false
10445,fixture-task-10445,false
10446,fixture-task-10446,true
10447,fixture-task-10447,false
10448,fixture-task-10448,false
10449,fixture-task-10449,true
10450,fixture-task-10450,false
10451,fixture-task-10451,false
10452,fixture-task-10452,true
10453,fixture-task-10453,false
10454,fixture-task-10454,false
10455,fixture-task-10455,true
10456,fixture-task-10456,false
10457,fixture-task-10457,false
10458,fixture-task-10458,true
10459,fixture-task-10459,false
10460,fixture-task-10460,false
10461,fixture-task-10461,true
10462,fixture-task-10462,false
10463,fixture-task-10463,false
10464,fixture-task-10464,true
10465,fixture-task-10465,false
10466,fixture-task-10466,false
10467,fixture-task-10467,true
10468,fixture-task-10468,false
10469,fixture-task-10469,false
10470,fixture-task-10470,true
10471,fixture-task-10471,false
10472,fixture-task-10472,false
10473,fixture-task-10473,true
10474,fixture-task-10474,false
10475,fixture-task-10475,false
10476,fixture-task-10476,true
10477,fixture-task-10477,false
10478,fixture-task-10478,false
10479,fixture-task-10479,true
10480,fixture-task-10480,false
10481,fixture-task-10481,false
10482,fixture-task-10482,true
10483,fixture-task-10483,false
10484,fixture-task-10484,false
10485,fixture-task-10485,true
10486,fixture-task-10486,false
10487,fixture-task-10487,false
10488,fixture-task-10488,true
10489,fixture-task-10489,false
10490,fixture-task-10490,false
10491,fixture-task-10491,true
10492,fixture-task-10492,false
10493,fixture-task-10493,false
10494,fixture-task-10494,true
10495,fixture-task-10495,false
10496,fixture-task-10496,false
10497,fixture-task-10497,true
10498,fixture-task-10498,false
10499,fixture-task-10499,false
10500,fixture-task-10500,true
10501,fixture-task-10501,false
10502,fixture-task-10502,false
10503,fixture-task-10503,true
10504,fixture-task-10504,false
10505,fixture-task-10505,false
10506,fixture-task-10506,true
10507,fixture-task-10507,false
10508,fixture-task-10508,false
10509,fixture-task-10509,true
10510,fixture-task-10510,false
10511,fixture-task-10511,false
10512,fixture-task-10512,true
10513,fixture-task-10513,false
10514,fixture-task-10514,false
10515,fixture-task-10515,true
10516,fixture-task-10516,false
10517,fixture-task-10517,false
10518,fixture-task-10518,true
10519,fixture-task-10519,false
10520,fixture-task-10520,false
10521,fixture-task-10521,true
10522,fixture-task-10522,false
10523,fixture-task-10523,false
10524,fixture-task-10524,true
10525,fixture-task-10525,false
10526,fixture-task-10526,false
10527,fixture-task-10527,true
10528,fixture-task-10528,false
10529,fixture-task-10529,false
10530,fixture-task-10530,true
10531,fixture-task-10531,false
10532,fixture-task-10532,false
10533,fixture-task-10533,true
10534,fixture-task-10534,false
10535,fixture-task-10535,false
10536,fixture-task-10536,true
10537,fixture-task-10537,false
10538,fixture-task-10538,false
10539,fixture-task-10539,true
10540,fixture-task-10540,false
10541,fixture-task-10541,false
10542,fixture-task-10542,true
10543,fixture-task-10543,false
10544,fixture-task-10544,false
10545,fixture-task-10545,true
10546,fixture-task-10546,false
10547,fixture-task-10547,false
10548,fixture-task-10548,true
10549,fixture-task-10549,false
10550,fixture-task-10550,false
10551,fixture-task-10551,true
10552,fixture-task-10552,false
10553,fixture-task-10553,false
10554,fixture-task-10554,true
10555,fixture-task-10555,false
10556,fixture-task-10556,false
10557,fixture-task-10557,true
10558,fixture-task-10558,false
10559,fixture-task-10559,false
10560,fixture-task-10560,true
10561,fixture-task-10561,false
10562,fixture-task-10562,false
10563,fixture-task-10563,true
10564,fixture-task-10564,false
10565,fixture-task-10565,false
10566,fixture-task-10566,true
10567,fixture-task-10567,false
10568,fixture-task-10568,false
10569,fixture-task-10569,true
10570,fixture-task-10570,false
10571,fixture-task-10571,false
10572,fixture-task-10572,true
10573,fixture-task-10573,false
10574,fixture-task-10574,false
10575,fixture-task-10575,true
10576,fixture-task-10576,false
10577,fixture-task-10577,false
10578,fixture-task-10578,true
10579,fixture-task-10579,false
10580,fixture-task-10580,false
10581,fixture-task-10581,true
10582,fixture-task-10582,false
10583,fixture-task-10583,false
10584,fixture-task-10584,true
10585,fixture-task-10585,false
10586,fixture-task-10586,false
10587,fixture-task-10587,true
10588,fixture-task-10588,false
10589,fixture-task-10589,false
10590,fixture-task-10590,true
10591,fixture-task-10591,false
10592,fixture-task-10592,false
10593,fixture-task-10593,true
10594,fixture-task-10594,false
10595,fixture-task-10595,false
10596,fixture-task-10596,true
10597,fixture-task-10597,false
10598,fixture-task-10598,false
10599,fixture-task-10599,true
10600,fixture-task-10600,false
10601,fixture-task-10601,false
10602,fixture-task-10602,true
10603,fixture-task-10603,false
10604,fixture-task-10604,false
10605,fixture-task-10605,true
10606,fixture-task-10606,false
10607,fixture-task-10607,false
10608,fixture-task-10608,true
10609,fixture-task-10609,false
10610,fixture-task-10610,false
10611,fixture-task-10611,true
10612,fixture-task-10612,false
10613,fixture-task-10613,false
10614,fixture-task-10614,true
10615,fixture-task-10615,false
10616,fixture-task-10616,false
10617,fixture-task-10617,true
10618,fixture-task-10618,false
10619,fixture-task-10619,false
10620,fixture-task-10620,true
10621,fixture-task-10621,false
10622,fixture-task-10622,false
10623,fixture-task-10623,true
10624,fixture-task-10624,false
10625,fixture-task-10625,false
10626,fixture-task-10626,true
10627,fixture-task-10627,false
10628,fixture-task-10628,false
10629,fixture-task-10629,true
10630,fixture-task-10630,false
10631,fixture-task-10631,false
10632,fixture-task-10632,true
10633,fixture-task-10633,false
10634,fixture-task-10634,false
10635,fixture-task-10635,true
10636,fixture-task-10636,false
10637,fixture-task-10637,false
10638,fixture-task-10638,true
10639,fixture-task-10639,false
10640,fixture-task-10640,false
10641,fixture-task-10641,true
10642,fixture-task-10642,false
10643,fixture-task-10643,false
10644,fixture-task-10644,true
10645,fixture-task-10645,false
10646,fixture-task-10646,false
10647,fixture-task-10647,true
10648,fixture-task-10648,false
10649,fixture-task-10649,false
10650,fixture-task-10650,true
10651,fixture-task-10651,false
10652,fixture-task-10652,false
10653,fixture-task-10653,true
10654,fixture-task-10654,false
10655,fixture-task-10655,false
10656,fixture-task-10656,true
10657,fixture-task-10657,false
10658,fixture-task-10658,false
10659,fixture-task-10659,true
10660,fixture-task-10660,false
10661,fixture-task-10661,false
10662,fixture-task-10662,true
10663,fixture-task-10663,false
10664,fixture-task-10664,false
10665,fixture-task-10665,true
10666,fixture-task-10666,false
10667,fixture-task-10667,false
10668,fixture-task-10668,true
10669,fixture-task-10669,false
10670,fixture-task-10670,false
10671,fixture-task-10671,true
10672,fixture-task-10672,false
10673,fixture-task-10673,false
10674,fixture-task-10674,true
10675,fixture-task-10675,false
10676,fixture-task-10676,false
10677,fixture-task-10677,true
10678,fixture-task-10678,false
10679,fixture-task-10679,false
10680,fixture-task-10680,true
10681,fixture-task-10681,false
10682,fixture-task-10682,false
10683,fixture-task-10683,true
10684,fixture-task-10684,false
10685,fixture-task-10685,false
10686,fixture-task-10686,true
10687,fixture-task-10687,false
10688,fixture-task-10688,false
10689,fixture-task-10689,true
10690,fixture-task-10690,false
10691,fixture-task-10691,false
10692,fixture-task-10692,true
10693,fixture-task-10693,false
10694,fixture-task-10694,false
10695,fixture-task-10695,true
10696,fixture-task-10696,false
10697,fixture-task-10697,false
10698,fixture-task-10698,true
10699,fixture-task-10699,false
10700,fixture-task-10700,false
10701,fixture-task-10701,true
10702,fixture-task-10702,false
10703,fixture-task-10703,false
10704,fixture-task-10704,true
10705,fixture-task-10705,false
10706,fixture-task-10706,false
10707,fixture-task-10707,true
10708,fixture-task-10708,false
10709,fixture-task-10709,false
10710,fixture-task-10710,true
10711,fixture-task-10711,false
10712,fixture-task-10712,false
10713,fixture-task-10713,true
10714,fixture-task-10714,false
10715,fixture-task-10715,false
10716,fixture-task-10716,true
10717,fixture-task-10717,false
10718,fixture-task-10718,false
10719,fixture-task-10719,true
10720,fixture-task-10720,false
10721,fixture-task-10721,false
10722,fixture-task-10722,true
10723,fixture-task-10723,false
10724,fixture-task-10724,false
10725,fixture-task-10725,true
10726,fixture-task-10726,false
10727,fixture-task-10727,false
10728,fixture-task-10728,true
10729,fixture-task-10729,false
10730,fixture-task-10730,false
10731,fixture-task-10731,true
10732,fixture-task-10732,false
10733,fixture-task-10733,false
10734,fixture-task-10734,true
10735,fixture-task-10735,false
10736,fixture-task-10736,false
10737,fixture-task-10737,true
10738,fixture-task-10738,false
10739,fixture-task-10739,false
10740,fixture-task-10740,true
10741,fixture-task-10741,false
10742,fixture-task-10742,false
10743,fixture-task-10743,true
10744,fixture-task-10744,false
10745,fixture-task-10745,false
10746,fixture-task-10746,true
10747,fixture-task-10747,false
10748,fixture-task-10748,false
10749,fixture-task-10749,true
10750,fixture-task-10750,false
10751,fixture-task-10751,false
10752,fixture-task-10752,true
10753,fixture-task-10753,false
10754,fixture-task-10754,false
10755,fixture-task-10755,true
10756,fixture-task-10756,false
10757,fixture-task-10757,false
10758,fixture-task-10758,true
10759,fixture-task-10759,false
10760,fixture-task-10760,false
10761,fixture-task-10761,true
10762,fixture-task-10762,false
10763,fixture-task-10763,false
10764,fixture-task-10764,true
10765,fixture-task-10765,false
10766,fixture-task-10766,false
10767,fixture-task-10767,true
10768,fixture-task-10768,false
10769,fixture-task-10769,false
10770,fixture-task-10770,true
10771,fixture-task-10771,false
10772,fixture-task-10772,false
10773,fixture-task-10773,true
10774,fixture-task-10774,false
10775,fixture-task-10775,false
10776,fixture-task-10776,true
10777,fixture-task-10777,false
10778,fixture-task-10778,false
10779,fixture-task-10779,true
10780,fixture-task-10780,false
10781,fixture-task-10781,false
10782,fixture-task-10782,true
10783,fixture-task-10783,false
10784,fixture-task-10784,false
10785,fixture-task-10785,true
10786,fixture-task-10786,false
10787,fixture-task-10787,false
10788,fixture-task-10788,true
10789,fixture-task-10789,false
10790,fixture-task-10790,false
10791,fixture-task-10791,true
10792,fixture-task-10792,false
10793,fixture-task-10793,false
10794,fixture-task-10794,true
10795,fixture-task-10795,false
10796,fixture-task-10796,false
10797,fixture-task-10797,true
10798,fixture-task-10798,false
10799,fixture-task-10799,false
10800,fixture-task-10800,true
10801,fixture-task-10801,false
10802,fixture-task-10802,false
10803,fixture-task-10803,true
10804,fixture-task-10804,false
10805,fixture-task-10805,false
10806,fixture-task-10806,true
10807,fixture-task-10807,false
10808,fixture-task-10808,false
10809,fixture-task-10809,true
10810,fixture-task-10810,false
10811,fixture-task-10811,false
10812,fixture-task-10812,true
10813,fixture-task-10813,false
10814,fixture-task-10814,false
10815,fixture-task-10815,true
10816,fixture-task-10816,false
10817,fixture-task-10817,false
10818,fixture-task-10818,true
10819,fixture-task-10819,false
10820,fixture-task-10820,false
10821,fixture-task-10821,true
10822,fixture-task-10822,false
10823,fixture-task-10823,false
10824,fixture-task-10824,true
10825,fixture-task-10825,false
10826,fixture-task-10826,false
10827,fixture-task-10827,true
10828,fixture-task-10828,false
10829,fixture-task-10829,false
10830,fixture-task-10830,true
10831,fixture-task-10831,false
10832,fixture-task-10832,false
10833,fixture-task-10833,true
10834,fixture-task-10834,false
10835,fixture-task-10835,false
10836,fixture-task-10836,true
10837,fixture-task-10837,false
10838,fixture-task-10838,false
10839,fixture-task-10839,true
10840,fixture-task-10840,false
10841,fixture-task-10841,false
10842,fixture-task-10842,true
10843,fixture-task-10843,false
10844,fixture-task-10844,false
10845,fixture-task-10845,true
10846,fixture-task-10846,false
10847,fixture-task-10847,false
10848,fixture-task-10848,true
10849,fixture-task-10849,false
10850,fixture-task-10850,false
10851,fixture-task-10851,true
10852,fixture-task-10852,false
10853,fixture-task-10853,false
10854,fixture-task-10854,true
10855,fixture-task-10855,false
10856,fixture-task-10856,false
10857,fixture-task-10857,true
10858,fixture-task-10858,false
10859,fixture-task-10859,false
10860,fixture-task-10860,true
10861,fixture-task-10861,false
10862,fixture-task-10862,false
10863,fixture-task-10863,true
10864,fixture-task-10864,false
10865,fixture-task-10865,false
10866,fixture-task-10866,true
10867,fixture-task-10867,false
10868,fixture-task-10868,false
10869,fixture-task-10869,true
10870,fixture-task-10870,false
10871,fixture-task-10871,false
10872,fixture-task-10872,true
10873,fixture-task-10873,false
10874,fixture-task-10874,false
10875,fixture-task-10875,true
10876,fixture-task-10876,false
10877,fixture-task-10877,false
10878,fixture-task-10878,true
10879,fixture-task-10879,false
10880,fixture-task-10880,false
10881,fixture-task-10881,true
10882,fixture-task-10882,false
10883,fixture-task-10883,false
10884,fixture-task-10884,true
10885,fixture-task-10885,false
10886,fixture-task-10886,false
10887,fixture-task-10887,true
10888,fixture-task-10888,false
10889,fixture-task-10889,false
10890,fixture-task-10890,true
10891,fixture-task-10891,false
10892,fixture-task-10892,false
10893,fixture-task-10893,true
10894,fixture-task-10894,false
10895,fixture-task-10895,false
10896,fixture-task-10896,true
10897,fixture-task-10897,false
10898,fixture-task-10898,false
10899,fixture-task-10899,true
10900,fixture-task-10900,false
10901,fixture-task-10901,false
10902,fixture-task-10902,true
10903,fixture-task-10903,false
10904,fixture-task-10904,false
10905,fixture-task-10905,true
10906,fixture-task-10906,false
10907,fixture-task-10907,false
10908,fixture-task-10908,true
10909,fixture-task-10909,false
10910,fixture-task-10910,false
10911,fixture-task-10911,true
10912,fixture-task-10912,false
10913,fixture-task-10913,false
10914,fixture-task-10914,true
10915,fixture-task-10915,false
10916,fixture-task-10916,false
10917,fixture-task-10917,true
10918,fixture-task-10918,false
10919,fixture-task-10919,false
10920,fixture-task-10920,true
10921,fixture-task-10921,false
10922,fixture-task-10922,false
10923,fixture-task-10923,true
10924,fixture-task-10924,false
10925,fixture-task-10925,false
10926,fixture-task-10926,true
10927,fixture-task-10927,false
10928,fixture-task-10928,false
10929,fixture-task-10929,true
10930,fixture-task-10930,false
10931,fixture-task-10931,false
10932,fixture-task-10932,true
10933,fixture-task-10933,false
10934,fixture-task-10934,false
10935,fixture-task-10935,true
10936,fixture-task-10936,false
10937,fixture-task-10937,false
10938,fixture-task-10938,true
10939,fixture-task-10939,false
10940,fixture-task-10940,false
10941,fixture-task-10941,true
10942,fixture-task-10942,false
10943,fixture-task-10943,false
10944,fixture-task-10944,true
10945,fixture-task-10945,false
10946,fixture-task-10946,false
10947,fixture-task-10947,true
10948,fixture-task-10948,false
10949,fixture-task-10949,false
10950,fixture-task-10950,true
10951,fixture-task-10951,false
10952,fixture-task-10952,false
10953,fixture-task-10953,true
10954,fixture-task-10954,false
10955,fixture-task-10955,false
10956,fixture-task-10956,true
10957,fixture-task-10957,false
10958,fixture-task-10958,false
10959,fixture-task-10959,true
10960,fixture-task-10960,false
10961,fixture-task-10961,false
10962,fixture-task-10962,true
10963,fixture-task-10963,false
10964,fixture-task-10964,false
10965,fixture-task-10965,true
10966,fixture-task-10966,false
10967,fixture-task-10967,false
10968,fixture-task-10968,true
10969,fixture-task-10969,false
10970,fixture-task-10970,false
10971,fixture-task-10971,true
10972,fixture-task-10972,false
10973,fixture-task-10973,false
10974,fixture-task-10974,true
10975,fixture-task-10975,false
10976,fixture-task-10976,false
10977,fixture-task-10977,true
10978,fixture-task-10978,false
10979,fixture-task-10979,false
10980,fixture-task-10980,true
10981,fixture-task-10981,false
10982,fixture-task-10982,false
10983,fixture-task-10983,true
10984,fixture-task-10984,false
10985,fixture-task-10985,false
10986,fixture-task-10986,true
10987,fixture-task-10987,false
10988,fixture-task-10988,false
10989,fixture-task-10989,true
10990,fixture-task-10990,false
10991,fixture-task-10991,false
10992,fixture-task-10992,true
10993,fixture-task-10993,false
10994,fixture-task-10994,false
10995,fixture-task-10995,true
10996,fixture-task-10996,false
10997,fixture-task-10997,false
10998,fixture-task-10998,true
10999,fixture-task-10999,false
11000,fixture-task-11000,false
11001,fixture-task-11001,true
11002,fixture-task-11002,false
11003,fixture-task-11003,false
11004,fixture-task-11004,true
11005,fixture-task-11005,false
11006,fixture-task-11006,false
11007,fixture-task-11007,true
11008,fixture-task-11008,false
11009,fixture-task-11009,false
11010,fixture-task-11010,true
11011,fixture-task-11011,false
11012,fixture-task-11012,false
11013,fixture-task-11013,true
11014,fixture-task-11014,false
11015,fixture-task-11015,false
11016,fixture-task-11016,true
11017,fixture-task-11017,false
11018,fixture-task-11018,false
11019,fixture-task-11019,true
11020,fixture-task-11020,false
11021,fixture-task-11021,false
11022,fixture-task-11022,true
11023,fixture-task-11023,false
11024,fixture-task-11024,false
11025,fixture-task-11025,true
11026,fixture-task-11026,false
11027,fixture-task-11027,false
11028,fixture-task-11028,true
11029,fixture-task-11029,false
11030,fixture-task-11030,false
11031,fixture-task-11031,true
11032,fixture-task-11032,false
11033,fixture-task-11033,false
11034,fixture-task-11034,true
11035,fixture-task-11035,false
11036,fixture-task-11036,false
11037,fixture-task-11037,true
11038,fixture-task-11038,false
11039,fixture-task-11039,false
11040,fixture-task-11040,true
11041,fixture-task-11041,false
11042,fixture-task-11042,false
11043,fixture-task-11043,true
11044,fixture-task-11044,false
11045,fixture-task-11045,false
11046,fixture-task-11046,true
11047,fixture-task-11047,false
11048,fixture-task-11048,false
11049,fixture-task-11049,true
11050,fixture-task-11050,false
11051,fixture-task-11051,false
11052,fixture-task-11052,true
11053,fixture-task-11053,false
11054,fixture-task-11054,false
11055,fixture-task-11055,true
11056,fixture-task-11056,false
11057,fixture-task-11057,false
11058,fixture-task-11058,true
11059,fixture-task-11059,false
11060,fixture-task-11060,false
11061,fixture-task-11061,true
11062,fixture-task-11062,false
11063,fixture-task-11063,false
11064,fixture-task-11064,true
11065,fixture-task-11065,false
11066,fixture-task-11066,false
11067,fixture-task-11067,true
11068,fixture-task-11068,false
11069,fixture-task-11069,false
11070,fixture-task-11070,true
11071,fixture-task-11071,false
11072,fixture-task-11072,false
11073,fixture-task-11073,true
11074,fixture-task-11074,false
11075,fixture-task-11075,false
11076,fixture-task-11076,true
11077,fixture-task-11077,false
11078,fixture-task-11078,false
11079,fixture-task-11079,true
11080,fixture-task-11080,false
11081,fixture-task-11081,false
11082,fixture-task-11082,true
11083,fixture-task-11083,false
11084,fixture-task-11084,false
11085,fixture-task-11085,true
11086,fixture-task-11086,false
11087,fixture-task-11087,false
11088,fixture-task-11088,true
11089,fixture-task-11089,false
11090,fixture-task-11090,false
11091,fixture-task-11091,true
11092,fixture-task-11092,false
11093,fixture-task-11093,false
11094,fixture-task-11094,true
11095,fixture-task-11095,false
11096,fixture-task-11096,false
11097,fixture-task-11097,true
11098,fixture-task-11098,false
11099,fixture-task-11099,false
11100,fixture-task-11100,true
11101,fixture-task-11101,false
11102,fixture-task-11102,false
11103,fixture-task-11103,true
11104,fixture-task-11104,false
11105,fixture-task-11105,false
11106,fixture-task-11106,true
11107,fixture-task-11107,false
11108,fixture-task-11108,false
11109,fixture-task-11109,true
11110,fixture-task-11110,false
11111,fixture-task-11111,false
11112,fixture-task-11112,true
11113,fixture-task-11113,false
11114,fixture-task-11114,false
11115,fixture-task-11115,true
11116,fixture-task-11116,false
11117,fixture-task-11117,false
11118,fixture-task-11118,true
11119,fixture-task-11119,false
11120,fixture-task-11120,false
11121,fixture-task-11121,true
11122,fixture-task-11122,false
11123,fixture-task-11123,false
11124,fixture-task-11124,true
11125,fixture-task-11125,false
11126,fixture-task-11126,false
11127,fixture-task-11127,true
11128,fixture-task-11128,false
11129,fixture-task-11129,false
11130,fixture-task-11130,true
11131,fixture-task-11131,false
11132,fixture-task-11132,false
11133,fixture-task-11133,true
11134,fixture-task-11134,false
11135,fixture-task-11135,false
11136,fixture-task-11136,true
11137,fixture-task-11137,false
11138,fixture-task-11138,false
11139,fixture-task-11139,true
11140,fixture-task-11140,false
11141,fixture-task-11141,false
11142,fixture-task-11142,true
11143,fixture-task-11143,false
11144,fixture-task-11144,false
11145,fixture-task-11145,true
11146,fixture-task-11146,false
11147,fixture-task-11147,false
11148,fixture-task-11148,true
11149,fixture-task-11149,false
11150,fixture-task-11150,false
11151,fixture-task-11151,true
11152,fixture-task-11152,false
11153,fixture-task-11153,false
11154,fixture-task-11154,true
11155,fixture-task-11155,false
11156,fixture-task-11156,false
11157,fixture-task-11157,true
11158,fixture-task-11158,false
11159,fixture-task-11159,false
11160,fixture-task-11160,true
11161,fixture-task-11161,false
11162,fixture-task-11162,false
11163,fixture-task-11163,true
11164,fixture-task-11164,false
11165,fixture-task-11165,false
11166,fixture-task-11166,true
11167,fixture-task-11167,false
11168,fixture-task-11168,false
11169,fixture-task-11169,true
11170,fixture-task-11170,false
11171,fixture-task-11171,false
11172,fixture-task-11172,true
11173,fixture-task-11173,false
11174,fixture-task-11174,false
11175,fixture-task-11175,true
11176,fixture-task-11176,false
11177,fixture-task-11177,false
11178,fixture-task-11178,true
11179,fixture-task-11179,false
11180,fixture-task-11180,false
11181,fixture-task-11181,true
11182,fixture-task-11182,false
11183,fixture-task-11183,false
11184,fixture-task-11184,true
11185,fixture-task-11185,false
11186,fixture-task-11186,false
11187,fixture-task-11187,true
11188,fixture-task-11188,false
11189,fixture-task-11189,false
11190,fixture-task-11190,true
11191,fixture-task-11191,false
11192,fixture-task-11192,false
11193,fixture-task-11193,true
11194,fixture-task-11194,false
11195,fixture-task-11195,false
11196,fixture-task-11196,true
11197,fixture-task-11197,false
11198,fixture-task-11198,false
11199,fixture-task-11199,true
11200,fixture-task-11200,false
11201,fixture-task-11201,false
11202,fixture-task-11202,true
11203,fixture-task-11203,false
11204,fixture-task-11204,false
11205,fixture-task-11205,true
11206,fixture-task-11206,false
11207,fixture-task-11207,false
11208,fixture-task-11208,true
11209,fixture-task-11209,false
11210,fixture-task-11210,false
11211,fixture-task-11211,true
11212,fixture-task-11212,false
11213,fixture-task-11213,false
11214,fixture-task-11214,true
11215,fixture-task-11215,false
11216,fixture-task-11216,false
11217,fixture-task-11217,true
11218,fixture-task-11218,false
11219,fixture-task-11219,false
11220,fixture-task-11220,true
11221,fixture-task-11221,false
11222,fixture-task-11222,false
11223,fixture-task-11223,true
11224,fixture-task-11224,false
11225,fixture-task-11225,false
11226,fixture-task-11226,true
11227,fixture-task-11227,false
11228,fixture-task-11228,false
11229,fixture-task-11229,true
11230,fixture-task-11230,false
11231,fixture-task-11231,false
11232,fixture-task-11232,true
11233,fixture-task-11233,false
11234,fixture-task-11234,false
11235,fixture-task-11235,true
11236,fixture-task-11236,false
11237,fixture-task-11237,false
11238,fixture-task-11238,true
11239,fixture-task-11239,false
11240,fixture-task-11240,false
11241,fixture-task-11241,true
11242,fixture-task-11242,false
11243,fixture-task-11243,false
11244,fixture-task-11244,true
11245,fixture-task-11245,false
11246,fixture-task-11246,false
11247,fixture-task-11247,true
11248,fixture-task-11248,false
11249,fixture-task-11249,false
11250,fixture-task-11250,true
11251,fixture-task-11251,false
11252,fixture-task-11252,false
11253,fixture-task-11253,true
11254,fixture-task-11254,false
11255,fixture-task-11255,false
11256,fixture-task-11256,true
11257,fixture-task-11257,false
11258,fixture-task-11258,false
11259,fixture-task-11259,true
11260,fixture-task-11260,false
11261,fixture-task-11261,false
11262,fixture-task-11262,true
11263,fixture-task-11263,false
11264,fixture-task-11264,false
11265,fixture-task-11265,true
11266,fixture-task-11266,false
11267,fixture-task-11267,false
11268,fixture-task-11268,true
11269,fixture-task-11269,false
11270,fixture-task-11270,false
11271,fixture-task-11271,true
11272,fixture-task-11272,false
11273,fixture-task-11273,false
11274,fixture-task-11274,true
11275,fixture-task-11275,false
11276,fixture-task-11276,false
11277,fixture-task-11277,true
11278,fixture-task-11278,false
11279,fixture-task-11279,false
11280,fixture-task-11280,true
11281,fixture-task-11281,false
11282,fixture-task-11282,false
11283,fixture-task-11283,true
11284,fixture-task-11284,false
11285,fixture-task-11285,false
11286,fixture-task-11286,true
11287,fixture-task-11287,false
11288,fixture-task-11288,false
11289,fixture-task-11289,true
11290,fixture-task-11290,false
11291,fixture-task-11291,false
11292,fixture-task-11292,true
11293,fixture-task-11293,false
11294,fixture-task-11294,false
11295,fixture-task-11295,true
11296,fixture-task-11296,false
11297,fixture-task-11297,false
11298,fixture-task-11298,true
11299,fixture-task-11299,false
11300,fixture-task-11300,false
11301,fixture-task-11301,true
11302,fixture-task-11302,false
11303,fixture-task-11303,false
11304,fixture-task-11304,true
11305,fixture-task-11305,false
11306,fixture-task-11306,false
11307,fixture-task-11307,true
11308,fixture-task-11308,false
11309,fixture-task-11309,false
11310,fixture-task-11310,true
11311,fixture-task-11311,false
11312,fixture-task-11312,false
11313,fixture-task-11313,true
11314,fixture-task-11314,false
11315,fixture-task-11315,false
11316,fixture-task-11316,true
11317,fixture-task-11317,false
11318,fixture-task-11318,false
11319,fixture-task-11319,true
11320,fixture-task-11320,false
11321,fixture-task-11321,false
11322,fixture-task-11322,true
11323,fixture-task-11323,false
11324,fixture-task-11324,false
11325,fixture-task-11325,true
11326,fixture-task-11326,false
11327,fixture-task-11327,false
11328,fixture-task-11328,true
11329,fixture-task-11329,false
11330,fixture-task-11330,false
11331,fixture-task-11331,true
11332,fixture-task-11332,false
11333,fixture-task-11333,false
11334,fixture-task-11334,true
11335,fixture-task-11335,false
11336,fixture-task-11336,false
11337,fixture-task-11337,true
11338,fixture-task-11338,false
11339,fixture-task-11339,false
11340,fixture-task-11340,true
11341,fixture-task-11341,false
11342,fixture-task-11342,false
11343,fixture-task-11343,true
11344,fixture-task-11344,false
11345,fixture-task-11345,false
11346,fixture-task-11346,true
11347,fixture-task-11347,false
11348,fixture-task-11348,false
11349,fixture-task-11349,true
11350,fixture-task-11350,false
11351,fixture-task-11351,false
11352,fixture-task-11352,true
11353,fixture-task-11353,false
11354,fixture-task-11354,false
11355,fixture-task-11355,true
11356,fixture-task-11356,false
11357,fixture-task-11357,false
11358,fixture-task-11358,true
11359,fixture-task-11359,false
11360,fixture-task-11360,false
11361,fixture-task-11361,true
11362,fixture-task-11362,false
11363,fixture-task-11363,false
11364,fixture-task-11364,true
11365,fixture-task-11365,false
11366,fixture-task-11366,false
11367,fixture-task-11367,true
11368,fixture-task-11368,false
11369,fixture-task-11369,false
11370,fixture-task-11370,true
11371,fixture-task-11371,false
11372,fixture-task-11372,false
11373,fixture-task-11373,true
11374,fixture-task-11374,false
11375,fixture-task-11375,false
11376,fixture-task-11376,true
11377,fixture-task-11377,false
11378,fixture-task-11378,false
11379,fixture-task-11379,true
11380,fixture-task-11380,false
11381,fixture-task-11381,false
11382,fixture-task-11382,true
11383,fixture-task-11383,false
11384,fixture-task-11384,false
11385,fixture-task-11385,true
11386,fixture-task-11386,false
11387,fixture-task-11387,false
11388,fixture-task-11388,true
11389,fixture-task-11389,false
11390,fixture-task-11390,false
11391,fixture-task-11391,true
11392,fixture-task-11392,false
11393,fixture-task-11393,false
11394,fixture-task-11394,true
11395,fixture-task-11395,false
11396,fixture-task-11396,false
11397,fixture-task-11397,true
11398,fixture-task-11398,false
11399,fixture-task-11399,false
11400,fixture-task-11400,true
11401,fixture-task-11401,false
11402,fixture-task-11402,false
11403,fixture-task-11403,true
11404,fixture-task-11404,false
11405,fixture-task-11405,false
11406,fixture-task-11406,true
11407,fixture-task-11407,false
11408,fixture-task-11408,false
11409,fixture-task-11409,true
11410,fixture-task-11410,false
11411,fixture-task-11411,false
11412,fixture-task-11412,true
11413,fixture-task-11413,false
11414,fixture-task-11414,false
11415,fixture-task-11415,true
11416,fixture-task-11416,false
11417,fixture-task-11417,false
11418,fixture-task-11418,true
11419,fixture-task-11419,false
11420,fixture-task-11420,false
11421,fixture-task-11421,true
11422,fixture-task-11422,false
11423,fixture-task-11423,false
11424,fixture-task-11424,true
11425,fixture-task-11425,false
11426,fixture-task-11426,false
11427,fixture-task-11427,true
11428,fixture-task-11428,false
11429,fixture-task-11429,false
11430,fixture-task-11430,true
11431,fixture-task-11431,false
11432,fixture-task-11432,false
11433,fixture-task-11433,true
11434,fixture-task-11434,false
11435,fixture-task-11435,false
11436,fixture-task-11436,true
11437,fixture-task-11437,false
11438,fixture-task-11438,false
11439,fixture-task-11439,true
11440,fixture-task-11440,false
11441,fixture-task-11441,false
11442,fixture-task-11442,true
11443,fixture-task-11443,false
11444,fixture-task-11444,false
11445,fixture-task-11445,true
11446,fixture-task-11446,false
11447,fixture-task-11447,false
11448,fixture-task-11448,true
11449,fixture-task-11449,false
11450,fixture-task-11450,false
11451,fixture-task-11451,true
11452,fixture-task-11452,false
11453,fixture-task-11453,false
11454,fixture-task-11454,true
11455,fixture-task-11455,false
11456,fixture-task-11456,false
11457,fixture-task-11457,true
11458,fixture-task-11458,false
11459,fixture-task-11459,false
11460,fixture-task-11460,true
11461,fixture-task-11461,false
11462,fixture-task-11462,false
11463,fixture-task-11463,true
11464,fixture-task-11464,false
11465,fixture-task-11465,false
11466,fixture-task-11466,true
11467,fixture-task-11467,false
11468,fixture-task-11468,false
11469,fixture-task-11469,true
11470,fixture-task-11470,false
11471,fixture-task-11471,false
11472,fixture-task-11472,true
11473,fixture-task-11473,false
11474,fixture-task-11474,false
11475,fixture-task-11475,true
11476,fixture-task-11476,false
11477,fixture-task-11477,false
11478,fixture-task-11478,true
11479,fixture-task-11479,false
11480,fixture-task-11480,false
11481,fixture-task-11481,true
11482,fixture-task-11482,false
11483,fixture-task-11483,false
11484,fixture-task-11484,true
11485,fixture-task-11485,false
11486,fixture-task-11486,false
11487,fixture-task-11487,true
11488,fixture-task-11488,false
11489,fixture-task-11489,false
11490,fixture-task-11490,true
11491,fixture-task-11491,false
11492,fixture-task-11492,false
11493,fixture-task-11493,true
11494,fixture-task-11494,false
11495,fixture-task-11495,false
11496,fixture-task-11496,true
11497,fixture-task-11497,false
11498,fixture-task-11498,false
11499,fixture-task-11499,true
11500,fixture-task-11500,false
11501,fixture-task-11501,false
11502,fixture-task-11502,true
11503,fixture-task-11503,false
11504,fixture-task-11504,false
11505,fixture-task-11505,true
11506,fixture-task-11506,false
11507,fixture-task-11507,false
11508,fixture-task-11508,true
11509,fixture-task-11509,false
11510,fixture-task-11510,false
11511,fixture-task-11511,true
11512,fixture-task-11512,false
11513,fixture-task-11513,false
11514,fixture-task-11514,true
11515,fixture-task-11515,false
11516,fixture-task-11516,false
11517,fixture-task-11517,true
11518,fixture-task-11518,false
11519,fixture-task-11519,false
11520,fixture-task-11520,true
11521,fixture-task-11521,false
11522,fixture-task-11522,false
11523,fixture-task-11523,true
11524,fixture-task-11524,false
11525,fixture-task-11525,false
11526,fixture-task-11526,true
11527,fixture-task-11527,false
11528,fixture-task-11528,false
11529,fixture-task-11529,true
11530,fixture-task-11530,false
11531,fixture-task-11531,false
11532,fixture-task-11532,true
11533,fixture-task-11533,false
11534,fixture-task-11534,false
11535,fixture-task-11535,true
11536,fixture-task-11536,false
11537,fixture-task-11537,false
11538,fixture-task-11538,true
11539,fixture-task-11539,false
11540,fixture-task-11540,false
11541,fixture-task-11541,true
11542,fixture-task-11542,false
11543,fixture-task-11543,false
11544,fixture-task-11544,true
11545,fixture-task-11545,false
11546,fixture-task-11546,false
11547,fixture-task-11547,true
11548,fixture-task-11548,false
11549,fixture-task-11549,false
11550,fixture-task-11550,true
11551,fixture-task-11551,false
11552,fixture-task-11552,false
11553,fixture-task-11553,true
11554,fixture-task-11554,false
11555,fixture-task-11555,false
11556,fixture-task-11556,true
11557,fixture-task-11557,false
11558,fixture-task-11558,false
11559,fixture-task-11559,true
11560,fixture-task-11560,false
11561,fixture-task-11561,false
11562,fixture-task-11562,true
11563,fixture-task-11563,false
11564,fixture-task-11564,false
11565,fixture-task-11565,true
11566,fixture-task-11566,false
11567,fixture-task-11567,false
11568,fixture-task-11568,true
11569,fixture-task-11569,false
11570,fixture-task-11570,false
11571,fixture-task-11571,true
11572,fixture-task-11572,false
11573,fixture-task-11573,false
11574,fixture-task-11574,true
11575,fixture-task-11575,false
11576,fixture-task-11576,false
11577,fixture-task-11577,true
11578,fixture-task-11578,false
11579,fixture-task-11579,false
11580,fixture-task-11580,true
11581,fixture-task-11581,false
11582,fixture-task-11582,false
11583,fixture-task-11583,true
11584,fixture-task-11584,false
11585,fixture-task-11585,false
11586,fixture-task-11586,true
11587,fixture-task-11587,false
11588,fixture-task-11588,false
11589,fixture-task-11589,true
11590,fixture-task-11590,false
11591,fixture-task-11591,false
11592,fixture-task-11592,true
11593,fixture-task-11593,false
11594,fixture-task-11594,false
11595,fixture-task-11595,true
11596,fixture-task-11596,false
11597,fixture-task-11597,false
11598,fixture-task-11598,true
11599,fixture-task-11599,false
11600,fixture-task-11600,false
11601,fixture-task-11601,true
11602,fixture-task-11602,false
11603,fixture-task-11603,false
11604,fixture-task-11604,true
11605,fixture-task-11605,false
11606,fixture-task-11606,false
11607,fixture-task-11607,true
11608,fixture-task-11608,false
11609,fixture-task-11609,false
11610,fixture-task-11610,true
11611,fixture-task-11611,false
11612,fixture-task-11612,false
11613,fixture-task-11613,true
11614,fixture-task-11614,false
11615,fixture-task-11615,false
11616,fixture-task-11616,true
11617,fixture-task-11617,false
11618,fixture-task-11618,false
11619,fixture-task-11619,true
11620,fixture-task-11620,false
11621,fixture-task-11621,false
11622,fixture-task-11622,true
11623,fixture-task-11623,false
11624,fixture-task-11624,false
11625,fixture-task-11625,true
11626,fixture-task-11626,false
11627,fixture-task-11627,false
11628,fixture-task-11628,true
11629,fixture-task-11629,false
11630,fixture-task-11630,false
11631,fixture-task-11631,true
11632,fixture-task-11632,false
11633,fixture-task-11633,false
11634,fixture-task-11634,true
11635,fixture-task-11635,false
11636,fixture-task-11636,false
11637,fixture-task-11637,true
11638,fixture-task-11638,false
11639,fixture-task-11639,false
11640,fixture-task-11640,true
11641,fixture-task-11641,false
11642,fixture-task-11642,false
11643,fixture-task-11643,true
11644,fixture-task-11644,false
11645,fixture-task-11645,false
11646,fixture-task-11646,true
11647,fixture-task-11647,false
11648,fixture-task-11648,false
11649,fixture-task-11649,true
11650,fixture-task-11650,false
11651,fixture-task-11651,false
11652,fixture-task-11652,true
11653,fixture-task-11653,false
11654,fixture-task-11654,false
11655,fixture-task-11655,true
11656,fixture-task-11656,false
11657,fixture-task-11657,false
11658,fixture-task-11658,true
11659,fixture-task-11659,false
11660,fixture-task-11660,false
11661,fixture-task-11661,true
11662,fixture-task-11662,false
11663,fixture-task-11663,false
11664,fixture-task-11664,true
11665,fixture-task-11665,false
11666,fixture-task-11666,false
11667,fixture-task-11667,true
11668,fixture-task-11668,false
11669,fixture-task-11669,false
11670,fixture-task-11670,true
11671,fixture-task-11671,false
11672,fixture-task-11672,false
11673,fixture-task-11673,true
11674,fixture-task-11674,false
11675,fixture-task-11675,false
11676,fixture-task-11676,true
11677,fixture-task-11677,false
11678,fixture-task-11678,false
11679,fixture-task-11679,true
11680,fixture-task-11680,false
11681,fixture-task-11681,false
11682,fixture-task-11682,true
11683,fixture-task-11683,false
11684,fixture-task-11684,false
11685,fixture-task-11685,true
11686,fixture-task-11686,false
11687,fixture-task-11687,false
11688,fixture-task-11688,true
11689,fixture-task-11689,false
11690,fixture-task-11690,false
11691,fixture-task-11691,true
11692,fixture-task-11692,false
11693,fixture-task-11693,false
11694,fixture-task-11694,true
11695,fixture-task-11695,false
11696,fixture-task-11696,false
11697,fixture-task-11697,true
11698,fixture-task-11698,false
11699,fixture-task-11699,false
11700,fixture-task-11700,true
11701,fixture-task-11701,false
11702,fixture-task-11702,false
11703,fixture-task-11703,true
11704,fixture-task-11704,false
11705,fixture-task-11705,false
11706,fixture-task-11706,true
11707,fixture-task-11707,false
11708,fixture-task-11708,false
11709,fixture-task-11709,true
11710,fixture-task-11710,false
11711,fixture-task-11711,false
11712,fixture-task-11712,true
11713,fixture-task-11713,false
11714,fixture-task-11714,false
11715,fixture-task-11715,true
11716,fixture-task-11716,false
11717,fixture-task-11717,false
11718,fixture-task-11718,true
11719,fixture-task-11719,false
11720,fixture-task-11720,false
11721,fixture-task-11721,true
11722,fixture-task-11722,false
11723,fixture-task-11723,false
11724,fixture-task-11724,true
11725,fixture-task-11725,false
11726,fixture-task-11726,false
11727,fixture-task-11727,true
11728,fixture-task-11728,false
11729,fixture-task-11729,false
11730,fixture-task-11730,true
11731,fixture-task-11731,false
11732,fixture-task-11732,false
11733,fixture-task-11733,true
11734,fixture-task-11734,false
11735,fixture-task-11735,false
11736,fixture-task-11736,true
11737,fixture-task-11737,false
11738,fixture-task-11738,false
11739,fixture-task-11739,true
11740,fixture-task-11740,false
11741,fixture-task-11741,false
11742,fixture-task-11742,true
11743,fixture-task-11743,false
11744,fixture-task-11744,false
11745,fixture-task-11745,true
11746,fixture-task-11746,false
11747,fixture-task-11747,false
11748,fixture-task-11748,true
11749,fixture-task-11749,false
11750,fixture-task-11750,false
11751,fixture-task-11751,true
11752,fixture-task-11752,false
11753,fixture-task-11753,false
11754,fixture-task-11754,true
11755,fixture-task-11755,false
11756,fixture-task-11756,false
11757,fixture-task-11757,true
11758,fixture-task-11758,false
11759,fixture-task-11759,false
11760,fixture-task-11760,true
11761,fixture-task-11761,false
11762,fixture-task-11762,false
11763,fixture-task-11763,true
11764,fixture-task-11764,false
11765,fixture-task-11765,false
11766,fixture-task-11766,true
11767,fixture-task-11767,false
11768,fixture-task-11768,false
11769,fixture-task-11769,true
11770,fixture-task-11770,false
11771,fixture-task-11771,false
11772,fixture-task-11772,true
11773,fixture-task-11773,false
11774,fixture-task-11774,false
11775,fixture-task-11775,true
11776,fixture-task-11776,false
11777,fixture-task-11777,false
11778,fixture-task-11778,true
11779,fixture-task-11779,false
11780,fixture-task-11780,false
11781,fixture-task-11781,true
11782,fixture-task-11782,false
11783,fixture-task-11783,false
11784,fixture-task-11784,true
11785,fixture-task-11785,false
11786,fixture-task-11786,false
11787,fixture-task-11787,true
11788,fixture-task-11788,false
11789,fixture-task-11789,false
11790,fixture-task-11790,true
11791,fixture-task-11791,false
11792,fixture-task-11792,false
11793,fixture-task-11793,true
11794,fixture-task-11794,false
11795,fixture-task-11795,false
11796,fixture-task-11796,true
11797,fixture-task-11797,false
11798,fixture-task-11798,false
11799,fixture-task-11799,true
11800,fixture-task-11800,false
11801,fixture-task-11801,false
11802,fixture-task-11802,true
11803,fixture-task-11803,false
11804,fixture-task-11804,false
11805,fixture-task-11805,true
11806,fixture-task-11806,false
11807,fixture-task-11807,false
11808,fixture-task-11808,true
11809,fixture-task-11809,false
11810,fixture-task-11810,false
11811,fixture-task-11811,true
11812,fixture-task-11812,false
11813,fixture-task-11813,false
11814,fixture-task-11814,true
11815,fixture-task-11815,false
11816,fixture-task-11816,false
11817,fixture-task-11817,true
11818,fixture-task-11818,false
11819,fixture-task-11819,false
11820,fixture-task-11820,true
11821,fixture-task-11821,false
11822,fixture-task-11822,false
11823,fixture-task-11823,true
11824,fixture-task-11824,false
11825,fixture-task-11825,false
11826,fixture-task-11826,true
11827,fixture-task-11827,false
11828,fixture-task-11828,false
11829,fixture-task-11829,true
11830,fixture-task-11830,false
11831,fixture-task-11831,false
11832,fixture-task-11832,true
11833,fixture-task-11833,false
11834,fixture-task-11834,false
11835,fixture-task-11835,true
11836,fixture-task-11836,false
11837,fixture-task-11837,false
11838,fixture-task-11838,true
11839,fixture-task-11839,false
11840,fixture-task-11840,false
11841,fixture-task-11841,true
11842,fixture-task-11842,false
11843,fixture-task-11843,false
11844,fixture-task-11844,true
11845,fixture-task-11845,false
11846,fixture-task-11846,false
11847,fixture-task-11847,true
11848,fixture-task-11848,false
11849,fixture-task-11849,false
11850,fixture-task-11850,true
11851,fixture-task-11851,false
11852,fixture-task-11852,false
11853,fixture-task-11853,true
11854,fixture-task-11854,false
11855,fixture-task-11855,false
11856,fixture-task-11856,true
11857,fixture-task-11857,false
11858,fixture-task-11858,false
11859,fixture-task-11859,true
11860,fixture-task-11860,false
11861,fixture-task-11861,false
11862,fixture-task-11862,true
11863,fixture-task-11863,false
11864,fixture-task-11864,false
11865,fixture-task-11865,true
11866,fixture-task-11866,false
11867,fixture-task-11867,false
11868,fixture-task-11868,true
11869,fixture-task-11869,false
11870,fixture-task-11870,false
11871,fixture-task-11871,true
11872,fixture-task-11872,false
11873,fixture-task-11873,false
11874,fixture-task-11874,true
11875,fixture-task-11875,false
11876,fixture-task-11876,false
11877,fixture-task-11877,true
11878,fixture-task-11878,false
11879,fixture-task-11879,false
11880,fixture-task-11880,true
11881,fixture-task-11881,false
11882,fixture-task-11882,false
11883,fixture-task-11883,true
11884,fixture-task-11884,false
11885,fixture-task-11885,false
11886,fixture-task-11886,true
11887,fixture-task-11887,false
11888,fixture-task-11888,false
11889,fixture-task-11889,true
11890,fixture-task-11890,false
11891,fixture-task-11891,false
11892,fixture-task-11892,true
11893,fixture-task-11893,false
11894,fixture-task-11894,false
11895,fixture-task-11895,true
11896,fixture-task-11896,false
11897,fixture-task-11897,false
11898,fixture-task-11898,true
11899,fixture-task-11899,false
11900,fixture-task-11900,false
11901,fixture-task-11901,true
11902,fixture-task-11902,false
11903,fixture-task-11903,false
11904,fixture-task-11904,true
11905,fixture-task-11905,false
11906,fixture-task-11906,false
11907,fixture-task-11907,true
11908,fixture-task-11908,false
11909,fixture-task-11909,false
11910,fixture-task-11910,true
11911,fixture-task-11911,false
11912,fixture-task-11912,false
11913,fixture-task-11913,true
11914,fixture-task-11914,false
11915,fixture-task-11915,false
11916,fixture-task-11916,true
11917,fixture-task-11917,false
11918,fixture-task-11918,false
11919,fixture-task-11919,true
11920,fixture-task-11920,false
11921,fixture-task-11921,false
11922,fixture-task-11922,true
11923,fixture-task-11923,false
11924,fixture-task-11924,false
11925,fixture-task-11925,true
11926,fixture-task-11926,false
11927,fixture-task-11927,false
11928,fixture-task-11928,true
11929,fixture-task-11929,false
11930,fixture-task-11930,false
11931,fixture-task-11931,true
11932,fixture-task-11932,false
11933,fixture-task-11933,false
11934,fixture-task-11934,true
11935,fixture-task-11935,false
11936,fixture-task-11936,false
11937,fixture-task-11937,true
11938,fixture-task-11938,false
11939,fixture-task-11939,false
11940,fixture-task-11940,true
11941,fixture-task-11941,false
11942,fixture-task-11942,false
11943,fixture-task-11943,true
11944,fixture-task-11944,false
11945,fixture-task-11945,false
11946,fixture-task-11946,true
11947,fixture-task-11947,false
11948,fixture-task-11948,false
11949,fixture-task-11949,true
11950,fixture-task-11950,false
11951,fixture-task-11951,false
11952,fixture-task-11952,true
11953,fixture-task-11953,false
11954,fixture-task-11954,false
11955,fixture-task-11955,true
11956,fixture-task-11956,false
11957,fixture-task-11957,false
11958,fixture-task-11958,true
11959,fixture-task-11959,false
11960,fixture-task-11960,false
11961,fixture-task-11961,true
11962,fixture-task-11962,false
11963,fixture-task-11963,false
11964,fixture-task-11964,true
11965,fixture-task-11965,false
11966,fixture-task-11966,false
11967,fixture-task-11967,true
11968,fixture-task-11968,false
11969,fixture-task-11969,false
11970,fixture-task-11970,true
11971,fixture-task-11971,false
11972,fixture-task-11972,false
11973,fixture-task-11973,true
11974,fixture-task-11974,false
11975,fixture-task-11975,false
11976,fixture-task-11976,true
11977,fixture-task-11977,false
11978,fixture-task-11978,false
11979,fixture-task-11979,true
11980,fixture-task-11980,false
11981,fixture-task-11981,false
11982,fixture-task-11982,true
11983,fixture-task-11983,false
11984,fixture-task-11984,false
11985,fixture-task-11985,true
11986,fixture-task-11986,false
11987,fixture-task-11987,false
11988,fixture-task-11988,true
11989,fixture-task-11989,false
11990,fixture-task-11990,false
11991,fixture-task-11991,true
11992,fixture-task-11992,false
11993,fixture-task-11993,false
11994,fixture-task-11994,true
11995,fixture-task-11995,false
11996,fixture-task-11996,false
11997,fixture-task-11997,true
11998,fixture-task-11998,false
11999,fixture-task-11999,false
12000,fixture-task-12000,true
12001,fixture-task-12001,false
12002,fixture-task-12002,false
12003,fixture-task-12003,true
12004,fixture-task-12004,false
12005,fixture-task-12005,false
12006,fixture-task-12006,true
12007,fixture-task-12007,false
12008,fixture-task-12008,false
12009,fixture-task-12009,true
12010,fixture-task-12010,false
12011,fixture-task-12011,false
12012,fixture-task-12012,true
12013,fixture-task-12013,false
12014,fixture-task-12014,false
12015,fixture-task-12015,true
12016,fixture-task-12016,false
12017,fixture-task-12017,false
12018,fixture-task-12018,true
12019,fixture-task-12019,false
12020,fixture-task-12020,false
12021,fixture-task-12021,true
12022,fixture-task-12022,false
12023,fixture-task-12023,false
12024,fixture-task-12024,true
12025,fixture-task-12025,false
12026,fixture-task-12026,false
12027,fixture-task-12027,true
12028,fixture-task-12028,false
12029,fixture-task-12029,false
12030,fixture-task-12030,true
12031,fixture-task-12031,false
12032,fixture-task-12032,false
12033,fixture-task-12033,true
12034,fixture-task-12034,false
12035,fixture-task-12035,false
12036,fixture-task-12036,true
12037,fixture-task-12037,false
12038,fixture-task-12038,false
12039,fixture-task-12039,true
12040,fixture-task-12040,false
12041,fixture-task-12041,false
12042,fixture-task-12042,true
12043,fixture-task-12043,false
12044,fixture-task-12044,false
12045,fixture-task-12045,true
12046,fixture-task-12046,false
12047,fixture-task-12047,false
12048,fixture-task-12048,true
12049,fixture-task-12049,false
12050,fixture-task-12050,false
12051,fixture-task-12051,true
12052,fixture-task-12052,false
12053,fixture-task-12053,false
12054,fixture-task-12054,true
12055,fixture-task-12055,false
12056,fixture-task-12056,false
12057,fixture-task-12057,true
12058,fixture-task-12058,false
12059,fixture-task-12059,false
12060,fixture-task-12060,true
12061,fixture-task-12061,false
12062,fixture-task-12062,false
12063,fixture-task-12063,true
12064,fixture-task-12064,false
12065,fixture-task-12065,false
12066,fixture-task-12066,true
12067,fixture-task-12067,false
12068,fixture-task-12068,false
12069,fixture-task-12069,true
12070,fixture-task-12070,false
12071,fixture-task-12071,false
12072,fixture-task-12072,true
12073,fixture-task-12073,false
12074,fixture-task-12074,false
12075,fixture-task-12075,true
12076,fixture-task-12076,false
12077,fixture-task-12077,false
12078,fixture-task-12078,true
12079,fixture-task-12079,false
12080,fixture-task-12080,false
12081,fixture-task-12081,true
12082,fixture-task-12082,false
12083,fixture-task-12083,false
12084,fixture-task-12084,true
12085,fixture-task-12085,false
12086,fixture-task-12086,false
12087,fixture-task-12087,true
12088,fixture-task-12088,false
12089,fixture-task-12089,false
12090,fixture-task-12090,true
12091,fixture-task-12091,false
12092,fixture-task-12092,false
12093,fixture-task-12093,true
12094,fixture-task-12094,false
12095,fixture-task-12095,false
12096,fixture-task-12096,true
12097,fixture-task-12097,false
12098,fixture-task-12098,false
12099,fixture-task-12099,true
12100,fixture-task-12100,false
12101,fixture-task-12101,false
12102,fixture-task-12102,true
12103,fixture-task-12103,false
12104,fixture-task-12104,false
12105,fixture-task-12105,true
12106,fixture-task-12106,false
12107,fixture-task-12107,false
12108,fixture-task-12108,true
12109,fixture-task-12109,false
12110,fixture-task-12110,false
12111,fixture-task-12111,true
12112,fixture-task-12112,false
12113,fixture-task-12113,false
12114,fixture-task-12114,true
12115,fixture-task-12115,false
12116,fixture-task-12116,false
12117,fixture-task-12117,true
12118,fixture-task-12118,false
12119,fixture-task-12119,false
12120,fixture-task-12120,true
12121,fixture-task-12121,false
12122,fixture-task-12122,false
12123,fixture-task-12123,true
12124,fixture-task-12124,false
12125,fixture-task-12125,false
12126,fixture-task-12126,true
12127,fixture-task-12127,false
12128,fixture-task-12128,false
12129,fixture-task-12129,true
12130,fixture-task-12130,false
12131,fixture-task-12131,false
12132,fixture-task-12132,true
12133,fixture-task-12133,false
12134,fixture-task-12134,false
12135,fixture-task-12135,true
12136,fixture-task-12136,false
12137,fixture-task-12137,false
12138,fixture-task-12138,true
12139,fixture-task-12139,false
12140,fixture-task-12140,false
12141,fixture-task-12141,true
12142,fixture-task-12142,false
12143,fixture-task-12143,false
12144,fixture-task-12144,true
12145,fixture-task-12145,false
12146,fixture-task-12146,false
12147,fixture-task-12147,true
12148,fixture-task-12148,false
12149,fixture-task-12149,false
12150,fixture-task-12150,true
12151,fixture-task-12151,false
12152,fixture-task-12152,false
12153,fixture-task-12153,true
12154,fixture-task-12154,false
12155,fixture-task-12155,false
12156,fixture-task-12156,true
12157,fixture-task-12157,false
12158,fixture-task-12158,false
12159,fixture-task-12159,true
12160,fixture-task-12160,false
12161,fixture-task-12161,false
12162,fixture-task-12162,true
12163,fixture-task-12163,false
12164,fixture-task-12164,false
12165,fixture-task-12165,true
12166,fixture-task-12166,false
12167,fixture-task-12167,false
12168,fixture-task-12168,true
12169,fixture-task-12169,false
12170,fixture-task-12170,false
12171,fixture-task-12171,true
12172,fixture-task-12172,false
12173,fixture-task-12173,false
12174,fixture-task-12174,true
12175,fixture-task-12175,false
12176,fixture-task-12176,false
12177,fixture-task-12177,true
12178,fixture-task-12178,false
12179,fixture-task-12179,false
12180,fixture-task-12180,true
12181,fixture-task-12181,false
12182,fixture-task-12182,false
12183,fixture-task-12183,true
12184,fixture-task-12184,false
12185,fixture-task-12185,false
12186,fixture-task-12186,true
12187,fixture-task-12187,false
12188,fixture-task-12188,false
12189,fixture-task-12189,true
12190,fixture-task-12190,false
12191,fixture-task-12191,false
12192,fixture-task-12192,true
12193,fixture-task-12193,false
12194,fixture-task-12194,false
12195,fixture-task-12195,true
12196,fixture-task-12196,false
12197,fixture-task-12197,false
12198,fixture-task-12198,true
12199,fixture-task-12199,false
12200,fixture-task-12200,false
12201,fixture-task-12201,true
12202,fixture-task-12202,false
12203,fixture-task-12203,false
12204,fixture-task-12204,true
12205,fixture-task-12205,false
12206,fixture-task-12206,false
12207,fixture-task-12207,true
12208,fixture-task-12208,false
12209,fixture-task-12209,false
12210,fixture-task-12210,true
12211,fixture-task-12211,false
12212,fixture-task-12212,false
12213,fixture-task-12213,true
12214,fixture-task-12214,false
12215,fixture-task-12215,false
12216,fixture-task-12216,true
12217,fixture-task-12217,false
12218,fixture-task-12218,false
12219,fixture-task-12219,true
12220,fixture-task-12220,false
12221,fixture-task-12221,false
12222,fixture-task-12222,true
12223,fixture-task-12223,false
12224,fixture-task-12224,false
12225,fixture-task-12225,true
12226,fixture-task-12226,false
12227,fixture-task-12227,false
12228,fixture-task-12228,true
12229,fixture-task-12229,false
12230,fixture-task-12230,false
12231,fixture-task-12231,true
12232,fixture-task-12232,false
12233,fixture-task-12233,false
12234,fixture-task-12234,true
12235,fixture-task-12235,false
12236,fixture-task-12236,false
12237,fixture-task-12237,true
12238,fixture-task-12238,false
12239,fixture-task-12239,false
12240,fixture-task-12240,true
12241,fixture-task-12241,false
12242,fixture-task-12242,false
12243,fixture-task-12243,true
12244,fixture-task-12244,false
12245,fixture-task-12245,false
12246,fixture-task-12246,true
12247,fixture-task-12247,false
12248,fixture-task-12248,false
12249,fixture-task-12249,true
12250,fixture-task-12250,false
12251,fixture-task-12251,false
12252,fixture-task-12252,true
12253,fixture-task-12253,false
12254,fixture-task-12254,false
12255,fixture-task-12255,true
12256,fixture-task-12256,false
12257,fixture-task-12257,false
12258,fixture-task-12258,true
12259,fixture-task-12259,false
12260,fixture-task-12260,false
12261,fixture-task-12261,true
12262,fixture-task-12262,false
12263,fixture-task-12263,false
12264,fixture-task-12264,true
12265,fixture-task-12265,false
12266,fixture-task-12266,false
12267,fixture-task-12267,true
12268,fixture-task-12268,false
12269,fixture-task-12269,false
12270,fixture-task-12270,true
12271,fixture-task-12271,false
12272,fixture-task-12272,false
12273,fixture-task-12273,true
12274,fixture-task-12274,false
12275,fixture-task-12275,false
12276,fixture-task-12276,true
12277,fixture-task-12277,false
12278,fixture-task-12278,false
12279,fixture-task-12279,true
12280,fixture-task-12280,false
12281,fixture-task-12281,false
12282,fixture-task-12282,true
12283,fixture-task-12283,false
12284,fixture-task-12284,false
12285,fixture-task-12285,true
12286,fixture-task-12286,false
12287,fixture-task-12287,false
12288,fixture-task-12288,true
12289,fixture-task-12289,false
12290,fixture-task-12290,false
12291,fixture-task-12291,true
12292,fixture-task-12292,false
12293,fixture-task-12293,false
12294,fixture-task-12294,true
12295,fixture-task-12295,false
12296,fixture-task-12296,false
12297,fixture-task-12297,true
12298,fixture-task-12298,false
12299,fixture-task-12299,false
12300,fixture-task-12300,true
12301,fixture-task-12301,false
12302,fixture-task-12302,false
12303,fixture-task-12303,true
12304,fixture-task-12304,false
12305,fixture-task-12305,false
12306,fixture-task-12306,true
12307,fixture-task-12307,false
12308,fixture-task-12308,false
12309,fixture-task-12309,true
12310,fixture-task-12310,false
12311,fixture-task-12311,false
12312,fixture-task-12312,true
12313,fixture-task-12313,false
12314,fixture-task-12314,false
12315,fixture-task-12315,true
12316,fixture-task-12316,false
12317,fixture-task-12317,false
12318,fixture-task-12318,true
12319,fixture-task-12319,false
12320,fixture-task-12320,false
12321,fixture-task-12321,true
12322,fixture-task-12322,false
12323,fixture-task-12323,false
12324,fixture-task-12324,true
12325,fixture-task-12325,false
12326,fixture-task-12326,false
12327,fixture-task-12327,true
12328,fixture-task-12328,false
12329,fixture-task-12329,false
12330,fixture-task-12330,true
12331,fixture-task-12331,false
12332,fixture-task-12332,false
12333,fixture-task-12333,true
12334,fixture-task-12334,false
12335,fixture-task-12335,false
12336,fixture-task-12336,true
12337,fixture-task-12337,false
12338,fixture-task-12338,false
12339,fixture-task-12339,true
12340,fixture-task-12340,false
12341,fixture-task-12341,false
12342,fixture-task-12342,true
12343,fixture-task-12343,false
12344,fixture-task-12344,false
12345,fixture-task-12345,true
12346,fixture-task-12346,false
12347,fixture-task-12347,false
12348,fixture-task-12348,true
12349,fixture-task-12349,false
12350,fixture-task-12350,false
12351,fixture-task-12351,true
12352,fixture-task-12352,false
12353,fixture-task-12353,false
12354,fixture-task-12354,true
12355,fixture-task-12355,false
12356,fixture-task-12356,false
12357,fixture-task-12357,true
12358,fixture-task-12358,false
12359,fixture-task-12359,false
12360,fixture-task-12360,true
12361,fixture-task-12361,false
12362,fixture-task-12362,false
12363,fixture-task-12363,true
12364,fixture-task-12364,false
12365,fixture-task-12365,false
12366,fixture-task-12366,true
12367,fixture-task-12367,false
12368,fixture-task-12368,false
12369,fixture-task-12369,true
12370,fixture-task-12370,false
12371,fixture-task-12371,false
12372,fixture-task-12372,true
12373,fixture-task-12373,false
12374,fixture-task-12374,false
12375,fixture-task-12375,true
12376,fixture-task-12376,false
12377,fixture-task-12377,false
12378,fixture-task-12378,true
12379,fixture-task-12379,false
12380,fixture-task-12380,false
12381,fixture-task-12381,true
12382,fixture-task-12382,false
12383,fixture-task-12383,false
12384,fixture-task-12384,true
12385,fixture-task-12385,false
12386,fixture-task-12386,false
12387,fixture-task-12387,true
12388,fixture-task-12388,false
12389,fixture-task-12389,false
12390,fixture-task-12390,true
12391,fixture-task-12391,false
12392,fixture-task-12392,false
12393,fixture-task-12393,true
12394,fixture-task-12394,false
12395,fixture-task-12395,false
12396,fixture-task-12396,true
12397,fixture-task-12397,false
12398,fixture-task-12398,false
12399,fixture-task-12399,true
12400,fixture-task-12400,false
12401,fixture-task-12401,false
12402,fixture-task-12402,true
12403,fixture-task-12403,false
12404,fixture-task-12404,false
12405,fixture-task-12405,true
12406,fixture-task-12406,false
12407,fixture-task-12407,false
12408,fixture-task-12408,true
12409,fixture-task-12409,false
12410,fixture-task-12410,false
12411,fixture-task-12411,true
12412,fixture-task-12412,false
12413,fixture-task-12413,false
12414,fixture-task-12414,true
12415,fixture-task-12415,false
12416,fixture-task-12416,false
12417,fixture-task-12417,true
12418,fixture-task-12418,false
12419,fixture-task-12419,false
12420,fixture-task-12420,true
12421,fixture-task-12421,false
12422,fixture-task-12422,false
12423,fixture-task-12423,true
12424,fixture-task-12424,false
12425,fixture-task-12425,false
12426,fixture-task-12426,true
12427,fixture-task-12427,false
12428,fixture-task-12428,false
12429,fixture-task-12429,true
12430,fixture-task-12430,false
12431,fixture-task-12431,false
12432,fixture-task-12432,true
12433,fixture-task-12433,false
12434,fixture-task-12434,false
12435,fixture-task-12435,true
12436,fixture-task-12436,false
12437,fixture-task-12437,false
12438,fixture-task-12438,true
12439,fixture-task-12439,false
12440,fixture-task-12440,false
12441,fixture-task-12441,true
12442,fixture-task-12442,false
12443,fixture-task-12443,false
12444,fixture-task-12444,true
12445,fixture-task-12445,false
12446,fixture-task-12446,false
12447,fixture-task-12447,true
12448,fixture-task-12448,false
12449,fixture-task-12449,false
12450,fixture-task-12450,true
12451,fixture-task-12451,false
12452,fixture-task-12452,false
12453,fixture-task-12453,true
12454,fixture-task-12454,false
12455,fixture-task-12455,false
12456,fixture-task-12456,true
12457,fixture-task-12457,false
12458,fixture-task-12458,false
12459,fixture-task-12459,true
12460,fixture-task-12460,false
12461,fixture-task-12461,false
12462,fixture-task-12462,true
12463,fixture-task-12463,false
12464,fixture-task-12464,false
12465,fixture-task-12465,true
12466,fixture-task-12466,false
12467,fixture-task-12467,false
12468,fixture-task-12468,true
12469,fixture-task-12469,false
12470,fixture-task-12470,false
12471,fixture-task-12471,true
12472,fixture-task-12472,false
12473,fixture-task-12473,false
12474,fixture-task-12474,true
12475,fixture-task-12475,false
12476,fixture-task-12476,false
12477,fixture-task-12477,true
12478,fixture-task-12478,false
12479,fixture-task-12479,false
12480,fixture-task-12480,true
12481,fixture-task-12481,false
12482,fixture-task-12482,false
12483,fixture-task-12483,true
12484,fixture-task-12484,false
12485,fixture-task-12485,false
12486,fixture-task-12486,true
12487,fixture-task-12487,false
12488,fixture-task-12488,false
12489,fixture-task-12489,true
12490,fixture-task-12490,false
12491,fixture-task-12491,false
12492,fixture-task-12492,true
12493,fixture-task-12493,false
12494,fixture-task-12494,false
12495,fixture-task-12495,true
12496,fixture-task-12496,false
12497,fixture-task-12497,false
12498,fixture-task-12498,true
12499,fixture-task-12499,false
12500,fixture-task-12500,false
12501,fixture-task-12501,true
12502,fixture-task-12502,false
12503,fixture-task-12503,false
12504,fixture-task-12504,true
12505,fixture-task-12505,false
12506,fixture-task-12506,false
12507,fixture-task-12507,true
12508,fixture-task-12508,false
12509,fixture-task-12509,false
12510,fixture-task-12510,true
12511,fixture-task-12511,false
12512,fixture-task-12512,false
12513,fixture-task-12513,true
12514,fixture-task-12514,false
12515,fixture-task-12515,false
12516,fixture-task-12516,true
12517,fixture-task-12517,false
12518,fixture-task-12518,false
12519,fixture-task-12519,true
12520,fixture-task-12520,false
12521,fixture-task-12521,false
12522,fixture-task-12522,true
12523,fixture-task-12523,false
12524,fixture-task-12524,false
12525,fixture-task-12525,true
12526,fixture-task-12526,false
12527,fixture-task-12527,false
12528,fixture-task-12528,true
12529,fixture-task-12529,false
12530,fixture-task-12530,false
12531,fixture-task-12531,true
12532,fixture-task-12532,false
12533,fixture-task-12533,false
12534,fixture-task-12534,true
12535,fixture-task-12535,false
12536,fixture-task-12536,false
12537,fixture-task-12537,true
12538,fixture-task-12538,false
12539,fixture-task-12539,false
12540,fixture-task-12540,true
12541,fixture-task-12541,false
12542,fixture-task-12542,false
12543,fixture-task-12543,true
12544,fixture-task-12544,false
12545,fixture-task-12545,false
12546,fixture-task-12546,true
12547,fixture-task-12547,false
12548,fixture-task-12548,false
12549,fixture-task-12549,true
12550,fixture-task-12550,false
12551,fixture-task-12551,false
12552,fixture-task-12552,true
12553,fixture-task-12553,false
12554,fixture-task-12554,false
12555,fixture-task-12555,true
12556,fixture-task-12556,false
12557,fixture-task-12557,false
12558,fixture-task-12558,true
12559,fixture-task-12559,false
12560,fixture-task-12560,false
12561,fixture-task-12561,true
12562,fixture-task-12562,false
12563,fixture-task-12563,false
12564,fixture-task-12564,true
12565,fixture-task-12565,false
12566,fixture-task-12566,false
12567,fixture-task-12567,true
12568,fixture-task-12568,false
12569,fixture-task-12569,false
12570,fixture-task-12570,true
12571,fixture-task-12571,false
12572,fixture-task-12572,false
12573,fixture-task-12573,true
12574,fixture-task-12574,false
12575,fixture-task-12575,false
12576,fixture-task-12576,true
12577,fixture-task-12577,false
12578,fixture-task-12578,false
12579,fixture-task-12579,true
12580,fixture-task-12580,false
12581,fixture-task-12581,false
12582,fixture-task-12582,true
12583,fixture-task-12583,false
12584,fixture-task-12584,false
12585,fixture-task-12585,true
12586,fixture-task-12586,false
12587,fixture-task-12587,false
12588,fixture-task-12588,true
12589,fixture-task-12589,false
12590,fixture-task-12590,false
12591,fixture-task-12591,true
12592,fixture-task-12592,false
12593,fixture-task-12593,false
12594,fixture-task-12594,true
12595,fixture-task-12595,false
12596,fixture-task-12596,false
12597,fixture-task-12597,true
12598,fixture-task-12598,false
12599,fixture-task-12599,false
12600,fixture-task-12600,true
12601,fixture-task-12601,false
12602,fixture-task-12602,false
12603,fixture-task-12603,true
12604,fixture-task-12604,false
12605,fixture-task-12605,false
12606,fixture-task-12606,true
12607,fixture-task-12607,false
12608,fixture-task-12608,false
12609,fixture-task-12609,true
12610,fixture-task-12610,false
12611,fixture-task-12611,false
12612,fixture-task-12612,true
12613,fixture-task-12613,false
12614,fixture-task-12614,false
12615,fixture-task-12615,true
12616,fixture-task-12616,false
12617,fixture-task-12617,false
12618,fixture-task-12618,true
12619,fixture-task-12619,false
12620,fixture-task-12620,false
12621,fixture-task-12621,true
12622,fixture-task-12622,false
12623,fixture-task-12623,false
12624,fixture-task-12624,true
12625,fixture-task-12625,false
12626,fixture-task-12626,false
12627,fixture-task-12627,true
12628,fixture-task-12628,false
12629,fixture-task-12629,false
12630,fixture-task-12630,true
12631,fixture-task-12631,false
12632,fixture-task-12632,false
12633,fixture-task-12633,true
12634,fixture-task-12634,false
12635,fixture-task-12635,false
12636,fixture-task-12636,true
12637,fixture-task-12637,false
12638,fixture-task-12638,false
12639,fixture-task-12639,true
12640,fixture-task-12640,false
12641,fixture-task-12641,false
12642,fixture-task-12642,true
12643,fixture-task-12643,false
12644,fixture-task-12644,false
12645,fixture-task-12645,true
12646,fixture-task-12646,false
12647,fixture-task-12647,false
12648,fixture-task-12648,true
12649,fixture-task-12649,false
12650,fixture-task-12650,false
12651,fixture-task-12651,true
12652,fixture-task-12652,false
12653,fixture-task-12653,false
12654,fixture-task-12654,true
12655,fixture-task-12655,false
12656,fixture-task-12656,false
12657,fixture-task-12657,true
12658,fixture-task-12658,false
12659,fixture-task-12659,false
12660,fixture-task-12660,true
12661,fixture-task-12661,false
12662,fixture-task-12662,false
12663,fixture-task-12663,true
12664,fixture-task-12664,false
12665,fixture-task-12665,false
12666,fixture-task-12666,true
12667,fixture-task-12667,false
12668,fixture-task-12668,false
12669,fixture-task-12669,true
12670,fixture-task-12670,false
12671,fixture-task-12671,false
12672,fixture-task-12672,true
12673,fixture-task-12673,false
12674,fixture-task-12674,false
12675,fixture-task-12675,true
12676,fixture-task-12676,false
12677,fixture-task-12677,false
12678,fixture-task-12678,true
12679,fixture-task-12679,false
12680,fixture-task-12680,false
12681,fixture-task-12681,true
12682,fixture-task-12682,false
12683,fixture-task-12683,false
12684,fixture-task-12684,true
12685,fixture-task-12685,false
12686,fixture-task-12686,false
12687,fixture-task-12687,true
12688,fixture-task-12688,false
12689,fixture-task-12689,false
12690,fixture-task-12690,true
12691,fixture-task-12691,false
12692,fixture-task-12692,false
12693,fixture-task-12693,true
12694,fixture-task-12694,false
12695,fixture-task-12695,false
12696,fixture-task-12696,true
12697,fixture-task-12697,false
12698,fixture-task-12698,false
12699,fixture-task-12699,true
12700,fixture-task-12700,false
12701,fixture-task-12701,false
12702,fixture-task-12702,true
12703,fixture-task-12703,false
12704,fixture-task-12704,false
12705,fixture-task-12705,true
12706,fixture-task-12706,false
12707,fixture-task-12707,false
12708,fixture-task-12708,true
12709,fixture-task-12709,false
12710,fixture-task-12710,false
12711,fixture-task-12711,true
12712,fixture-task-12712,false
12713,fixture-task-12713,false
12714,fixture-task-12714,true
12715,fixture-task-12715,false
12716,fixture-task-12716,false
12717,fixture-task-12717,true
12718,fixture-task-12718,false
12719,fixture-task-12719,false
12720,fixture-task-12720,true
12721,fixture-task-12721,false
12722,fixture-task-12722,false
12723,fixture-task-12723,true
12724,fixture-task-12724,false
12725,fixture-task-12725,false
12726,fixture-task-12726,true
12727,fixture-task-12727,false
12728,fixture-task-12728,false
12729,fixture-task-12729,true
12730,fixture-task-12730,false
12731,fixture-task-12731,false
12732,fixture-task-12732,true
12733,fixture-task-12733,false
12734,fixture-task-12734,false
12735,fixture-task-12735,true
12736,fixture-task-12736,false
12737,fixture-task-12737,false
12738,fixture-task-12738,true
12739,fixture-task-12739,false
12740,fixture-task-12740,false
12741,fixture-task-12741,true
12742,fixture-task-12742,false
12743,fixture-task-12743,false
12744,fixture-task-12744,true
12745,fixture-task-12745,false
12746,fixture-task-12746,false
12747,fixture-task-12747,true
12748,fixture-task-12748,false
12749,fixture-task-12749,false
12750,fixture-task-12750,true
12751,fixture-task-12751,false
12752,fixture-task-12752,false
12753,fixture-task-12753,true
12754,fixture-task-12754,false
12755,fixture-task-12755,false
12756,fixture-task-12756,true
12757,fixture-task-12757,false
12758,fixture-task-12758,false
12759,fixture-task-12759,true
12760,fixture-task-12760,false
12761,fixture-task-12761,false
12762,fixture-task-12762,true
12763,fixture-task-12763,false
12764,fixture-task-12764,false
12765,fixture-task-12765,true
12766,fixture-task-12766,false
12767,fixture-task-12767,false
12768,fixture-task-12768,true
12769,fixture-task-12769,false
12770,fixture-task-12770,false
12771,fixture-task-12771,true
12772,fixture-task-12772,false
12773,fixture-task-12773,false
12774,fixture-task-12774,true
12775,fixture-task-12775,false
12776,fixture-task-12776,false
12777,fixture-task-12777,true
12778,fixture-task-12778,false
12779,fixture-task-12779,false
12780,fixture-task-12780,true
12781,fixture-task-12781,false
12782,fixture-task-12782,false
12783,fixture-task-12783,true
12784,fixture-task-12784,false
12785,fixture-task-12785,false
12786,fixture-task-12786,true
12787,fixture-task-12787,false
12788,fixture-task-12788,false
12789,fixture-task-12789,true
12790,fixture-task-12790,false
12791,fixture-task-12791,false
12792,fixture-task-12792,true
12793,fixture-task-12793,false
12794,fixture-task-12794,false
12795,fixture-task-12795,true
12796,fixture-task-12796,false
12797,fixture-task-12797,false
12798,fixture-task-12798,true
12799,fixture-task-12799,false
12800,fixture-task-12800,false
12801,fixture-task-12801,true
12802,fixture-task-12802,false
12803,fixture-task-12803,false
12804,fixture-task-12804,true
12805,fixture-task-12805,false
12806,fixture-task-12806,false
12807,fixture-task-12807,true
12808,fixture-task-12808,false
12809,fixture-task-12809,false
12810,fixture-task-12810,true
12811,fixture-task-12811,false
12812,fixture-task-12812,false
12813,fixture-task-12813,true
12814,fixture-task-12814,false
12815,fixture-task-12815,false
12816,fixture-task-12816,true
12817,fixture-task-12817,false
12818,fixture-task-12818,false
12819,fixture-task-12819,true
12820,fixture-task-12820,false
12821,fixture-task-12821,false
12822,fixture-task-12822,true
12823,fixture-task-12823,false
12824,fixture-task-12824,false
12825,fixture-task-12825,true
12826,fixture-task-12826,false
12827,fixture-task-12827,false
12828,fixture-task-12828,true
12829,fixture-task-12829,false
12830,fixture-task-12830,false
12831,fixture-task-12831,true
12832,fixture-task-12832,false
12833,fixture-task-12833,false
12834,fixture-task-12834,true
12835,fixture-task-12835,false
12836,fixture-task-12836,false
12837,fixture-task-12837,true
12838,fixture-task-12838,false
12839,fixture-task-12839,false
12840,fixture-task-12840,true
12841,fixture-task-12841,false
12842,fixture-task-12842,false
12843,fixture-task-12843,true
12844,fixture-task-12844,false
12845,fixture-task-12845,false
12846,fixture-task-12846,true
12847,fixture-task-12847,false
12848,fixture-task-12848,false
12849,fixture-task-12849,true
12850,fixture-task-12850,false
12851,fixture-task-12851,false
12852,fixture-task-12852,true
12853,fixture-task-12853,false
12854,fixture-task-12854,false
12855,fixture-task-12855,true
12856,fixture-task-12856,false
12857,fixture-task-12857,false
12858,fixture-task-12858,true
12859,fixture-task-12859,false
12860,fixture-task-12860,false
12861,fixture-task-12861,true
12862,fixture-task-12862,false
12863,fixture-task-12863,false
12864,fixture-task-12864,true
12865,fixture-task-12865,false
12866,fixture-task-12866,false
12867,fixture-task-12867,true
12868,fixture-task-12868,false
12869,fixture-task-12869,false
12870,fixture-task-12870,true
12871,fixture-task-12871,false
12872,fixture-task-12872,false
12873,fixture-task-12873,true
12874,fixture-task-12874,false
12875,fixture-task-12875,false
12876,fixture-task-12876,true
12877,fixture-task-12877,false
12878,fixture-task-12878,false
12879,fixture-task-12879,true
12880,fixture-task-12880,false
12881,fixture-task-12881,false
12882,fixture-task-12882,true
12883,fixture-task-12883,false
12884,fixture-task-12884,false
12885,fixture-task-12885,true
12886,fixture-task-12886,false
12887,fixture-task-12887,false
12888,fixture-task-12888,true
12889,fixture-task-12889,false
12890,fixture-task-12890,false
12891,fixture-task-12891,true
12892,fixture-task-12892,false
12893,fixture-task-12893,false
12894,fixture-task-12894,true
12895,fixture-task-12895,false
12896,fixture-task-12896,false
12897,fixture-task-12897,true
12898,fixture-task-12898,false
12899,fixture-task-12899,false
12900,fixture-task-12900,true
12901,fixture-task-12901,false
12902,fixture-task-12902,false
12903,fixture-task-12903,true
12904,fixture-task-12904,false
12905,fixture-task-12905,false
12906,fixture-task-12906,true
12907,fixture-task-12907,false
12908,fixture-task-12908,false
12909,fixture-task-12909,true
12910,fixture-task-12910,false
12911,fixture-task-12911,false
12912,fixture-task-12912,true
12913,fixture-task-12913,false
12914,fixture-task-12914,false
12915,fixture-task-12915,true
12916,fixture-task-12916,false
12917,fixture-task-12917,false
12918,fixture-task-12918,true
12919,fixture-task-12919,false
12920,fixture-task-12920,false
12921,fixture-task-12921,true
12922,fixture-task-12922,false
12923,fixture-task-12923,false
12924,fixture-task-12924,true
12925,fixture-task-12925,false
12926,fixture-task-12926,false
12927,fixture-task-12927,true
12928,fixture-task-12928,false
12929,fixture-task-12929,false
12930,fixture-task-12930,true
12931,fixture-task-12931,false
12932,fixture-task-12932,false
12933,fixture-task-12933,true
12934,fixture-task-12934,false
12935,fixture-task-12935,false
12936,fixture-task-12936,true
12937,fixture-task-12937,false
12938,fixture-task-12938,false
12939,fixture-task-12939,true
12940,fixture-task-12940,false
12941,fixture-task-12941,false
12942,fixture-task-12942,true
12943,fixture-task-12943,false
12944,fixture-task-12944,false
12945,fixture-task-12945,true
12946,fixture-task-12946,false
12947,fixture-task-12947,false
12948,fixture-task-12948,true
12949,fixture-task-12949,false
12950,fixture-task-12950,false
12951,fixture-task-12951,true
12952,fixture-task-12952,false
12953,fixture-task-12953,false
12954,fixture-task-12954,true
12955,fixture-task-12955,false
12956,fixture-task-12956,false
12957,fixture-task-12957,true
12958,fixture-task-12958,false
12959,fixture-task-12959,false
12960,fixture-task-12960,true
12961,fixture-task-12961,false
12962,fixture-task-12962,false
12963,fixture-task-12963,true
12964,fixture-task-12964,false
12965,fixture-task-12965,false
12966,fixture-task-12966,true
12967,fixture-task-12967,false
12968,fixture-task-12968,false
12969,fixture-task-12969,true
12970,fixture-task-12970,false
12971,fixture-task-12971,false
12972,fixture-task-12972,true
12973,fixture-task-12973,false
12974,fixture-task-12974,false
12975,fixture-task-12975,true
12976,fixture-task-12976,false
12977,fixture-task-12977,false
12978,fixture-task-12978,true
12979,fixture-task-12979,false
12980,fixture-task-12980,false
12981,fixture-task-12981,true
12982,fixture-task-12982,false
12983,fixture-task-12983,false
12984,fixture-task-12984,true
12985,fixture-task-12985,false
12986,fixture-task-12986,false
12987,fixture-task-12987,true
12988,fixture-task-12988,false
12989,fixture-task-12989,false
12990,fixture-task-12990,true
12991,fixture-task-12991,false
12992,fixture-task-12992,false
12993,fixture-task-12993,true
12994,fixture-task-12994,false
12995,fixture-task-12995,false
12996,fixture-task-12996,true
12997,fixture-task-12997,false
12998,fixture-task-12998,false
12999,fixture-task-12999,true
13000,fixture-task-13000,false
13001,fixture-task-13001,false
13002,fixture-task-13002,true
13003,fixture-task-13003,false
13004,fixture-task-13004,false
13005,fixture-task-13005,true
13006,fixture-task-13006,false
13007,fixture-task-13007,false
13008,fixture-task-13008,true
13009,fixture-task-13009,false
13010,fixture-task-13010,false
13011,fixture-task-13011,true
13012,fixture-task-13012,false
13013,fixture-task-13013,false
13014,fixture-task-13014,true
13015,fixture-task-13015,false
13016,fixture-task-13016,false
13017,fixture-task-13017,true
13018,fixture-task-13018,false
13019,fixture-task-13019,false
13020,fixture-task-13020,true
13021,fixture-task-13021,false
13022,fixture-task-13022,false
13023,fixture-task-13023,true
13024,fixture-task-13024,false
13025,fixture-task-13025,false
13026,fixture-task-13026,true
13027,fixture-task-13027,false
13028,fixture-task-13028,false
13029,fixture-task-13029,true
13030,fixture-task-13030,false
13031,fixture-task-13031,false
13032,fixture-task-13032,true
13033,fixture-task-13033,false
13034,fixture-task-13034,false
13035,fixture-task-13035,true
13036,fixture-task-13036,false
13037,fixture-task-13037,false
13038,fixture-task-13038,true
13039,fixture-task-13039,false
13040,fixture-task-13040,false
13041,fixture-task-13041,true
13042,fixture-task-13042,false
13043,fixture-task-13043,false
13044,fixture-task-13044,true
13045,fixture-task-13045,false
13046,fixture-task-13046,false
13047,fixture-task-13047,true
13048,fixture-task-13048,false
13049,fixture-task-13049,false
13050,fixture-task-13050,true
13051,fixture-task-13051,false
13052,fixture-task-13052,false
13053,fixture-task-13053,true
13054,fixture-task-13054,false
13055,fixture-task-13055,false
13056,fixture-task-13056,true
13057,fixture-task-13057,false
13058,fixture-task-13058,false
13059,fixture-task-13059,true
13060,fixture-task-13060,false
13061,fixture-task-13061,false
13062,fixture-task-13062,true
13063,fixture-task-13063,false
13064,fixture-task-13064,false
13065,fixture-task-13065,true
13066,fixture-task-13066,false
13067,fixture-task-13067,false
13068,fixture-task-13068,true
13069,fixture-task-13069,false
13070,fixture-task-13070,false
13071,fixture-task-13071,true
13072,fixture-task-13072,false
13073,fixture-task-13073,false
13074,fixture-task-13074,true
13075,fixture-task-13075,false
13076,fixture-task-13076,false
13077,fixture-task-13077,true
13078,fixture-task-13078,false
13079,fixture-task-13079,false
13080,fixture-task-13080,true
13081,fixture-task-13081,false
13082,fixture-task-13082,false
13083,fixture-task-13083,true
13084,fixture-task-13084,false
13085,fixture-task-13085,false
13086,fixture-task-13086,true
13087,fixture-task-13087,false
13088,fixture-task-13088,false
13089,fixture-task-13089,true
13090,fixture-task-13090,false
13091,fixture-task-13091,false
13092,fixture-task-13092,true
13093,fixture-task-13093,false
13094,fixture-task-13094,false
13095,fixture-task-13095,true
13096,fixture-task-13096,false
13097,fixture-task-13097,false
13098,fixture-task-13098,true
13099,fixture-task-13099,false
13100,fixture-task-13100,false
13101,fixture-task-13101,true
13102,fixture-task-13102,false
13103,fixture-task-13103,false
13104,fixture-task-13104,true
13105,fixture-task-13105,false
13106,fixture-task-13106,false
13107,fixture-task-13107,true
13108,fixture-task-13108,false
13109,fixture-task-13109,false
13110,fixture-task-13110,true
13111,fixture-task-13111,false
13112,fixture-task-13112,false
13113,fixture-task-13113,true
13114,fixture-task-13114,false
13115,fixture-task-13115,false
13116,fixture-task-13116,true
13117,fixture-task-13117,false
13118,fixture-task-13118,false
13119,fixture-task-13119,true
13120,fixture-task-13120,false
13121,fixture-task-13121,false
13122,fixture-task-13122,true
13123,fixture-task-13123,false
13124,fixture-task-13124,false
13125,fixture-task-13125,true
13126,fixture-task-13126,false
13127,fixture-task-13127,false
13128,fixture-task-13128,true
13129,fixture-task-13129,false
13130,fixture-task-13130,false
13131,fixture-task-13131,true
13132,fixture-task-13132,false
13133,fixture-task-13133,false
13134,fixture-task-13134,true
13135,fixture-task-13135,false
13136,fixture-task-13136,false
13137,fixture-task-13137,true
13138,fixture-task-13138,false
13139,fixture-task-13139,false
13140,fixture-task-13140,true
13141,fixture-task-13141,false
13142,fixture-task-13142,false
13143,fixture-task-13143,true
13144,fixture-task-13144,false
13145,fixture-task-13145,false
13146,fixture-task-13146,true
13147,fixture-task-13147,false
13148,fixture-task-13148,false
13149,fixture-task-13149,true
13150,fixture-task-13150,false
13151,fixture-task-13151,false
13152,fixture-task-13152,true
13153,fixture-task-13153,false
13154,fixture-task-13154,false
13155,fixture-task-13155,true
13156,fixture-task-13156,false
13157,fixture-task-13157,false
13158,fixture-task-13158,true
13159,fixture-task-13159,false
13160,fixture-task-13160,false
13161,fixture-task-13161,true
13162,fixture-task-13162,false
13163,fixture-task-13163,false
13164,fixture-task-13164,true
13165,fixture-task-13165,false
13166,fixture-task-13166,false
13167,fixture-task-13167,true
13168,fixture-task-13168,false
13169,fixture-task-13169,false
13170,fixture-task-13170,true
13171,fixture-task-13171,false
13172,fixture-task-13172,false
13173,fixture-task-13173,true
13174,fixture-task-13174,false
13175,fixture-task-13175,false
13176,fixture-task-13176,true
13177,fixture-task-13177,false
13178,fixture-task-13178,false
13179,fixture-task-13179,true
13180,fixture-task-13180,false
13181,fixture-task-13181,false
13182,fixture-task-13182,true
13183,fixture-task-13183,false
13184,fixture-task-13184,false
13185,fixture-task-13185,true
13186,fixture-task-13186,false
13187,fixture-task-13187,false
13188,fixture-task-13188,true
13189,fixture-task-13189,false
13190,fixture-task-13190,false
13191,fixture-task-13191,true
13192,fixture-task-13192,false
13193,fixture-task-13193,false
13194,fixture-task-13194,true
13195,fixture-task-13195,false
13196,fixture-task-13196,false
13197,fixture-task-13197,true
13198,fixture-task-13198,false
13199,fixture-task-13199,false
13200,fixture-task-13200,true
13201,fixture-task-13201,false
13202,fixture-task-13202,false
13203,fixture-task-13203,true
13204,fixture-task-13204,false
13205,fixture-task-13205,false
13206,fixture-task-13206,true
13207,fixture-task-13207,false
13208,fixture-task-13208,false
13209,fixture-task-13209,true
13210,fixture-task-13210,false
13211,fixture-task-13211,false
13212,fixture-task-13212,true
13213,fixture-task-13213,false
13214,fixture-task-13214,false
13215,fixture-task-13215,true
13216,fixture-task-13216,false
13217,fixture-task-13217,false
13218,fixture-task-13218,true
13219,fixture-task-13219,false
13220,fixture-task-13220,false
13221,fixture-task-13221,true
13222,fixture-task-13222,false
13223,fixture-task-13223,false
13224,fixture-task-13224,true
13225,fixture-task-13225,false
13226,fixture-task-13226,false
13227,fixture-task-13227,true
13228,fixture-task-13228,false
13229,fixture-task-13229,false
13230,fixture-task-13230,true
13231,fixture-task-13231,false
13232,fixture-task-13232,false
13233,fixture-task-13233,true
13234,fixture-task-13234,false
13235,fixture-task-13235,false
13236,fixture-task-13236,true
13237,fixture-task-13237,false
13238,fixture-task-13238,false
13239,fixture-task-13239,true
13240,fixture-task-13240,false
13241,fixture-task-13241,false
13242,fixture-task-13242,true
13243,fixture-task-13243,false
13244,fixture-task-13244,false
13245,fixture-task-13245,true
13246,fixture-task-13246,false
13247,fixture-task-13247,false
13248,fixture-task-13248,true
13249,fixture-task-13249,false
13250,fixture-task-13250,false
13251,fixture-task-13251,true
13252,fixture-task-13252,false
13253,fixture-task-13253,false
13254,fixture-task-13254,true
13255,fixture-task-13255,false
13256,fixture-task-13256,false
13257,fixture-task-13257,true
13258,fixture-task-13258,false
13259,fixture-task-13259,false
13260,fixture-task-13260,true
13261,fixture-task-13261,false
13262,fixture-task-13262,false
13263,fixture-task-13263,true
13264,fixture-task-13264,false
13265,fixture-task-13265,false
13266,fixture-task-13266,true
13267,fixture-task-13267,false
13268,fixture-task-13268,false
13269,fixture-task-13269,true
13270,fixture-task-13270,false
13271,fixture-task-13271,false
13272,fixture-task-13272,true
13273,fixture-task-13273,false
13274,fixture-task-13274,false
13275,fixture-task-13275,true
13276,fixture-task-13276,false
13277,fixture-task-13277,false
13278,fixture-task-13278,true
13279,fixture-task-13279,false
13280,fixture-task-13280,false
13281,fixture-task-13281,true
13282,fixture-task-13282,false
13283,fixture-task-13283,false
13284,fixture-task-13284,true
13285,fixture-task-13285,false
13286,fixture-task-13286,false
13287,fixture-task-13287,true
13288,fixture-task-13288,false
13289,fixture-task-13289,false
13290,fixture-task-13290,true
13291,fixture-task-13291,false
13292,fixture-task-13292,false
13293,fixture-task-13293,true
13294,fixture-task-13294,false
13295,fixture-task-13295,false
13296,fixture-task-13296,true
13297,fixture-task-13297,false
13298,fixture-task-13298,false
13299,fixture-task-13299,true
13300,fixture-task-13300,false
13301,fixture-task-13301,false
13302,fixture-task-13302,true
13303,fixture-task-13303,false
13304,fixture-task-13304,false
13305,fixture-task-13305,true
13306,fixture-task-13306,false
13307,fixture-task-13307,false
13308,fixture-task-13308,true
13309,fixture-task-13309,false
13310,fixture-task-13310,false
13311,fixture-task-13311,true
13312,fixture-task-13312,false
13313,fixture-task-13313,false
13314,fixture-task-13314,true
13315,fixture-task-13315,false
13316,fixture-task-13316,false
13317,fixture-task-13317,true
13318,fixture-task-13318,false
13319,fixture-task-13319,false
13320,fixture-task-13320,true
13321,fixture-task-13321,false
13322,fixture-task-13322,false
13323,fixture-task-13323,true
13324,fixture-task-13324,false
13325,fixture-task-13325,false
13326,fixture-task-13326,true
13327,fixture-task-13327,false
13328,fixture-task-13328,false
13329,fixture-task-13329,true
13330,fixture-task-13330,false
13331,fixture-task-13331,false
13332,fixture-task-13332,true
13333,fixture-task-13333,false
13334,fixture-task-13334,false
13335,fixture-task-13335,true
13336,fixture-task-13336,false
13337,fixture-task-13337,false
13338,fixture-task-13338,true
13339,fixture-task-13339,false
13340,fixture-task-13340,false
13341,fixture-task-13341,true
13342,fixture-task-13342,false
13343,fixture-task-13343,false
13344,fixture-task-13344,true
13345,fixture-task-13345,false
13346,fixture-task-13346,false
13347,fixture-task-13347,true
13348,fixture-task-13348,false
13349,fixture-task-13349,false
13350,fixture-task-13350,true
13351,fixture-task-13351,false
13352,fixture-task-13352,false
13353,fixture-task-13353,true
13354,fixture-task-13354,false
13355,fixture-task-13355,false
13356,fixture-task-13356,true
13357,fixture-task-13357,false
13358,fixture-task-13358,false
13359,fixture-task-13359,true
13360,fixture-task-13360,false
13361,fixture-task-13361,false
13362,fixture-task-13362,true
13363,fixture-task-13363,false
13364,fixture-task-13364,false
13365,fixture-task-13365,true
13366,fixture-task-13366,false
13367,fixture-task-13367,false
13368,fixture-task-13368,true
13369,fixture-task-13369,false
13370,fixture-task-13370,false
13371,fixture-task-13371,true
13372,fixture-task-13372,false
13373,fixture-task-13373,false
13374,fixture-task-13374,true
13375,fixture-task-13375,false
13376,fixture-task-13376,false
13377,fixture-task-13377,true
13378,fixture-task-13378,false
13379,fixture-task-13379,false
13380,fixture-task-13380,true
13381,fixture-task-13381,false
13382,fixture-task-13382,false
13383,fixture-task-13383,true
13384,fixture-task-13384,false
13385,fixture-task-13385,false
13386,fixture-task-13386,true
13387,fixture-task-13387,false
13388,fixture-task-13388,false
13389,fixture-task-13389,true
13390,fixture-task-13390,false
13391,fixture-task-13391,false
13392,fixture-task-13392,true
13393,fixture-task-13393,false
13394,fixture-task-13394,false
13395,fixture-task-13395,true
13396,fixture-task-13396,false
13397,fixture-task-13397,false
13398,fixture-task-13398,true
13399,fixture-task-13399,false
13400,fixture-task-13400,false
13401,fixture-task-13401,true
13402,fixture-task-13402,false
13403,fixture-task-13403,false
13404,fixture-task-13404,true
13405,fixture-task-13405,false
13406,fixture-task-13406,false
13407,fixture-task-13407,true
13408,fixture-task-13408,false
13409,fixture-task-13409,false
13410,fixture-task-13410,true
13411,fixture-task-13411,false
13412,fixture-task-13412,false
13413,fixture-task-13413,true
13414,fixture-task-13414,false
13415,fixture-task-13415,false
13416,fixture-task-13416,true
13417,fixture-task-13417,false
13418,fixture-task-13418,false
13419,fixture-task-13419,true
13420,fixture-task-13420,false
13421,fixture-task-13421,false
13422,fixture-task-13422,true
13423,fixture-task-13423,false
13424,fixture-task-13424,false
13425,fixture-task-13425,true
13426,fixture-task-13426,false
13427,fixture-task-13427,false
13428,fixture-task-13428,true
13429,fixture-task-13429,false
13430,fixture-task-13430,false
13431,fixture-task-13431,true
13432,fixture-task-13432,false
13433,fixture-task-13433,false
13434,fixture-task-13434,true
13435,fixture-task-13435,false
13436,fixture-task-13436,false
13437,fixture-task-13437,true
13438,fixture-task-13438,false
13439,fixture-task-13439,false
13440,fixture-task-13440,true
13441,fixture-task-13441,false
13442,fixture-task-13442,false
13443,fixture-task-13443,true
13444,fixture-task-13444,false
13445,fixture-task-13445,false
13446,fixture-task-13446,true
13447,fixture-task-13447,false
13448,fixture-task-13448,false
13449,fixture-task-13449,true
13450,fixture-task-13450,false
13451,fixture-task-13451,false
13452,fixture-task-13452,true
13453,fixture-task-13453,false
13454,fixture-task-13454,false
13455,fixture-task-13455,true
13456,fixture-task-13456,false
13457,fixture-task-13457,false
13458,fixture-task-13458,true
13459,fixture-task-13459,false
13460,fixture-task-13460,false
13461,fixture-task-13461,true
13462,fixture-task-13462,false
13463,fixture-task-13463,false
13464,fixture-task-13464,true
13465,fixture-task-13465,false
13466,fixture-task-13466,false
13467,fixture-task-13467,true
13468,fixture-task-13468,false
13469,fixture-task-13469,false
13470,fixture-task-13470,true
13471,fixture-task-13471,false
13472,fixture-task-13472,false
13473,fixture-task-13473,true
13474,fixture-task-13474,false
13475,fixture-task-13475,false
13476,fixture-task-13476,true
13477,fixture-task-13477,false
13478,fixture-task-13478,false
13479,fixture-task-13479,true
13480,fixture-task-13480,false
13481,fixture-task-13481,false
13482,fixture-task-13482,true
13483,fixture-task-13483,false
13484,fixture-task-13484,false
13485,fixture-task-13485,true
13486,fixture-task-13486,false
13487,fixture-task-13487,false
13488,fixture-task-13488,true
13489,fixture-task-13489,false
13490,fixture-task-13490,false
13491,fixture-task-13491,true
13492,fixture-task-13492,false
13493,fixture-task-13493,false
13494,fixture-task-13494,true
13495,fixture-task-13495,false
13496,fixture-task-13496,false
13497,fixture-task-13497,true
13498,fixture-task-13498,false
13499,fixture-task-13499,false
13500,fixture-task-13500,true
13501,fixture-task-13501,false
13502,fixture-task-13502,false
13503,fixture-task-13503,true
13504,fixture-task-13504,false
13505,fixture-task-13505,false
13506,fixture-task-13506,true
13507,fixture-task-13507,false
13508,fixture-task-13508,false
13509,fixture-task-13509,true
13510,fixture-task-13510,false
13511,fixture-task-13511,false
13512,fixture-task-13512,true
13513,fixture-task-13513,false
13514,fixture-task-13514,false
13515,fixture-task-13515,true
13516,fixture-task-13516,false
13517,fixture-task-13517,false
13518,fixture-task-13518,true
13519,fixture-task-13519,false
13520,fixture-task-13520,false
13521,fixture-task-13521,true
13522,fixture-task-13522,false
13523,fixture-task-13523,false
13524,fixture-task-13524,true
13525,fixture-task-13525,false
13526,fixture-task-13526,false
13527,fixture-task-13527,true
13528,fixture-task-13528,false
13529,fixture-task-13529,false
13530,fixture-task-13530,true
13531,fixture-task-13531,false
13532,fixture-task-13532,false
13533,fixture-task-13533,true
13534,fixture-task-13534,false
13535,fixture-task-13535,false
13536,fixture-task-13536,true
13537,fixture-task-13537,false
13538,fixture-task-13538,false
13539,fixture-task-13539,true
13540,fixture-task-13540,false
13541,fixture-task-13541,false
13542,fixture-task-13542,true
13543,fixture-task-13543,false
13544,fixture-task-13544,false
13545,fixture-task-13545,true
13546,fixture-task-13546,false
13547,fixture-task-13547,false
13548,fixture-task-13548,true
13549,fixture-task-13549,false
13550,fixture-task-13550,false
13551,fixture-task-13551,true
13552,fixture-task-13552,false
13553,fixture-task-13553,false
13554,fixture-task-13554,true
13555,fixture-task-13555,false
13556,fixture-task-13556,false
13557,fixture-task-13557,true
13558,fixture-task-13558,false
13559,fixture-task-13559,false
13560,fixture-task-13560,true
13561,fixture-task-13561,false
13562,fixture-task-13562,false
13563,fixture-task-13563,true
13564,fixture-task-13564,false
13565,fixture-task-13565,false
13566,fixture-task-13566,true
13567,fixture-task-13567,false
13568,fixture-task-13568,false
13569,fixture-task-13569,true
13570,fixture-task-13570,false
13571,fixture-task-13571,false
13572,fixture-task-13572,true
13573,fixture-task-13573,false
13574,fixture-task-13574,false
13575,fixture-task-13575,true
13576,fixture-task-13576,false
13577,fixture-task-13577,false
13578,fixture-task-13578,true
13579,fixture-task-13579,false
13580,fixture-task-13580,false
13581,fixture-task-13581,true
13582,fixture-task-13582,false
13583,fixture-task-13583,false
13584,fixture-task-13584,true
13585,fixture-task-13585,false
13586,fixture-task-13586,false
13587,fixture-task-13587,true
13588,fixture-task-13588,false
13589,fixture-task-13589,false
13590,fixture-task-13590,true
13591,fixture-task-13591,false
13592,fixture-task-13592,false
13593,fixture-task-13593,true
13594,fixture-task-13594,false
13595,fixture-task-13595,false
13596,fixture-task-13596,true
13597,fixture-task-13597,false
13598,fixture-task-13598,false
13599,fixture-task-13599,true
13600,fixture-task-13600,false
13601,fixture-task-13601,false
13602,fixture-task-13602,true
13603,fixture-task-13603,false
13604,fixture-task-13604,false
13605,fixture-task-13605,true
13606,fixture-task-13606,false
13607,fixture-task-13607,false
13608,fixture-task-13608,true
13609,fixture-task-13609,false
13610,fixture-task-13610,false
13611,fixture-task-13611,true
13612,fixture-task-13612,false
13613,fixture-task-13613,false
13614,fixture-task-13614,true
13615,fixture-task-13615,false
13616,fixture-task-13616,false
13617,fixture-task-13617,true
13618,fixture-task-13618,false
13619,fixture-task-13619,false
13620,fixture-task-13620,true
13621,fixture-task-13621,false
13622,fixture-task-13622,false
13623,fixture-task-13623,true
13624,fixture-task-13624,false
13625,fixture-task-13625,false
13626,fixture-task-13626,true
13627,fixture-task-13627,false
13628,fixture-task-13628,false
13629,fixture-task-13629,true
13630,fixture-task-13630,false
13631,fixture-task-13631,false
13632,fixture-task-13632,true
13633,fixture-task-13633,false
13634,fixture-task-13634,false
13635,fixture-task-13635,true
13636,fixture-task-13636,false
13637,fixture-task-13637,false
13638,fixture-task-13638,true
13639,fixture-task-13639,false
13640,fixture-task-13640,false
13641,fixture-task-13641,true
13642,fixture-task-13642,false
13643,fixture-task-13643,false
13644,fixture-task-13644,true
13645,fixture-task-13645,false
13646,fixture-task-13646,false
13647,fixture-task-13647,true
13648,fixture-task-13648,false
13649,fixture-task-13649,false
13650,fixture-task-13650,true
13651,fixture-task-13651,false
13652,fixture-task-13652,false
13653,fixture-task-13653,true
13654,fixture-task-13654,false
13655,fixture-task-13655,false
13656,fixture-task-13656,true
13657,fixture-task-13657,false
13658,fixture-task-13658,false
13659,fixture-task-13659,true
13660,fixture-task-13660,false
13661,fixture-task-13661,false
13662,fixture-task-13662,true
13663,fixture-task-13663,false
13664,fixture-task-13664,false
13665,fixture-task-13665,true
13666,fixture-task-13666,false
13667,fixture-task-13667,false
13668,fixture-task-13668,true
13669,fixture-task-13669,false
13670,fixture-task-13670,false
13671,fixture-task-13671,true
13672,fixture-task-13672,false
13673,fixture-task-13673,false
13674,fixture-task-13674,true
13675,fixture-task-13675,false
13676,fixture-task-13676,false
13677,fixture-task-13677,true
13678,fixture-task-13678,false
13679,fixture-task-13679,false
13680,fixture-task-13680,true
13681,fixture-task-13681,false
13682,fixture-task-13682,false
13683,fixture-task-13683,true
13684,fixture-task-13684,false
13685,fixture-task-13685,false
13686,fixture-task-13686,true
13687,fixture-task-13687,false
13688,fixture-task-13688,false
13689,fixture-task-13689,true
13690,fixture-task-13690,false
13691,fixture-task-13691,false
13692,fixture-task-13692,true
13693,fixture-task-13693,false
13694,fixture-task-13694,false
13695,fixture-task-13695,true
13696,fixture-task-13696,false
13697,fixture-task-13697,false
13698,fixture-task-13698,true
13699,fixture-task-13699,false
13700,fixture-task-13700,false
13701,fixture-task-13701,true
13702,fixture-task-13702,false
13703,fixture-task-13703,false
13704,fixture-task-13704,true
13705,fixture-task-13705,false
13706,fixture-task-13706,false
13707,fixture-task-13707,true
13708,fixture-task-13708,false
13709,fixture-task-13709,false
13710,fixture-task-13710,true
13711,fixture-task-13711,false
13712,fixture-task-13712,false
13713,fixture-task-13713,true
13714,fixture-task-13714,false
13715,fixture-task-13715,false
13716,fixture-task-13716,true
13717,fixture-task-13717,false
13718,fixture-task-13718,false
13719,fixture-task-13719,true
13720,fixture-task-13720,false
13721,fixture-task-13721,false
13722,fixture-task-13722,true
13723,fixture-task-13723,false
13724,fixture-task-13724,false
13725,fixture-task-13725,true
13726,fixture-task-13726,false
13727,fixture-task-13727,false
13728,fixture-task-13728,true
13729,fixture-task-13729,false
13730,fixture-task-13730,false
13731,fixture-task-13731,true
13732,fixture-task-13732,false
13733,fixture-task-13733,false
13734,fixture-task-13734,true
13735,fixture-task-13735,false
13736,fixture-task-13736,false
13737,fixture-task-13737,true
13738,fixture-task-13738,false
13739,fixture-task-13739,false
13740,fixture-task-13740,true
13741,fixture-task-13741,false
13742,fixture-task-13742,false
13743,fixture-task-13743,true
13744,fixture-task-13744,false
13745,fixture-task-13745,false
13746,fixture-task-13746,true
13747,fixture-task-13747,false
13748,fixture-task-13748,false
13749,fixture-task-13749,true
13750,fixture-task-13750,false
13751,fixture-task-13751,false
13752,fixture-task-13752,true
13753,fixture-task-13753,false
13754,fixture-task-13754,false
13755,fixture-task-13755,true
13756,fixture-task-13756,false
13757,fixture-task-13757,false
13758,fixture-task-13758,true
13759,fixture-task-13759,false
13760,fixture-task-13760,false
13761,fixture-task-13761,true
13762,fixture-task-13762,false
13763,fixture-task-13763,false
13764,fixture-task-13764,true
13765,fixture-task-13765,false
13766,fixture-task-13766,false
13767,fixture-task-13767,true
13768,fixture-task-13768,false
13769,fixture-task-13769,false
13770,fixture-task-13770,true
13771,fixture-task-13771,false
13772,fixture-task-13772,false
13773,fixture-task-13773,true
13774,fixture-task-13774,false
13775,fixture-task-13775,false
13776,fixture-task-13776,true
13777,fixture-task-13777,false
13778,fixture-task-13778,false
13779,fixture-task-13779,true
13780,fixture-task-13780,false
13781,fixture-task-13781,false
13782,fixture-task-13782,true
13783,fixture-task-13783,false
13784,fixture-task-13784,false
13785,fixture-task-13785,true
13786,fixture-task-13786,false
13787,fixture-task-13787,false
13788,fixture-task-13788,true
13789,fixture-task-13789,false
13790,fixture-task-13790,false
13791,fixture-task-13791,true
13792,fixture-task-13792,false
13793,fixture-task-13793,false
13794,fixture-task-13794,true
13795,fixture-task-13795,false
13796,fixture-task-13796,false
13797,fixture-task-13797,true
13798,fixture-task-13798,false
13799,fixture-task-13799,false
13800,fixture-task-13800,true
13801,fixture-task-13801,false
13802,fixture-task-13802,false
13803,fixture-task-13803,true
13804,fixture-task-13804,false
13805,fixture-task-13805,false
13806,fixture-task-13806,true
13807,fixture-task-13807,false
13808,fixture-task-13808,false
13809,fixture-task-13809,true
13810,fixture-task-13810,false
13811,fixture-task-13811,false
13812,fixture-task-13812,true
13813,fixture-task-13813,false
13814,fixture-task-13814,false
13815,fixture-task-13815,true
13816,fixture-task-13816,false
13817,fixture-task-13817,false
13818,fixture-task-13818,true
13819,fixture-task-13819,false
13820,fixture-task-13820,false
13821,fixture-task-13821,true
13822,fixture-task-13822,false
13823,fixture-task-13823,false
13824,fixture-task-13824,true
13825,fixture-task-13825,false
13826,fixture-task-13826,false
13827,fixture-task-13827,true
13828,fixture-task-13828,false
13829,fixture-task-13829,false
13830,fixture-task-13830,true
13831,fixture-task-13831,false
13832,fixture-task-13832,false
13833,fixture-task-13833,true
13834,fixture-task-13834,false
13835,fixture-task-13835,false
13836,fixture-task-13836,true
13837,fixture-task-13837,false
13838,fixture-task-13838,false
13839,fixture-task-13839,true
13840,fixture-task-13840,false
13841,fixture-task-13841,false
13842,fixture-task-13842,true
13843,fixture-task-13843,false
13844,fixture-task-13844,false
13845,fixture-task-13845,true
13846,fixture-task-13846,false
13847,fixture-task-13847,false
13848,fixture-task-13848,true
13849,fixture-task-13849,false
13850,fixture-task-13850,false
13851,fixture-task-13851,true
13852,fixture-task-13852,false
13853,fixture-task-13853,false
13854,fixture-task-13854,true
13855,fixture-task-13855,false
13856,fixture-task-13856,false
13857,fixture-task-13857,true
13858,fixture-task-13858,false
13859,fixture-task-13859,false
13860,fixture-task-13860,true
13861,fixture-task-13861,false
13862,fixture-task-13862,false
13863,fixture-task-13863,true
13864,fixture-task-13864,false
13865,fixture-task-13865,false
13866,fixture-task-13866,true
13867,fixture-task-13867,false
13868,fixture-task-13868,false
13869,fixture-task-13869,true
13870,fixture-task-13870,false
13871,fixture-task-13871,false
13872,fixture-task-13872,true
13873,fixture-task-13873,false
13874,fixture-task-13874,false
13875,fixture-task-13875,true
13876,fixture-task-13876,false
13877,fixture-task-13877,false
13878,fixture-task-13878,true
13879,fixture-task-13879,false
13880,fixture-task-13880,false
13881,fixture-task-13881,true
13882,fixture-task-13882,false
13883,fixture-task-13883,false
13884,fixture-task-13884,true
13885,fixture-task-13885,false
13886,fixture-task-13886,false
13887,fixture-task-13887,true
13888,fixture-task-13888,false
13889,fixture-task-13889,false
13890,fixture-task-13890,true
13891,fixture-task-13891,false
13892,fixture-task-13892,false
13893,fixture-task-13893,true
13894,fixture-task-13894,false
13895,fixture-task-13895,false
13896,fixture-task-13896,true
13897,fixture-task-13897,false
13898,fixture-task-13898,false
13899,fixture-task-13899,true
13900,fixture-task-13900,false
13901,fixture-task-13901,false
13902,fixture-task-13902,true
13903,fixture-task-13903,false
13904,fixture-task-13904,false
13905,fixture-task-13905,true
13906,fixture-task-13906,false
13907,fixture-task-13907,false
13908,fixture-task-13908,true
13909,fixture-task-13909,false
13910,fixture-task-13910,false
13911,fixture-task-13911,true
13912,fixture-task-13912,false
13913,fixture-task-13913,false
13914,fixture-task-13914,true
13915,fixture-task-13915,false
13916,fixture-task-13916,false
13917,fixture-task-13917,true
13918,fixture-task-13918,false
13919,fixture-task-13919,false
13920,fixture-task-13920,true
13921,fixture-task-13921,false
13922,fixture-task-13922,false
13923,fixture-task-13923,true
13924,fixture-task-13924,false
13925,fixture-task-13925,false
13926,fixture-task-13926,true
13927,fixture-task-13927,false
13928,fixture-task-13928,false
13929,fixture-task-13929,true
13930,fixture-task-13930,false
13931,fixture-task-13931,false
13932,fixture-task-13932,true
13933,fixture-task-13933,false
13934,fixture-task-13934,false
13935,fixture-task-13935,true
13936,fixture-task-13936,false
13937,fixture-task-13937,false
13938,fixture-task-13938,true
13939,fixture-task-13939,false
13940,fixture-task-13940,false
13941,fixture-task-13941,true
13942,fixture-task-13942,false
13943,fixture-task-13943,false
13944,fixture-task-13944,true
13945,fixture-task-13945,false
13946,fixture-task-13946,false
13947,fixture-task-13947,true
13948,fixture-task-13948,false
13949,fixture-task-13949,false
13950,fixture-task-13950,true
13951,fixture-task-13951,false
13952,fixture-task-13952,false
13953,fixture-task-13953,true
13954,fixture-task-13954,false
13955,fixture-task-13955,false
13956,fixture-task-13956,true
13957,fixture-task-13957,false
13958,fixture-task-13958,false
13959,fixture-task-13959,true
13960,fixture-task-13960,false
13961,fixture-task-13961,false
13962,fixture-task-13962,true
13963,fixture-task-13963,false
13964,fixture-task-13964,false
13965,fixture-task-13965,true
13966,fixture-task-13966,false
13967,fixture-task-13967,false
13968,fixture-task-13968,true
13969,fixture-task-13969,false
13970,fixture-task-13970,false
13971,fixture-task-13971,true
13972,fixture-task-13972,false
13973,fixture-task-13973,false
13974,fixture-task-13974,true
13975,fixture-task-13975,false
13976,fixture-task-13976,false
13977,fixture-task-13977,true
13978,fixture-task-13978,false
13979,fixture-task-13979,false
13980,fixture-task-13980,true
13981,fixture-task-13981,false
13982,fixture-task-13982,false
13983,fixture-task-13983,true
13984,fixture-task-13984,false
13985,fixture-task-13985,false
13986,fixture-task-13986,true
13987,fixture-task-13987,false
13988,fixture-task-13988,false
13989,fixture-task-13989,true
13990,fixture-task-13990,false
13991,fixture-task-13991,false
13992,fixture-task-13992,true
13993,fixture-task-13993,false
13994,fixture-task-13994,false
13995,fixture-task-13995,true
13996,fixture-task-13996,false
13997,fixture-task-13997,false
13998,fixture-task-13998,true
13999,fixture-task-13999,false
14000,fixture-task-14000,false
14001,fixture-task-14001,true
14002,fixture-task-14002,false
14003,fixture-task-14003,false
14004,fixture-task-14004,true
14005,fixture-task-14005,false
14006,fixture-task-14006,false
14007,fixture-task-14007,true
14008,fixture-task-14008,false
14009,fixture-task-14009,false
14010,fixture-task-14010,true
14011,fixture-task-14011,false
14012,fixture-task-14012,false
14013,fixture-task-14013,true
14014,fixture-task-14014,false
14015,fixture-task-14015,false
14016,fixture-task-14016,true
14017,fixture-task-14017,false
14018,fixture-task-14018,false
14019,fixture-task-14019,true
14020,fixture-task-14020,false
14021,fixture-task-14021,false
14022,fixture-task-14022,true
14023,fixture-task-14023,false
14024,fixture-task-14024,false
14025,fixture-task-14025,true
14026,fixture-task-14026,false
14027,fixture-task-14027,false
14028,fixture-task-14028,true
14029,fixture-task-14029,false
14030,fixture-task-14030,false
14031,fixture-task-14031,true
14032,fixture-task-14032,false
14033,fixture-task-14033,false
14034,fixture-task-14034,true
14035,fixture-task-14035,false
14036,fixture-task-14036,false
14037,fixture-task-14037,true
14038,fixture-task-14038,false
14039,fixture-task-14039,false
14040,fixture-task-14040,true
14041,fixture-task-14041,false
14042,fixture-task-14042,false
14043,fixture-task-14043,true
14044,fixture-task-14044,false
14045,fixture-task-14045,false
14046,fixture-task-14046,true
14047,fixture-task-14047,false
14048,fixture-task-14048,false
14049,fixture-task-14049,true
14050,fixture-task-14050,false
14051,fixture-task-14051,false
14052,fixture-task-14052,true
14053,fixture-task-14053,false
14054,fixture-task-14054,false
14055,fixture-task-14055,true
14056,fixture-task-14056,false
14057,fixture-task-14057,false
14058,fixture-task-14058,true
14059,fixture-task-14059,false
14060,fixture-task-14060,false
14061,fixture-task-14061,true
14062,fixture-task-14062,false
14063,fixture-task-14063,false
14064,fixture-task-14064,true
14065,fixture-task-14065,false
14066,fixture-task-14066,false
14067,fixture-task-14067,true
14068,fixture-task-14068,false
14069,fixture-task-14069,false
14070,fixture-task-14070,true
14071,fixture-task-14071,false
14072,fixture-task-14072,false
14073,fixture-task-14073,true
14074,fixture-task-14074,false
14075,fixture-task-14075,false
14076,fixture-task-14076,true
14077,fixture-task-14077,false
14078,fixture-task-14078,false
14079,fixture-task-14079,true
14080,fixture-task-14080,false
14081,fixture-task-14081,false
14082,fixture-task-14082,true
14083,fixture-task-14083,false
14084,fixture-task-14084,false
14085,fixture-task-14085,true
14086,fixture-task-14086,false
14087,fixture-task-14087,false
14088,fixture-task-14088,true
14089,fixture-task-14089,false
14090,fixture-task-14090,false
14091,fixture-task-14091,true
14092,fixture-task-14092,false
14093,fixture-task-14093,false
14094,fixture-task-14094,true
14095,fixture-task-14095,false
14096,fixture-task-14096,false
14097,fixture-task-14097,true
14098,fixture-task-14098,false
14099,fixture-task-14099,false
14100,fixture-task-14100,true
14101,fixture-task-14101,false
14102,fixture-task-14102,false
14103,fixture-task-14103,true
14104,fixture-task-14104,false
14105,fixture-task-14105,false
14106,fixture-task-14106,true
14107,fixture-task-14107,false
14108,fixture-task-14108,false
14109,fixture-task-14109,true
14110,fixture-task-14110,false
14111,fixture-task-14111,false
14112,fixture-task-14112,true
14113,fixture-task-14113,false
14114,fixture-task-14114,false
14115,fixture-task-14115,true
14116,fixture-task-14116,false
14117,fixture-task-14117,false
14118,fixture-task-14118,true
14119,fixture-task-14119,false
14120,fixture-task-14120,false
14121,fixture-task-14121,true
14122,fixture-task-14122,false
14123,fixture-task-14123,false
14124,fixture-task-14124,true
14125,fixture-task-14125,false
14126,fixture-task-14126,false
14127,fixture-task-14127,true
14128,fixture-task-14128,false
14129,fixture-task-14129,false
14130,fixture-task-14130,true
14131,fixture-task-14131,false
14132,fixture-task-14132,false
14133,fixture-task-14133,true
14134,fixture-task-14134,false
14135,fixture-task-14135,false
14136,fixture-task-14136,true
14137,fixture-task-14137,false
14138,fixture-task-14138,false
14139,fixture-task-14139,true
14140,fixture-task-14140,false
14141,fixture-task-14141,false
14142,fixture-task-14142,true
14143,fixture-task-14143,false
14144,fixture-task-14144,false
14145,fixture-task-14145,true
14146,fixture-task-14146,false
14147,fixture-task-14147,false
14148,fixture-task-14148,true
14149,fixture-task-14149,false
14150,fixture-task-14150,false
14151,fixture-task-14151,true
14152,fixture-task-14152,false
14153,fixture-task-14153,false
14154,fixture-task-14154,true
14155,fixture-task-14155,false
14156,fixture-task-14156,false
14157,fixture-task-14157,true
14158,fixture-task-14158,false
14159,fixture-task-14159,false
14160,fixture-task-14160,true
14161,fixture-task-14161,false
14162,fixture-task-14162,false
14163,fixture-task-14163,true
14164,fixture-task-14164,false
14165,fixture-task-14165,false
14166,fixture-task-14166,true
14167,fixture-task-14167,false
14168,fixture-task-14168,false
14169,fixture-task-14169,true
14170,fixture-task-14170,false
14171,fixture-task-14171,false
14172,fixture-task-14172,true
14173,fixture-task-14173,false
14174,fixture-task-14174,false
14175,fixture-task-14175,true
14176,fixture-task-14176,false
14177,fixture-task-14177,false
14178,fixture-task-14178,true
14179,fixture-task-14179,false
14180,fixture-task-14180,false
14181,fixture-task-14181,true
14182,fixture-task-14182,false
14183,fixture-task-14183,false
14184,fixture-task-14184,true
14185,fixture-task-14185,false
14186,fixture-task-14186,false
14187,fixture-task-14187,true
14188,fixture-task-14188,false
14189,fixture-task-14189,false
14190,fixture-task-14190,true
14191,fixture-task-14191,false
14192,fixture-task-14192,false
14193,fixture-task-14193,true
14194,fixture-task-14194,false
14195,fixture-task-14195,false
14196,fixture-task-14196,true
14197,fixture-task-14197,false
14198,fixture-task-14198,false
14199,fixture-task-14199,true
14200,fixture-task-14200,false
14201,fixture-task-14201,false
14202,fixture-task-14202,true
14203,fixture-task-14203,false
14204,fixture-task-14204,false
14205,fixture-task-14205,true
14206,fixture-task-14206,false
14207,fixture-task-14207,false
14208,fixture-task-14208,true
14209,fixture-task-14209,false
14210,fixture-task-14210,false
14211,fixture-task-14211,true
14212,fixture-task-14212,false
14213,fixture-task-14213,false
14214,fixture-task-14214,true
14215,fixture-task-14215,false
14216,fixture-task-14216,false
14217,fixture-task-14217,true
14218,fixture-task-14218,false
14219,fixture-task-14219,false
14220,fixture-task-14220,true
14221,fixture-task-14221,false
14222,fixture-task-14222,false
14223,fixture-task-14223,true
14224,fixture-task-14224,false
14225,fixture-task-14225,false
14226,fixture-task-14226,true
14227,fixture-task-14227,false
14228,fixture-task-14228,false
14229,fixture-task-14229,true
14230,fixture-task-14230,false
14231,fixture-task-14231,false
14232,fixture-task-14232,true
14233,fixture-task-14233,false
14234,fixture-task-14234,false
14235,fixture-task-14235,true
14236,fixture-task-14236,false
14237,fixture-task-14237,false
14238,fixture-task-14238,true
14239,fixture-task-14239,false
14240,fixture-task-14240,false
14241,fixture-task-14241,true
14242,fixture-task-14242,false
14243,fixture-task-14243,false
14244,fixture-task-14244,true
14245,fixture-task-14245,false
14246,fixture-task-14246,false
14247,fixture-task-14247,true
14248,fixture-task-14248,false
14249,fixture-task-14249,false
14250,fixture-task-14250,true
14251,fixture-task-14251,false
14252,fixture-task-14252,false
14253,fixture-task-14253,true
14254,fixture-task-14254,false
14255,fixture-task-14255,false
14256,fixture-task-14256,true
14257,fixture-task-14257,false
14258,fixture-task-14258,false
14259,fixture-task-14259,true
14260,fixture-task-14260,false
14261,fixture-task-14261,false
14262,fixture-task-14262,true
14263,fixture-task-14263,false
14264,fixture-task-14264,false
14265,fixture-task-14265,true
14266,fixture-task-14266,false
14267,fixture-task-14267,false
14268,fixture-task-14268,true
14269,fixture-task-14269,false
14270,fixture-task-14270,false
14271,fixture-task-14271,true
14272,fixture-task-14272,false
14273,fixture-task-14273,false
14274,fixture-task-14274,true
14275,fixture-task-14275,false
14276,fixture-task-14276,false
14277,fixture-task-14277,true
14278,fixture-task-14278,false
14279,fixture-task-14279,false
14280,fixture-task-14280,true
14281,fixture-task-14281,false
14282,fixture-task-14282,false
14283,fixture-task-14283,true
14284,fixture-task-14284,false
14285,fixture-task-14285,false
14286,fixture-task-14286,true
14287,fixture-task-14287,false
14288,fixture-task-14288,false
14289,fixture-task-14289,true
14290,fixture-task-14290,false
14291,fixture-task-14291,false
14292,fixture-task-14292,true
14293,fixture-task-14293,false
14294,fixture-task-14294,false
14295,fixture-task-14295,true
14296,fixture-task-14296,false
14297,fixture-task-14297,false
14298,fixture-task-14298,true
14299,fixture-task-14299,false
14300,fixture-task-14300,false
14301,fixture-task-14301,true
14302,fixture-task-14302,false
14303,fixture-task-14303,false
14304,fixture-task-14304,true
14305,fixture-task-14305,false
14306,fixture-task-14306,false
14307,fixture-task-14307,true
14308,fixture-task-14308,false
14309,fixture-task-14309,false
14310,fixture-task-14310,true
14311,fixture-task-14311,false
14312,fixture-task-14312,false
14313,fixture-task-14313,true
14314,fixture-task-14314,false
14315,fixture-task-14315,false
14316,fixture-task-14316,true
14317,fixture-task-14317,false
14318,fixture-task-14318,false
14319,fixture-task-14319,true
14320,fixture-task-14320,false
14321,fixture-task-14321,false
14322,fixture-task-14322,true
14323,fixture-task-14323,false
14324,fixture-task-14324,false
14325,fixture-task-14325,true
14326,fixture-task-14326,false
14327,fixture-task-14327,false
14328,fixture-task-14328,true
14329,fixture-task-14329,false
14330,fixture-task-14330,false
14331,fixture-task-14331,true
14332,fixture-task-14332,false
14333,fixture-task-14333,false
14334,fixture-task-14334,true
14335,fixture-task-14335,false
14336,fixture-task-14336,false
14337,fixture-task-14337,true
14338,fixture-task-14338,false
14339,fixture-task-14339,false
14340,fixture-task-14340,true
14341,fixture-task-14341,false
14342,fixture-task-14342,false
14343,fixture-task-14343,true
14344,fixture-task-14344,false
14345,fixture-task-14345,false
14346,fixture-task-14346,true
14347,fixture-task-14347,false
14348,fixture-task-14348,false
14349,fixture-task-14349,true
14350,fixture-task-14350,false
14351,fixture-task-14351,false
14352,fixture-task-14352,true
14353,fixture-task-14353,false
14354,fixture-task-14354,false
14355,fixture-task-14355,true
14356,fixture-task-14356,false
14357,fixture-task-14357,false
14358,fixture-task-14358,true
14359,fixture-task-14359,false
14360,fixture-task-14360,false
14361,fixture-task-14361,true
14362,fixture-task-14362,false
14363,fixture-task-14363,false
14364,fixture-task-14364,true
14365,fixture-task-14365,false
14366,fixture-task-14366,false
14367,fixture-task-14367,true
14368,fixture-task-14368,false
14369,fixture-task-14369,false
14370,fixture-task-14370,true
14371,fixture-task-14371,false
14372,fixture-task-14372,false
14373,fixture-task-14373,true
14374,fixture-task-14374,false
14375,fixture-task-14375,false
14376,fixture-task-14376,true
14377,fixture-task-14377,false
14378,fixture-task-14378,false
14379,fixture-task-14379,true
14380,fixture-task-14380,false
14381,fixture-task-14381,false
14382,fixture-task-14382,true
14383,fixture-task-14383,false
14384,fixture-task-14384,false
14385,fixture-task-14385,true
14386,fixture-task-14386,false
14387,fixture-task-14387,false
14388,fixture-task-14388,true
14389,fixture-task-14389,false
14390,fixture-task-14390,false
14391,fixture-task-14391,true
14392,fixture-task-14392,false
14393,fixture-task-14393,false
14394,fixture-task-14394,true
14395,fixture-task-14395,false
14396,fixture-task-14396,false
14397,fixture-task-14397,true
14398,fixture-task-14398,false
14399,fixture-task-14399,false
14400,fixture-task-14400,true
14401,fixture-task-14401,false
14402,fixture-task-14402,false
14403,fixture-task-14403,true
14404,fixture-task-14404,false
14405,fixture-task-14405,false
14406,fixture-task-14406,true
14407,fixture-task-14407,false
14408,fixture-task-14408,false
14409,fixture-task-14409,true
14410,fixture-task-14410,false
14411,fixture-task-14411,false
14412,fixture-task-14412,true
14413,fixture-task-14413,false
14414,fixture-task-14414,false
14415,fixture-task-14415,true
14416,fixture-task-14416,false
14417,fixture-task-14417,false
14418,fixture-task-14418,true
14419,fixture-task-14419,false
14420,fixture-task-14420,false
14421,fixture-task-14421,true
14422,fixture-task-14422,false
14423,fixture-task-14423,false
14424,fixture-task-14424,true
14425,fixture-task-14425,false
14426,fixture-task-14426,false
14427,fixture-task-14427,true
14428,fixture-task-14428,false
14429,fixture-task-14429,false
14430,fixture-task-14430,true
14431,fixture-task-14431,false
14432,fixture-task-14432,false
14433,fixture-task-14433,true
14434,fixture-task-14434,false
14435,fixture-task-14435,false
14436,fixture-task-14436,true
14437,fixture-task-14437,false
14438,fixture-task-14438,false
14439,fixture-task-14439,true
14440,fixture-task-14440,false
14441,fixture-task-14441,false
14442,fixture-task-14442,true
14443,fixture-task-14443,false
14444,fixture-task-14444,false
14445,fixture-task-14445,true
14446,fixture-task-14446,false
14447,fixture-task-14447,false
14448,fixture-task-14448,true
14449,fixture-task-14449,false
14450,fixture-task-14450,false
14451,fixture-task-14451,true
14452,fixture-task-14452,false
14453,fixture-task-14453,false
14454,fixture-task-14454,true
14455,fixture-task-14455,false
14456,fixture-task-14456,false
14457,fixture-task-14457,true
14458,fixture-task-14458,false
14459,fixture-task-14459,false
14460,fixture-task-14460,true
14461,fixture-task-14461,false
14462,fixture-task-14462,false
14463,fixture-task-14463,true
14464,fixture-task-14464,false
14465,fixture-task-14465,false
14466,fixture-task-14466,true
14467,fixture-task-14467,false
14468,fixture-task-14468,false
14469,fixture-task-14469,true
14470,fixture-task-14470,false
14471,fixture-task-14471,false
14472,fixture-task-14472,true
14473,fixture-task-14473,false
14474,fixture-task-14474,false
14475,fixture-task-14475,true
14476,fixture-task-14476,false
14477,fixture-task-14477,false
14478,fixture-task-14478,true
14479,fixture-task-14479,false
14480,fixture-task-14480,false
14481,fixture-task-14481,true
14482,fixture-task-14482,false
14483,fixture-task-14483,false
14484,fixture-task-14484,true
14485,fixture-task-14485,false
14486,fixture-task-14486,false
14487,fixture-task-14487,true
14488,fixture-task-14488,false
14489,fixture-task-14489,false
14490,fixture-task-14490,true
14491,fixture-task-14491,false
14492,fixture-task-14492,false
14493,fixture-task-14493,true
14494,fixture-task-14494,false
14495,fixture-task-14495,false
14496,fixture-task-14496,true
14497,fixture-task-14497,false
14498,fixture-task-14498,false
14499,fixture-task-14499,true
14500,fixture-task-14500,false
14501,fixture-task-14501,false
14502,fixture-task-14502,true
14503,fixture-task-14503,false
14504,fixture-task-14504,false
14505,fixture-task-14505,true
14506,fixture-task-14506,false
14507,fixture-task-14507,false
14508,fixture-task-14508,true
14509,fixture-task-14509,false
14510,fixture-task-14510,false
14511,fixture-task-14511,true
14512,fixture-task-14512,false
14513,fixture-task-14513,false
14514,fixture-task-14514,true
14515,fixture-task-14515,false
14516,fixture-task-14516,false
14517,fixture-task-14517,true
14518,fixture-task-14518,false
14519,fixture-task-14519,false
14520,fixture-task-14520,true
14521,fixture-task-14521,false
14522,fixture-task-14522,false
14523,fixture-task-14523,true
14524,fixture-task-14524,false
14525,fixture-task-14525,false
14526,fixture-task-14526,true
14527,fixture-task-14527,false
14528,fixture-task-14528,false
14529,fixture-task-14529,true
14530,fixture-task-14530,false
14531,fixture-task-14531,false
14532,fixture-task-14532,true
14533,fixture-task-14533,false
14534,fixture-task-14534,false
14535,fixture-task-14535,true
14536,fixture-task-14536,false
14537,fixture-task-14537,false
14538,fixture-task-14538,true
14539,fixture-task-14539,false
14540,fixture-task-14540,false
14541,fixture-task-14541,true
14542,fixture-task-14542,false
14543,fixture-task-14543,false
14544,fixture-task-14544,true
14545,fixture-task-14545,false
14546,fixture-task-14546,false
14547,fixture-task-14547,true
14548,fixture-task-14548,false
14549,fixture-task-14549,false
14550,fixture-task-14550,true
14551,fixture-task-14551,false
14552,fixture-task-14552,false
14553,fixture-task-14553,true
14554,fixture-task-14554,false
14555,fixture-task-14555,false
14556,fixture-task-14556,true
14557,fixture-task-14557,false
14558,fixture-task-14558,false
14559,fixture-task-14559,true
14560,fixture-task-14560,false
14561,fixture-task-14561,false
14562,fixture-task-14562,true
14563,fixture-task-14563,false
14564,fixture-task-14564,false
14565,fixture-task-14565,true
14566,fixture-task-14566,false
14567,fixture-task-14567,false
14568,fixture-task-14568,true
14569,fixture-task-14569,false
14570,fixture-task-14570,false
14571,fixture-task-14571,true
14572,fixture-task-14572,false
14573,fixture-task-14573,false
14574,fixture-task-14574,true
14575,fixture-task-14575,false
14576,fixture-task-14576,false
14577,fixture-task-14577,true
14578,fixture-task-14578,false
14579,fixture-task-14579,false
14580,fixture-task-14580,true
14581,fixture-task-14581,false
14582,fixture-task-14582,false
14583,fixture-task-14583,true
14584,fixture-task-14584,false
14585,fixture-task-14585,false
14586,fixture-task-14586,true
14587,fixture-task-14587,false
14588,fixture-task-14588,false
14589,fixture-task-14589,true
14590,fixture-task-14590,false
14591,fixture-task-14591,false
14592,fixture-task-14592,true
14593,fixture-task-14593,false
14594,fixture-task-14594,false
14595,fixture-task-14595,true
14596,fixture-task-14596,false
14597,fixture-task-14597,false
14598,fixture-task-14598,true
14599,fixture-task-14599,false
14600,fixture-task-14600,false
14601,fixture-task-14601,true
14602,fixture-task-14602,false
14603,fixture-task-14603,false
14604,fixture-task-14604,true
14605,fixture-task-14605,false
14606,fixture-task-14606,false
14607,fixture-task-14607,true
14608,fixture-task-14608,false
14609,fixture-task-14609,false
14610,fixture-task-14610,true
14611,fixture-task-14611,false
14612,fixture-task-14612,false
14613,fixture-task-14613,true
14614,fixture-task-14614,false
14615,fixture-task-14615,false
14616,fixture-task-14616,true
14617,fixture-task-14617,false
14618,fixture-task-14618,false
14619,fixture-task-14619,true
14620,fixture-task-14620,false
14621,fixture-task-14621,false
14622,fixture-task-14622,true
14623,fixture-task-14623,false
14624,fixture-task-14624,false
14625,fixture-task-14625,true
14626,fixture-task-14626,false
14627,fixture-task-14627,false
14628,fixture-task-14628,true
14629,fixture-task-14629,false
14630,fixture-task-14630,false
14631,fixture-task-14631,true
14632,fixture-task-14632,false
14633,fixture-task-14633,false
14634,fixture-task-14634,true
14635,fixture-task-14635,false
14636,fixture-task-14636,false
14637,fixture-task-14637,true
14638,fixture-task-14638,false
14639,fixture-task-14639,false
14640,fixture-task-14640,true
14641,fixture-task-14641,false
14642,fixture-task-14642,false
14643,fixture-task-14643,true
14644,fixture-task-14644,false
14645,fixture-task-14645,false
14646,fixture-task-14646,true
14647,fixture-task-14647,false
14648,fixture-task-14648,false
14649,fixture-task-14649,true
14650,fixture-task-14650,false
14651,fixture-task-14651,false
14652,fixture-task-14652,true
14653,fixture-task-14653,false
14654,fixture-task-14654,false
14655,fixture-task-14655,true
14656,fixture-task-14656,false
14657,fixture-task-14657,false
14658,fixture-task-14658,true
14659,fixture-task-14659,false
14660,fixture-task-14660,false
14661,fixture-task-14661,true
14662,fixture-task-14662,false
14663,fixture-task-14663,false
14664,fixture-task-14664,true
14665,fixture-task-14665,false
14666,fixture-task-14666,false
14667,fixture-task-14667,true
14668,fixture-task-14668,false
14669,fixture-task-14669,false
14670,fixture-task-14670,true
14671,fixture-task-14671,false
14672,fixture-task-14672,false
14673,fixture-task-14673,true
14674,fixture-task-14674,false
14675,fixture-task-14675,false
14676,fixture-task-14676,true
14677,fixture-task-14677,false
14678,fixture-task-14678,false
14679,fixture-task-14679,true
14680,fixture-task-14680,false
14681,fixture-task-14681,false
14682,fixture-task-14682,true
14683,fixture-task-14683,false
14684,fixture-task-14684,false
14685,fixture-task-14685,true
14686,fixture-task-14686,false
14687,fixture-task-14687,false
14688,fixture-task-14688,true
14689,fixture-task-14689,false
14690,fixture-task-14690,false
14691,fixture-task-14691,true
14692,fixture-task-14692,false
14693,fixture-task-14693,false
14694,fixture-task-14694,true
14695,fixture-task-14695,false
14696,fixture-task-14696,false
14697,fixture-task-14697,true
14698,fixture-task-14698,false
14699,fixture-task-14699,false
14700,fixture-task-14700,true
14701,fixture-task-14701,false
14702,fixture-task-14702,false
14703,fixture-task-14703,true
14704,fixture-task-14704,false
14705,fixture-task-14705,false
14706,fixture-task-14706,true
14707,fixture-task-14707,false
14708,fixture-task-14708,false
14709,fixture-task-14709,true
14710,fixture-task-14710,false
14711,fixture-task-14711,false
14712,fixture-task-14712,true
14713,fixture-task-14713,false
14714,fixture-task-14714,false
14715,fixture-task-14715,true
14716,fixture-task-14716,false
14717,fixture-task-14717,false
14718,fixture-task-14718,true
14719,fixture-task-14719,false
14720,fixture-task-14720,false
14721,fixture-task-14721,true
14722,fixture-task-14722,false
14723,fixture-task-14723,false
14724,fixture-task-14724,true
14725,fixture-task-14725,false
14726,fixture-task-14726,false
14727,fixture-task-14727,true
14728,fixture-task-14728,false
14729,fixture-task-14729,false
14730,fixture-task-14730,true
14731,fixture-task-14731,false
14732,fixture-task-14732,false
14733,fixture-task-14733,true
14734,fixture-task-14734,false
14735,fixture-task-14735,false
14736,fixture-task-14736,true
14737,fixture-task-14737,false
14738,fixture-task-14738,false
14739,fixture-task-14739,true
14740,fixture-task-14740,false
14741,fixture-task-14741,false
14742,fixture-task-14742,true
14743,fixture-task-14743,false
14744,fixture-task-14744,false
14745,fixture-task-14745,true
14746,fixture-task-14746,false
14747,fixture-task-14747,false
14748,fixture-task-14748,true
14749,fixture-task-14749,false
14750,fixture-task-14750,false
14751,fixture-task-14751,true
14752,fixture-task-14752,false
14753,fixture-task-14753,false
14754,fixture-task-14754,true
14755,fixture-task-14755,false
14756,fixture-task-14756,false
14757,fixture-task-14757,true
14758,fixture-task-14758,false
14759,fixture-task-14759,false
14760,fixture-task-14760,true
14761,fixture-task-14761,false
14762,fixture-task-14762,false
14763,fixture-task-14763,true
14764,fixture-task-14764,false
14765,fixture-task-14765,false
14766,fixture-task-14766,true
14767,fixture-task-14767,false
14768,fixture-task-14768,false
14769,fixture-task-14769,true
14770,fixture-task-14770,false
14771,fixture-task-14771,false
14772,fixture-task-14772,true
14773,fixture-task-14773,false
14774,fixture-task-14774,false
14775,fixture-task-14775,true
14776,fixture-task-14776,false
14777,fixture-task-14777,false
14778,fixture-task-14778,true
14779,fixture-task-14779,false
14780,fixture-task-14780,false
14781,fixture-task-14781,true
14782,fixture-task-14782,false
14783,fixture-task-14783,false
14784,fixture-task-14784,true
14785,fixture-task-14785,false
14786,fixture-task-14786,false
14787,fixture-task-14787,true
14788,fixture-task-14788,false
14789,fixture-task-14789,false
14790,fixture-task-14790,true
14791,fixture-task-14791,false
14792,fixture-task-14792,false
14793,fixture-task-14793,true
14794,fixture-task-14794,false
14795,fixture-task-14795,false
14796,fixture-task-14796,true
14797,fixture-task-14797,false
14798,fixture-task-14798,false
14799,fixture-task-14799,true
14800,fixture-task-14800,false
14801,fixture-task-14801,false
14802,fixture-task-14802,true
14803,fixture-task-14803,false
14804,fixture-task-14804,false
14805,fixture-task-14805,true
14806,fixture-task-14806,false
14807,fixture-task-14807,false
14808,fixture-task-14808,true
14809,fixture-task-14809,false
14810,fixture-task-14810,false
14811,fixture-task-14811,true
14812,fixture-task-14812,false
14813,fixture-task-14813,false
14814,fixture-task-14814,true
14815,fixture-task-14815,false
14816,fixture-task-14816,false
14817,fixture-task-14817,true
14818,fixture-task-14818,false
14819,fixture-task-14819,false
14820,fixture-task-14820,true
14821,fixture-task-14821,false
14822,fixture-task-14822,false
14823,fixture-task-14823,true
14824,fixture-task-14824,false
14825,fixture-task-14825,false
14826,fixture-task-14826,true
14827,fixture-task-14827,false
14828,fixture-task-14828,false
14829,fixture-task-14829,true
14830,fixture-task-14830,false
14831,fixture-task-14831,false
14832,fixture-task-14832,true
14833,fixture-task-14833,false
14834,fixture-task-14834,false
14835,fixture-task-14835,true
14836,fixture-task-14836,false
14837,fixture-task-14837,false
14838,fixture-task-14838,true
14839,fixture-task-14839,false
14840,fixture-task-14840,false
14841,fixture-task-14841,true
14842,fixture-task-14842,false
14843,fixture-task-14843,false
14844,fixture-task-14844,true
14845,fixture-task-14845,false
14846,fixture-task-14846,false
14847,fixture-task-14847,true
14848,fixture-task-14848,false
14849,fixture-task-14849,false
14850,fixture-task-14850,true
14851,fixture-task-14851,false
14852,fixture-task-14852,false
14853,fixture-task-14853,true
14854,fixture-task-14854,false
14855,fixture-task-14855,false
14856,fixture-task-14856,true
14857,fixture-task-14857,false
14858,fixture-task-14858,false
14859,fixture-task-14859,true
14860,fixture-task-14860,false
14861,fixture-task-14861,false
14862,fixture-task-14862,true
14863,fixture-task-14863,false
14864,fixture-task-14864,false
14865,fixture-task-14865,true
14866,fixture-task-14866,false
14867,fixture-task-14867,false
14868,fixture-task-14868,true
14869,fixture-task-14869,false
14870,fixture-task-14870,false
14871,fixture-task-14871,true
14872,fixture-task-14872,false
14873,fixture-task-14873,false
14874,fixture-task-14874,true
14875,fixture-task-14875,false
14876,fixture-task-14876,false
14877,fixture-task-14877,true
14878,fixture-task-14878,false
14879,fixture-task-14879,false
14880,fixture-task-14880,true
14881,fixture-task-14881,false
14882,fixture-task-14882,false
14883,fixture-task-14883,true
14884,fixture-task-14884,false
14885,fixture-task-14885,false
14886,fixture-task-14886,true
14887,fixture-task-14887,false
14888,fixture-task-14888,false
14889,fixture-task-14889,true
14890,fixture-task-14890,false
14891,fixture-task-14891,false
14892,fixture-task-14892,true
14893,fixture-task-14893,false
14894,fixture-task-14894,false
14895,fixture-task-14895,true
14896,fixture-task-14896,false
14897,fixture-task-14897,false
14898,fixture-task-14898,true
14899,fixture-task-14899,false
14900,fixture-task-14900,false
14901,fixture-task-14901,true
14902,fixture-task-14902,false
14903,fixture-task-14903,false
14904,fixture-task-14904,true
14905,fixture-task-14905,false
14906,fixture-task-14906,false
14907,fixture-task-14907,true
14908,fixture-task-14908,false
14909,fixture-task-14909,false
14910,fixture-task-14910,true
14911,fixture-task-14911,false
14912,fixture-task-14912,false
14913,fixture-task-14913,true
14914,fixture-task-14914,false
14915,fixture-task-14915,false
14916,fixture-task-14916,true
14917,fixture-task-14917,false
14918,fixture-task-14918,false
14919,fixture-task-14919,true
14920,fixture-task-14920,false
14921,fixture-task-14921,false
14922,fixture-task-14922,true
14923,fixture-task-14923,false
14924,fixture-task-14924,false
14925,fixture-task-14925,true
14926,fixture-task-14926,false
14927,fixture-task-14927,false
14928,fixture-task-14928,true
14929,fixture-task-14929,false
14930,fixture-task-14930,false
14931,fixture-task-14931,true
14932,fixture-task-14932,false
14933,fixture-task-14933,false
14934,fixture-task-14934,true
14935,fixture-task-14935,false
14936,fixture-task-14936,false
14937,fixture-task-14937,true
14938,fixture-task-14938,false
14939,fixture-task-14939,false
14940,fixture-task-14940,true
14941,fixture-task-14941,false
14942,fixture-task-14942,false
14943,fixture-task-14943,true
14944,fixture-task-14944,false
14945,fixture-task-14945,false
14946,fixture-task-14946,true
14947,fixture-task-14947,false
14948,fixture-task-14948,false
14949,fixture-task-14949,true
14950,fixture-task-14950,false
14951,fixture-task-14951,false
14952,fixture-task-14952,true
14953,fixture-task-14953,false
14954,fixture-task-14954,false
14955,fixture-task-14955,true
14956,fixture-task-14956,false
14957,fixture-task-14957,false
14958,fixture-task-14958,true
14959,fixture-task-14959,false
14960,fixture-task-14960,false
14961,fixture-task-14961,true
14962,fixture-task-14962,false
14963,fixture-task-14963,false
14964,fixture-task-14964,true
14965,fixture-task-14965,false
14966,fixture-task-14966,false
14967,fixture-task-14967,true
14968,fixture-task-14968,false
14969,fixture-task-14969,false
14970,fixture-task-14970,true
14971,fixture-task-14971,false
14972,fixture-task-14972,false
14973,fixture-task-14973,true
14974,fixture-task-14974,false
14975,fixture-task-14975,false
14976,fixture-task-14976,true
14977,fixture-task-14977,false
14978,fixture-task-14978,false
14979,fixture-task-14979,true
14980,fixture-task-14980,false
14981,fixture-task-14981,false
14982,fixture-task-14982,true
14983,fixture-task-14983,false
14984,fixture-task-14984,false
14985,fixture-task-14985,true
14986,fixture-task-14986,false
14987,fixture-task-14987,false
14988,fixture-task-14988,true
14989,fixture-task-14989,false
14990,fixture-task-14990,false
14991,fixture-task-14991,true
14992,fixture-task-14992,false
14993,fixture-task-14993,false
14994,fixture-task-14994,true
14995,fixture-task-14995,false
14996,fixture-task-14996,false
14997,fixture-task-14997,true
14998,fixture-task-14998,false
14999,fixture-task-14999,false
15000,fixture-task-15000,true
15001,fixture-task-15001,false
15002,fixture-task-15002,false
15003,fixture-task-15003,true
15004,fixture-task-15004,false
15005,fixture-task-15005,false
15006,fixture-task-15006,true
15007,fixture-task-15007,false
15008,fixture-task-15008,false
15009,fixture-task-15009,true
15010,fixture-task-15010,false
15011,fixture-task-15011,false
15012,fixture-task-15012,true
15013,fixture-task-15013,false
15014,fixture-task-15014,false
15015,fixture-task-15015,true
15016,fixture-task-15016,false
15017,fixture-task-15017,false
15018,fixture-task-15018,true
15019,fixture-task-15019,false
15020,fixture-task-15020,false
15021,fixture-task-15021,true
15022,fixture-task-15022,false
15023,fixture-task-15023,false
15024,fixture-task-15024,true
15025,fixture-task-15025,false
15026,fixture-task-15026,false
15027,fixture-task-15027,true
15028,fixture-task-15028,false
15029,fixture-task-15029,false
15030,fixture-task-15030,true
15031,fixture-task-15031,false
15032,fixture-task-15032,false
15033,fixture-task-15033,true
15034,fixture-task-15034,false
15035,fixture-task-15035,false
15036,fixture-task-15036,true
15037,fixture-task-15037,false
15038,fixture-task-15038,false
15039,fixture-task-15039,true
15040,fixture-task-15040,false
15041,fixture-task-15041,false
15042,fixture-task-15042,true
15043,fixture-task-15043,false
15044,fixture-task-15044,false
15045,fixture-task-15045,true
15046,fixture-task-15046,false
15047,fixture-task-15047,false
15048,fixture-task-15048,true
15049,fixture-task-15049,false
15050,fixture-task-15050,false
15051,fixture-task-15051,true
15052,fixture-task-15052,false
15053,fixture-task-15053,false
15054,fixture-task-15054,true
15055,fixture-task-15055,false
15056,fixture-task-15056,false
15057,fixture-task-15057,true
15058,fixture-task-15058,false
15059,fixture-task-15059,false
15060,fixture-task-15060,true
15061,fixture-task-15061,false
15062,fixture-task-15062,false
15063,fixture-task-15063,true
15064,fixture-task-15064,false
15065,fixture-task-15065,false
15066,fixture-task-15066,true
15067,fixture-task-15067,false
15068,fixture-task-15068,false
15069,fixture-task-15069,true
15070,fixture-task-15070,false
15071,fixture-task-15071,false
15072,fixture-task-15072,true
15073,fixture-task-15073,false
15074,fixture-task-15074,false
15075,fixture-task-15075,true
15076,fixture-task-15076,false
15077,fixture-task-15077,false
15078,fixture-task-15078,true
15079,fixture-task-15079,false
15080,fixture-task-15080,false
15081,fixture-task-15081,true
15082,fixture-task-15082,false
15083,fixture-task-15083,false
15084,fixture-task-15084,true
15085,fixture-task-15085,false
15086,fixture-task-15086,false
15087,fixture-task-15087,true
15088,fixture-task-15088,false
15089,fixture-task-15089,false
15090,fixture-task-15090,true
15091,fixture-task-15091,false
15092,fixture-task-15092,false
15093,fixture-task-15093,true
15094,fixture-task-15094,false
15095,fixture-task-15095,false
15096,fixture-task-15096,true
15097,fixture-task-15097,false
15098,fixture-task-15098,false
15099,fixture-task-15099,true
15100,fixture-task-15100,false
15101,fixture-task-15101,false
15102,fixture-task-15102,true
15103,fixture-task-15103,false
15104,fixture-task-15104,false
15105,fixture-task-15105,true
15106,fixture-task-15106,false
15107,fixture-task-15107,false
15108,fixture-task-15108,true
15109,fixture-task-15109,false
15110,fixture-task-15110,false
15111,fixture-task-15111,true
15112,fixture-task-15112,false
15113,fixture-task-15113,false
15114,fixture-task-15114,true
15115,fixture-task-15115,false
15116,fixture-task-15116,false
15117,fixture-task-15117,true
15118,fixture-task-15118,false
15119,fixture-task-15119,false
15120,fixture-task-15120,true
15121,fixture-task-15121,false
15122,fixture-task-15122,false
15123,fixture-task-15123,true
15124,fixture-task-15124,false
15125,fixture-task-15125,false
15126,fixture-task-15126,true
15127,fixture-task-15127,false
15128,fixture-task-15128,false
15129,fixture-task-15129,true
15130,fixture-task-15130,false
15131,fixture-task-15131,false
15132,fixture-task-15132,true
15133,fixture-task-15133,false
15134,fixture-task-15134,false
15135,fixture-task-15135,true
15136,fixture-task-15136,false
15137,fixture-task-15137,false
15138,fixture-task-15138,true
15139,fixture-task-15139,false
15140,fixture-task-15140,false
15141,fixture-task-15141,true
15142,fixture-task-15142,false
15143,fixture-task-15143,false
15144,fixture-task-15144,true
15145,fixture-task-15145,false
15146,fixture-task-15146,false
15147,fixture-task-15147,true
15148,fixture-task-15148,false
15149,fixture-task-15149,false
15150,fixture-task-15150,true
15151,fixture-task-15151,false
15152,fixture-task-15152,false
15153,fixture-task-15153,true
15154,fixture-task-15154,false
15155,fixture-task-15155,false
15156,fixture-task-15156,true
15157,fixture-task-15157,false
15158,fixture-task-15158,false
15159,fixture-task-15159,true
15160,fixture-task-15160,false
15161,fixture-task-15161,false
15162,fixture-task-15162,true
15163,fixture-task-15163,false
15164,fixture-task-15164,false
15165,fixture-task-15165,true
15166,fixture-task-15166,false
15167,fixture-task-15167,false
15168,fixture-task-15168,true
15169,fixture-task-15169,false
15170,fixture-task-15170,false
15171,fixture-task-15171,true
15172,fixture-task-15172,false
15173,fixture-task-15173,false
15174,fixture-task-15174,true
15175,fixture-task-15175,false
15176,fixture-task-15176,false
15177,fixture-task-15177,true
15178,fixture-task-15178,false
15179,fixture-task-15179,false
15180,fixture-task-15180,true
15181,fixture-task-15181,false
15182,fixture-task-15182,false
15183,fixture-task-15183,true
15184,fixture-task-15184,false
15185,fixture-task-15185,false
15186,fixture-task-15186,true
15187,fixture-task-15187,false
15188,fixture-task-15188,false
15189,fixture-task-15189,true
15190,fixture-task-15190,false
15191,fixture-task-15191,false
15192,fixture-task-15192,true
15193,fixture-task-15193,false
15194,fixture-task-15194,false
15195,fixture-task-15195,true
15196,fixture-task-15196,false
15197,fixture-task-15197,false
15198,fixture-task-15198,true
15199,fixture-task-15199,false
15200,fixture-task-15200,false
15201,fixture-task-15201,true
15202,fixture-task-15202,false
15203,fixture-task-15203,false
15204,fixture-task-15204,true
15205,fixture-task-15205,false
15206,fixture-task-15206,false
15207,fixture-task-15207,true
15208,fixture-task-15208,false
15209,fixture-task-15209,false
15210,fixture-task-15210,true
15211,fixture-task-15211,false
15212,fixture-task-15212,false
15213,fixture-task-15213,true
15214,fixture-task-15214,false
15215,fixture-task-15215,false
15216,fixture-task-15216,true
15217,fixture-task-15217,false
15218,fixture-task-15218,false
15219,fixture-task-15219,true
15220,fixture-task-15220,false
15221,fixture-task-15221,false
15222,fixture-task-15222,true
15223,fixture-task-15223,false
15224,fixture-task-15224,false
15225,fixture-task-15225,true
15226,fixture-task-15226,false
15227,fixture-task-15227,false
15228,fixture-task-15228,true
15229,fixture-task-15229,false
15230,fixture-task-15230,false
15231,fixture-task-15231,true
15232,fixture-task-15232,false
15233,fixture-task-15233,false
15234,fixture-task-15234,true
15235,fixture-task-15235,false
15236,fixture-task-15236,false
15237,fixture-task-15237,true
15238,fixture-task-15238,false
15239,fixture-task-15239,false
15240,fixture-task-15240,true
15241,fixture-task-15241,false
15242,fixture-task-15242,false
15243,fixture-task-15243,true
15244,fixture-task-15244,false
15245,fixture-task-15245,false
15246,fixture-task-15246,true
15247,fixture-task-15247,false
15248,fixture-task-15248,false
15249,fixture-task-15249,true
15250,fixture-task-15250,false
15251,fixture-task-15251,false
15252,fixture-task-15252,true
15253,fixture-task-15253,false
15254,fixture-task-15254,false
15255,fixture-task-15255,true
15256,fixture-task-15256,false
15257,fixture-task-15257,false
15258,fixture-task-15258,true
15259,fixture-task-15259,false
15260,fixture-task-15260,false
15261,fixture-task-15261,true
15262,fixture-task-15262,false
15263,fixture-task-15263,false
15264,fixture-task-15264,true
15265,fixture-task-15265,false
15266,fixture-task-15266,false
15267,fixture-task-15267,true
15268,fixture-task-15268,false
15269,fixture-task-15269,false
15270,fixture-task-15270,true
15271,fixture-task-15271,false
15272,fixture-task-15272,false
15273,fixture-task-15273,true
15274,fixture-task-15274,false
15275,fixture-task-15275,false
15276,fixture-task-15276,true
15277,fixture-task-15277,false
15278,fixture-task-15278,false
15279,fixture-task-15279,true
15280,fixture-task-15280,false
15281,fixture-task-15281,false
15282,fixture-task-15282,true
15283,fixture-task-15283,false
15284,fixture-task-15284,false
15285,fixture-task-15285,true
15286,fixture-task-15286,false
15287,fixture-task-15287,false
15288,fixture-task-15288,true
15289,fixture-task-15289,false
15290,fixture-task-15290,false
15291,fixture-task-15291,true
15292,fixture-task-15292,false
15293,fixture-task-15293,false
15294,fixture-task-15294,true
15295,fixture-task-15295,false
15296,fixture-task-15296,false
15297,fixture-task-15297,true
15298,fixture-task-15298,false
15299,fixture-task-15299,false
15300,fixture-task-15300,true
15301,fixture-task-15301,false
15302,fixture-task-15302,false
15303,fixture-task-15303,true
15304,fixture-task-15304,false
15305,fixture-task-15305,false
15306,fixture-task-15306,true
15307,fixture-task-15307,false
15308,fixture-task-15308,false
15309,fixture-task-15309,true
15310,fixture-task-15310,false
15311,fixture-task-15311,false
15312,fixture-task-15312,true
15313,fixture-task-15313,false
15314,fixture-task-15314,false
15315,fixture-task-15315,true
15316,fixture-task-15316,false
15317,fixture-task-15317,false
15318,fixture-task-15318,true
15319,fixture-task-15319,false
15320,fixture-task-15320,false
15321,fixture-task-15321,true
15322,fixture-task-15322,false
15323,fixture-task-15323,false
15324,fixture-task-15324,true
15325,fixture-task-15325,false
15326,fixture-task-15326,false
15327,fixture-task-15327,true
15328,fixture-task-15328,false
15329,fixture-task-15329,false
15330,fixture-task-15330,true
15331,fixture-task-15331,false
15332,fixture-task-15332,false
15333,fixture-task-15333,true
15334,fixture-task-15334,false
15335,fixture-task-15335,false
15336,fixture-task-15336,true
15337,fixture-task-15337,false
15338,fixture-task-15338,false
15339,fixture-task-15339,true
15340,fixture-task-15340,false
15341,fixture-task-15341,false
15342,fixture-task-15342,true
15343,fixture-task-15343,false
15344,fixture-task-15344,false
15345,fixture-task-15345,true
15346,fixture-task-15346,false
15347,fixture-task-15347,false
15348,fixture-task-15348,true
15349,fixture-task-15349,false
15350,fixture-task-15350,false
15351,fixture-task-15351,true
15352,fixture-task-15352,false
15353,fixture-task-15353,false
15354,fixture-task-15354,true
15355,fixture-task-15355,false
15356,fixture-task-15356,false
15357,fixture-task-15357,true
15358,fixture-task-15358,false
15359,fixture-task-15359,false
15360,fixture-task-15360,true
15361,fixture-task-15361,false
15362,fixture-task-15362,false
15363,fixture-task-15363,true
15364,fixture-task-15364,false
15365,fixture-task-15365,false
15366,fixture-task-15366,true
15367,fixture-task-15367,false
15368,fixture-task-15368,false
15369,fixture-task-15369,true
15370,fixture-task-15370,false
15371,fixture-task-15371,false
15372,fixture-task-15372,true
15373,fixture-task-15373,false
15374,fixture-task-15374,false
15375,fixture-task-15375,true
15376,fixture-task-15376,false
15377,fixture-task-15377,false
15378,fixture-task-15378,true
15379,fixture-task-15379,false
15380,fixture-task-15380,false
15381,fixture-task-15381,true
15382,fixture-task-15382,false
15383,fixture-task-15383,false
15384,fixture-task-15384,true
15385,fixture-task-15385,false
15386,fixture-task-15386,false
15387,fixture-task-15387,true
15388,fixture-task-15388,false
15389,fixture-task-15389,false
15390,fixture-task-15390,true
15391,fixture-task-15391,false
15392,fixture-task-15392,false
15393,fixture-task-15393,true
15394,fixture-task-15394,false
15395,fixture-task-15395,false
15396,fixture-task-15396,true
15397,fixture-task-15397,false
15398,fixture-task-15398,false
15399,fixture-task-15399,true
15400,fixture-task-15400,false
15401,fixture-task-15401,false
15402,fixture-task-15402,true
15403,fixture-task-15403,false
15404,fixture-task-15404,false
15405,fixture-task-15405,true
15406,fixture-task-15406,false
15407,fixture-task-15407,false
15408,fixture-task-15408,true
15409,fixture-task-15409,false
15410,fixture-task-15410,false
15411,fixture-task-15411,true
15412,fixture-task-15412,false
15413,fixture-task-15413,false
15414,fixture-task-15414,true
15415,fixture-task-15415,false
15416,fixture-task-15416,false
15417,fixture-task-15417,true
15418,fixture-task-15418,false
15419,fixture-task-15419,false
15420,fixture-task-15420,true
15421,fixture-task-15421,false
15422,fixture-task-15422,false
15423,fixture-task-15423,true
15424,fixture-task-15424,false
15425,fixture-task-15425,false
15426,fixture-task-15426,true
15427,fixture-task-15427,false
15428,fixture-task-15428,false
15429,fixture-task-15429,true
15430,fixture-task-15430,false
15431,fixture-task-15431,false
15432,fixture-task-15432,true
15433,fixture-task-15433,false
15434,fixture-task-15434,false
15435,fixture-task-15435,true
15436,fixture-task-15436,false
15437,fixture-task-15437,false
15438,fixture-task-15438,true
15439,fixture-task-15439,false
15440,fixture-task-15440,false
15441,fixture-task-15441,true
15442,fixture-task-15442,false
15443,fixture-task-15443,false
15444,fixture-task-15444,true
15445,fixture-task-15445,false
15446,fixture-task-15446,false
15447,fixture-task-15447,true
15448,fixture-task-15448,false
15449,fixture-task-15449,false
15450,fixture-task-15450,true
15451,fixture-task-15451,false
15452,fixture-task-15452,false
15453,fixture-task-15453,true
15454,fixture-task-15454,false
15455,fixture-task-15455,false
15456,fixture-task-15456,true
15457,fixture-task-15457,false
15458,fixture-task-15458,false
15459,fixture-task-15459,true
15460,fixture-task-15460,false
15461,fixture-task-15461,false
15462,fixture-task-15462,true
15463,fixture-task-15463,false
15464,fixture-task-15464,false
15465,fixture-task-15465,true
15466,fixture-task-15466,false
15467,fixture-task-15467,false
15468,fixture-task-15468,true
15469,fixture-task-15469,false
15470,fixture-task-15470,false
15471,fixture-task-15471,true
15472,fixture-task-15472,false
15473,fixture-task-15473,false
15474,fixture-task-15474,true
15475,fixture-task-15475,false
15476,fixture-task-15476,false
15477,fixture-task-15477,true
15478,fixture-task-15478,false
15479,fixture-task-15479,false
15480,fixture-task-15480,true
15481,fixture-task-15481,false
15482,fixture-task-15482,false
15483,fixture-task-15483,true
15484,fixture-task-15484,false
15485,fixture-task-15485,false
15486,fixture-task-15486,true
15487,fixture-task-15487,false
15488,fixture-task-15488,false
15489,fixture-task-15489,true
15490,fixture-task-15490,false
15491,fixture-task-15491,false
15492,fixture-task-15492,true
15493,fixture-task-15493,false
15494,fixture-task-15494,false
15495,fixture-task-15495,true
15496,fixture-task-15496,false
15497,fixture-task-15497,false
15498,fixture-task-15498,true
15499,fixture-task-15499,false
15500,fixture-task-15500,false
15501,fixture-task-15501,true
15502,fixture-task-15502,false
15503,fixture-task-15503,false
15504,fixture-task-15504,true
15505,fixture-task-15505,false
15506,fixture-task-15506,false
15507,fixture-task-15507,true
15508,fixture-task-15508,false
15509,fixture-task-15509,false
15510,fixture-task-15510,true
15511,fixture-task-15511,false
15512,fixture-task-15512,false
15513,fixture-task-15513,true
15514,fixture-task-15514,false
15515,fixture-task-15515,false
15516,fixture-task-15516,true
15517,fixture-task-15517,false
15518,fixture-task-15518,false
15519,fixture-task-15519,true
15520,fixture-task-15520,false
15521,fixture-task-15521,false
15522,fixture-task-15522,true
15523,fixture-task-15523,false
15524,fixture-task-15524,false
15525,fixture-task-15525,true
15526,fixture-task-15526,false
15527,fixture-task-15527,false
15528,fixture-task-15528,true
15529,fixture-task-15529,false
15530,fixture-task-15530,false
15531,fixture-task-15531,true
15532,fixture-task-15532,false
15533,fixture-task-15533,false
15534,fixture-task-15534,true
15535,fixture-task-15535,false
15536,fixture-task-15536,false
15537,fixture-task-15537,true
15538,fixture-task-15538,false
15539,fixture-task-15539,false
15540,fixture-task-15540,true
15541,fixture-task-15541,false
15542,fixture-task-15542,false
15543,fixture-task-15543,true
15544,fixture-task-15544,false
15545,fixture-task-15545,false
15546,fixture-task-15546,true
15547,fixture-task-15547,false
15548,fixture-task-15548,false
15549,fixture-task-15549,true
15550,fixture-task-15550,false
15551,fixture-task-15551,false
15552,fixture-task-15552,true
15553,fixture-task-15553,false
15554,fixture-task-15554,false
15555,fixture-task-15555,true
15556,fixture-task-15556,false
15557,fixture-task-15557,false
15558,fixture-task-15558,true
15559,fixture-task-15559,false
15560,fixture-task-15560,false
15561,fixture-task-15561,true
15562,fixture-task-15562,false
15563,fixture-task-15563,false
15564,fixture-task-15564,true
15565,fixture-task-15565,false
15566,fixture-task-15566,false
15567,fixture-task-15567,true
15568,fixture-task-15568,false
15569,fixture-task-15569,false
15570,fixture-task-15570,true
15571,fixture-task-15571,false
15572,fixture-task-15572,false
15573,fixture-task-15573,true
15574,fixture-task-15574,false
15575,fixture-task-15575,false
15576,fixture-task-15576,true
15577,fixture-task-15577,false
15578,fixture-task-15578,false
15579,fixture-task-15579,true
15580,fixture-task-15580,false
15581,fixture-task-15581,false
15582,fixture-task-15582,true
15583,fixture-task-15583,false
15584,fixture-task-15584,false
15585,fixture-task-15585,true
15586,fixture-task-15586,false
15587,fixture-task-15587,false
15588,fixture-task-15588,true
15589,fixture-task-15589,false
15590,fixture-task-15590,false
15591,fixture-task-15591,true
15592,fixture-task-15592,false
15593,fixture-task-15593,false
15594,fixture-task-15594,true
15595,fixture-task-15595,false
15596,fixture-task-15596,false
15597,fixture-task-15597,true
15598,fixture-task-15598,false
15599,fixture-task-15599,false
15600,fixture-task-15600,true
15601,fixture-task-15601,false
15602,fixture-task-15602,false
15603,fixture-task-15603,true
15604,fixture-task-15604,false
15605,fixture-task-15605,false
15606,fixture-task-15606,true
15607,fixture-task-15607,false
15608,fixture-task-15608,false
15609,fixture-task-15609,true
15610,fixture-task-15610,false
15611,fixture-task-15611,false
15612,fixture-task-15612,true
15613,fixture-task-15613,false
15614,fixture-task-15614,false
15615,fixture-task-15615,true
15616,fixture-task-15616,false
15617,fixture-task-15617,false
15618,fixture-task-15618,true
15619,fixture-task-15619,false
15620,fixture-task-15620,false
15621,fixture-task-15621,true
15622,fixture-task-15622,false
15623,fixture-task-15623,false
15624,fixture-task-15624,true
15625,fixture-task-15625,false
15626,fixture-task-15626,false
15627,fixture-task-15627,true
15628,fixture-task-15628,false
15629,fixture-task-15629,false
15630,fixture-task-15630,true
15631,fixture-task-15631,false
15632,fixture-task-15632,false
15633,fixture-task-15633,true
15634,fixture-task-15634,false
15635,fixture-task-15635,false
15636,fixture-task-15636,true
15637,fixture-task-15637,false
15638,fixture-task-15638,false
15639,fixture-task-15639,true
15640,fixture-task-15640,false
15641,fixture-task-15641,false
15642,fixture-task-15642,true
15643,fixture-task-15643,false
15644,fixture-task-15644,false
15645,fixture-task-15645,true
15646,fixture-task-15646,false
15647,fixture-task-15647,false
15648,fixture-task-15648,true
15649,fixture-task-15649,false
15650,fixture-task-15650,false
15651,fixture-task-15651,true
15652,fixture-task-15652,false
15653,fixture-task-15653,false
15654,fixture-task-15654,true
15655,fixture-task-15655,false
15656,fixture-task-15656,false
15657,fixture-task-15657,true
15658,fixture-task-15658,false
15659,fixture-task-15659,false
15660,fixture-task-15660,true
15661,fixture-task-15661,false
15662,fixture-task-15662,false
15663,fixture-task-15663,true
15664,fixture-task-15664,false
15665,fixture-task-15665,false
15666,fixture-task-15666,true
15667,fixture-task-15667,false
15668,fixture-task-15668,false
15669,fixture-task-15669,true
15670,fixture-task-15670,false
15671,fixture-task-15671,false
15672,fixture-task-15672,true
15673,fixture-task-15673,false
15674,fixture-task-15674,false
15675,fixture-task-15675,true
15676,fixture-task-15676,false
15677,fixture-task-15677,false
15678,fixture-task-15678,true
15679,fixture-task-15679,false
15680,fixture-task-15680,false
15681,fixture-task-15681,true
15682,fixture-task-15682,false
15683,fixture-task-15683,false
15684,fixture-task-15684,true
15685,fixture-task-15685,false
15686,fixture-task-15686,false
15687,fixture-task-15687,true
15688,fixture-task-15688,false
15689,fixture-task-15689,false
15690,fixture-task-15690,true
15691,fixture-task-15691,false
15692,fixture-task-15692,false
15693,fixture-task-15693,true
15694,fixture-task-15694,false
15695,fixture-task-15695,false
15696,fixture-task-15696,true
15697,fixture-task-15697,false
15698,fixture-task-15698,false
15699,fixture-task-15699,true
15700,fixture-task-15700,false
15701,fixture-task-15701,false
15702,fixture-task-15702,true
15703,fixture-task-15703,false
15704,fixture-task-15704,false
15705,fixture-task-15705,true
15706,fixture-task-15706,false
15707,fixture-task-15707,false
15708,fixture-task-15708,true
15709,fixture-task-15709,false
15710,fixture-task-15710,false
15711,fixture-task-15711,true
15712,fixture-task-15712,false
15713,fixture-task-15713,false
15714,fixture-task-15714,true
15715,fixture-task-15715,false
15716,fixture-task-15716,false
15717,fixture-task-15717,true
15718,fixture-task-15718,false
15719,fixture-task-15719,false
15720,fixture-task-15720,true
15721,fixture-task-15721,false
15722,fixture-task-15722,false
15723,fixture-task-15723,true
15724,fixture-task-15724,false
15725,fixture-task-15725,false
15726,fixture-task-15726,true
15727,fixture-task-15727,false
15728,fixture-task-15728,false
15729,fixture-task-15729,true
15730,fixture-task-15730,false
15731,fixture-task-15731,false
15732,fixture-task-15732,true
15733,fixture-task-15733,false
15734,fixture-task-15734,false
15735,fixture-task-15735,true
15736,fixture-task-15736,false
15737,fixture-task-15737,false
15738,fixture-task-15738,true
15739,fixture-task-15739,false
15740,fixture-task-15740,false
15741,fixture-task-15741,true
15742,fixture-task-15742,false
15743,fixture-task-15743,false
15744,fixture-task-15744,true
15745,fixture-task-15745,false
15746,fixture-task-15746,false
15747,fixture-task-15747,true
15748,fixture-task-15748,false
15749,fixture-task-15749,false
15750,fixture-task-15750,true
15751,fixture-task-15751,false
15752,fixture-task-15752,false
15753,fixture-task-15753,true
15754,fixture-task-15754,false
15755,fixture-task-15755,false
15756,fixture-task-15756,true
15757,fixture-task-15757,false
15758,fixture-task-15758,false
15759,fixture-task-15759,true
15760,fixture-task-15760,false
15761,fixture-task-15761,false
15762,fixture-task-15762,true
15763,fixture-task-15763,false
15764,fixture-task-15764,false
15765,fixture-task-15765,true
15766,fixture-task-15766,false
15767,fixture-task-15767,false
15768,fixture-task-15768,true
15769,fixture-task-15769,false
15770,fixture-task-15770,false
15771,fixture-task-15771,true
15772,fixture-task-15772,false
15773,fixture-task-15773,false
15774,fixture-task-15774,true
15775,fixture-task-15775,false
15776,fixture-task-15776,false
15777,fixture-task-15777,true
15778,fixture-task-15778,false
15779,fixture-task-15779,false
15780,fixture-task-15780,true
15781,fixture-task-15781,false
15782,fixture-task-15782,false
15783,fixture-task-15783,true
15784,fixture-task-15784,false
15785,fixture-task-15785,false
15786,fixture-task-15786,true
15787,fixture-task-15787,false
15788,fixture-task-15788,false
15789,fixture-task-15789,true
15790,fixture-task-15790,false
15791,fixture-task-15791,false
15792,fixture-task-15792,true
15793,fixture-task-15793,false
15794,fixture-task-15794,false
15795,fixture-task-15795,true
15796,fixture-task-15796,false
15797,fixture-task-15797,false
15798,fixture-task-15798,true
15799,fixture-task-15799,false
15800,fixture-task-15800,false
15801,fixture-task-15801,true
15802,fixture-task-15802,false
15803,fixture-task-15803,false
15804,fixture-task-15804,true
15805,fixture-task-15805,false
15806,fixture-task-15806,false
15807,fixture-task-15807,true
15808,fixture-task-15808,false
15809,fixture-task-15809,false
15810,fixture-task-15810,true
15811,fixture-task-15811,false
15812,fixture-task-15812,false
15813,fixture-task-15813,true
15814,fixture-task-15814,false
15815,fixture-task-15815,false
15816,fixture-task-15816,true
15817,fixture-task-15817,false
15818,fixture-task-15818,false
15819,fixture-task-15819,true
15820,fixture-task-15820,false
15821,fixture-task-15821,false
15822,fixture-task-15822,true
15823,fixture-task-15823,false
15824,fixture-task-15824,false
15825,fixture-task-15825,true
15826,fixture-task-15826,false
15827,fixture-task-15827,false
15828,fixture-task-15828,true
15829,fixture-task-15829,false
15830,fixture-task-15830,false
15831,fixture-task-15831,true
15832,fixture-task-15832,false
15833,fixture-task-15833,false
15834,fixture-task-15834,true
15835,fixture-task-15835,false
15836,fixture-task-15836,false
15837,fixture-task-15837,true
15838,fixture-task-15838,false
15839,fixture-task-15839,false
15840,fixture-task-15840,true
15841,fixture-task-15841,false
15842,fixture-task-15842,false
15843,fixture-task-15843,true
15844,fixture-task-15844,false
15845,fixture-task-15845,false
15846,fixture-task-15846,true
15847,fixture-task-15847,false
15848,fixture-task-15848,false
15849,fixture-task-15849,true
15850,fixture-task-15850,false
15851,fixture-task-15851,false
15852,fixture-task-15852,true
15853,fixture-task-15853,false
15854,fixture-task-15854,false
15855,fixture-task-15855,true
15856,fixture-task-15856,false
15857,fixture-task-15857,false
15858,fixture-task-15858,true
15859,fixture-task-15859,false
15860,fixture-task-15860,false
15861,fixture-task-15861,true
15862,fixture-task-15862,false
15863,fixture-task-15863,false
15864,fixture-task-15864,true
15865,fixture-task-15865,false
15866,fixture-task-15866,false
15867,fixture-task-15867,true
15868,fixture-task-15868,false
15869,fixture-task-15869,false
15870,fixture-task-15870,true
15871,fixture-task-15871,false
15872,fixture-task-15872,false
15873,fixture-task-15873,true
15874,fixture-task-15874,false
15875,fixture-task-15875,false
15876,fixture-task-15876,true
15877,fixture-task-15877,false
15878,fixture-task-15878,false
15879,fixture-task-15879,true
15880,fixture-task-15880,false
15881,fixture-task-15881,false
15882,fixture-task-15882,true
15883,fixture-task-15883,false
15884,fixture-task-15884,false
15885,fixture-task-15885,true
15886,fixture-task-15886,false
15887,fixture-task-15887,false
15888,fixture-task-15888,true
15889,fixture-task-15889,false
15890,fixture-task-15890,false
15891,fixture-task-15891,true
15892,fixture-task-15892,false
15893,fixture-task-15893,false
15894,fixture-task-15894,true
15895,fixture-task-15895,false
15896,fixture-task-15896,false
15897,fixture-task-15897,true
15898,fixture-task-15898,false
15899,fixture-task-15899,false
15900,fixture-task-15900,true
15901,fixture-task-15901,false
15902,fixture-task-15902,false
15903,fixture-task-15903,true
15904,fixture-task-15904,false
15905,fixture-task-15905,false
15906,fixture-task-15906,true
15907,fixture-task-15907,false
15908,fixture-task-15908,false
15909,fixture-task-15909,true
15910,fixture-task-15910,false
15911,fixture-task-15911,false
15912,fixture-task-15912,true
15913,fixture-task-15913,false
15914,fixture-task-15914,false
15915,fixture-task-15915,true
15916,fixture-task-15916,false
15917,fixture-task-15917,false
15918,fixture-task-15918,true
15919,fixture-task-15919,false
15920,fixture-task-15920,false
15921,fixture-task-15921,true
15922,fixture-task-15922,false
15923,fixture-task-15923,false
15924,fixture-task-15924,true
15925,fixture-task-15925,false
15926,fixture-task-15926,false
15927,fixture-task-15927,true
15928,fixture-task-15928,false
15929,fixture-task-15929,false
15930,fixture-task-15930,true
15931,fixture-task-15931,false
15932,fixture-task-15932,false
15933,fixture-task-15933,true
15934,fixture-task-15934,false
15935,fixture-task-15935,false
15936,fixture-task-15936,true
15937,fixture-task-15937,false
15938,fixture-task-15938,false
15939,fixture-task-15939,true
15940,fixture-task-15940,false
15941,fixture-task-15941,false
15942,fixture-task-15942,true
15943,fixture-task-15943,false
15944,fixture-task-15944,false
15945,fixture-task-15945,true
15946,fixture-task-15946,false
15947,fixture-task-15947,false
15948,fixture-task-15948,true
15949,fixture-task-15949,false
15950,fixture-task-15950,false
15951,fixture-task-15951,true
15952,fixture-task-15952,false
15953,fixture-task-15953,false
15954,fixture-task-15954,true
15955,fixture-task-15955,false
15956,fixture-task-15956,false
15957,fixture-task-15957,true
15958,fixture-task-15958,false
15959,fixture-task-15959,false
15960,fixture-task-15960,true
15961,fixture-task-15961,false
15962,fixture-task-15962,false
15963,fixture-task-15963,true
15964,fixture-task-15964,false
15965,fixture-task-15965,false
15966,fixture-task-15966,true
15967,fixture-task-15967,false
15968,fixture-task-15968,false
15969,fixture-task-15969,true
15970,fixture-task-15970,false
15971,fixture-task-15971,false
15972,fixture-task-15972,true
15973,fixture-task-15973,false
15974,fixture-task-15974,false
15975,fixture-task-15975,true
15976,fixture-task-15976,false
15977,fixture-task-15977,false
15978,fixture-task-15978,true
15979,fixture-task-15979,false
15980,fixture-task-15980,false
15981,fixture-task-15981,true
15982,fixture-task-15982,false
15983,fixture-task-15983,false
15984,fixture-task-15984,true
15985,fixture-task-15985,false
15986,fixture-task-15986,false
15987,fixture-task-15987,true
15988,fixture-task-15988,false
15989,fixture-task-15989,false
15990,fixture-task-15990,true
15991,fixture-task-15991,false
15992,fixture-task-15992,false
15993,fixture-task-15993,true
15994,fixture-task-15994,false
15995,fixture-task-15995,false
15996,fixture-task-15996,true
15997,fixture-task-15997,false
15998,fixture-task-15998,false
15999,fixture-task-15999,true
16000,fixture-task-16000,false
16001,fixture-task-16001,false
16002,fixture-task-16002,true
16003,fixture-task-16003,false
16004,fixture-task-16004,false
16005,fixture-task-16005,true
16006,fixture-task-16006,false
16007,fixture-task-16007,false
16008,fixture-task-16008,true
16009,fixture-task-16009,false
16010,fixture-task-16010,false
16011,fixture-task-16011,true
16012,fixture-task-16012,false
16013,fixture-task-16013,false
16014,fixture-task-16014,true
16015,fixture-task-16015,false
16016,fixture-task-16016,false
16017,fixture-task-16017,true
16018,fixture-task-16018,false
16019,fixture-task-16019,false
16020,fixture-task-16020,true
16021,fixture-task-16021,false
16022,fixture-task-16022,false
16023,fixture-task-16023,true
16024,fixture-task-16024,false
16025,fixture-task-16025,false
16026,fixture-task-16026,true
16027,fixture-task-16027,false
16028,fixture-task-16028,false
16029,fixture-task-16029,true
16030,fixture-task-16030,false
16031,fixture-task-16031,false
16032,fixture-task-16032,true
16033,fixture-task-16033,false
16034,fixture-task-16034,false
16035,fixture-task-16035,true
16036,fixture-task-16036,false
16037,fixture-task-16037,false
16038,fixture-task-16038,true
16039,fixture-task-16039,false
16040,fixture-task-16040,false
16041,fixture-task-16041,true
16042,fixture-task-16042,false
16043,fixture-task-16043,false
16044,fixture-task-16044,true
16045,fixture-task-16045,false
16046,fixture-task-16046,false
16047,fixture-task-16047,true
16048,fixture-task-16048,false
16049,fixture-task-16049,false
16050,fixture-task-16050,true
16051,fixture-task-16051,false
16052,fixture-task-16052,false
16053,fixture-task-16053,true
16054,fixture-task-16054,false
16055,fixture-task-16055,false
16056,fixture-task-16056,true
16057,fixture-task-16057,false
16058,fixture-task-16058,false
16059,fixture-task-16059,true
16060,fixture-task-16060,false
16061,fixture-task-16061,false
16062,fixture-task-16062,true
16063,fixture-task-16063,false
16064,fixture-task-16064,false
16065,fixture-task-16065,true
16066,fixture-task-16066,false
16067,fixture-task-16067,false
16068,fixture-task-16068,true
16069,fixture-task-16069,false
16070,fixture-task-16070,false
16071,fixture-task-16071,true
16072,fixture-task-16072,false
16073,fixture-task-16073,false
16074,fixture-task-16074,true
16075,fixture-task-16075,false
16076,fixture-task-16076,false
16077,fixture-task-16077,true
16078,fixture-task-16078,false
16079,fixture-task-16079,false
16080,fixture-task-16080,true
16081,fixture-task-16081,false
16082,fixture-task-16082,false
16083,fixture-task-16083,true
16084,fixture-task-16084,false
16085,fixture-task-16085,false
16086,fixture-task-16086,true
16087,fixture-task-16087,false
16088,fixture-task-16088,false
16089,fixture-task-16089,true
16090,fixture-task-16090,false
16091,fixture-task-16091,false
16092,fixture-task-16092,true
16093,fixture-task-16093,false
16094,fixture-task-16094,false
16095,fixture-task-16095,true
16096,fixture-task-16096,false
16097,fixture-task-16097,false
16098,fixture-task-16098,true
16099,fixture-task-16099,false
16100,fixture-task-16100,false
16101,fixture-task-16101,true
16102,fixture-task-16102,false
16103,fixture-task-16103,false
16104,fixture-task-16104,true
16105,fixture-task-16105,false
16106,fixture-task-16106,false
16107,fixture-task-16107,true
16108,fixture-task-16108,false
16109,fixture-task-16109,false
16110,fixture-task-16110,true
16111,fixture-task-16111,false
16112,fixture-task-16112,false
16113,fixture-task-16113,true
16114,fixture-task-16114,false
16115,fixture-task-16115,false
16116,fixture-task-16116,true
16117,fixture-task-16117,false
16118,fixture-task-16118,false
16119,fixture-task-16119,true
16120,fixture-task-16120,false
16121,fixture-task-16121,false
16122,fixture-task-16122,true
16123,fixture-task-16123,false
16124,fixture-task-16124,false
16125,fixture-task-16125,true
16126,fixture-task-16126,false
16127,fixture-task-16127,false
16128,fixture-task-16128,true
16129,fixture-task-16129,false
16130,fixture-task-16130,false
16131,fixture-task-16131,true
16132,fixture-task-16132,false
16133,fixture-task-16133,false
16134,fixture-task-16134,true
16135,fixture-task-16135,false
16136,fixture-task-16136,false
16137,fixture-task-16137,true
16138,fixture-task-16138,false
16139,fixture-task-16139,false
16140,fixture-task-16140,true
16141,fixture-task-16141,false
16142,fixture-task-16142,false
16143,fixture-task-16143,true
16144,fixture-task-16144,false
16145,fixture-task-16145,false
16146,fixture-task-16146,true
16147,fixture-task-16147,false
16148,fixture-task-16148,false
16149,fixture-task-16149,true
16150,fixture-task-16150,false
16151,fixture-task-16151,false
16152,fixture-task-16152,true
16153,fixture-task-16153,false
16154,fixture-task-16154,false
16155,fixture-task-16155,true
16156,fixture-task-16156,false
16157,fixture-task-16157,false
16158,fixture-task-16158,true
16159,fixture-task-16159,false
16160,fixture-task-16160,false
16161,fixture-task-16161,true
16162,fixture-task-16162,false
16163,fixture-task-16163,false
16164,fixture-task-16164,true
16165,fixture-task-16165,false
16166,fixture-task-16166,false
16167,fixture-task-16167,true
16168,fixture-task-16168,false
16169,fixture-task-16169,false
16170,fixture-task-16170,true
16171,fixture-task-16171,false
16172,fixture-task-16172,false
16173,fixture-task-16173,true
16174,fixture-task-16174,false
16175,fixture-task-16175,false
16176,fixture-task-16176,true
16177,fixture-task-16177,false
16178,fixture-task-16178,false
16179,fixture-task-16179,true
16180,fixture-task-16180,false
16181,fixture-task-16181,false
16182,fixture-task-16182,true
16183,fixture-task-16183,false
16184,fixture-task-16184,false
16185,fixture-task-16185,true
16186,fixture-task-16186,false
16187,fixture-task-16187,false
16188,fixture-task-16188,true
16189,fixture-task-16189,false
16190,fixture-task-16190,false
16191,fixture-task-16191,true
16192,fixture-task-16192,false
16193,fixture-task-16193,false
16194,fixture-task-16194,true
16195,fixture-task-16195,false
16196,fixture-task-16196,false
16197,fixture-task-16197,true
16198,fixture-task-16198,false
16199,fixture-task-16199,false
16200,fixture-task-16200,true
16201,fixture-task-16201,false
16202,fixture-task-16202,false
16203,fixture-task-16203,true
16204,fixture-task-16204,false
16205,fixture-task-16205,false
16206,fixture-task-16206,true
16207,fixture-task-16207,false
16208,fixture-task-16208,false
16209,fixture-task-16209,true
16210,fixture-task-16210,false
16211,fixture-task-16211,false
16212,fixture-task-16212,true
16213,fixture-task-16213,false
16214,fixture-task-16214,false
16215,fixture-task-16215,true
16216,fixture-task-16216,false
16217,fixture-task-16217,false
16218,fixture-task-16218,true
16219,fixture-task-16219,false
16220,fixture-task-16220,false
16221,fixture-task-16221,true
16222,fixture-task-16222,false
16223,fixture-task-16223,false
16224,fixture-task-16224,true
16225,fixture-task-16225,false
16226,fixture-task-16226,false
16227,fixture-task-16227,true
16228,fixture-task-16228,false
16229,fixture-task-16229,false
16230,fixture-task-16230,true
16231,fixture-task-16231,false
16232,fixture-task-16232,false
16233,fixture-task-16233,true
16234,fixture-task-16234,false
16235,fixture-task-16235,false
16236,fixture-task-16236,true
16237,fixture-task-16237,false
16238,fixture-task-16238,false
16239,fixture-task-16239,true
16240,fixture-task-16240,false
16241,fixture-task-16241,false
16242,fixture-task-16242,true
16243,fixture-task-16243,false
16244,fixture-task-16244,false
16245,fixture-task-16245,true
16246,fixture-task-16246,false
16247,fixture-task-16247,false
16248,fixture-task-16248,true
16249,fixture-task-16249,false
16250,fixture-task-16250,false
16251,fixture-task-16251,true
16252,fixture-task-16252,false
16253,fixture-task-16253,false
16254,fixture-task-16254,true
16255,fixture-task-16255,false
16256,fixture-task-16256,false
16257,fixture-task-16257,true
16258,fixture-task-16258,false
16259,fixture-task-16259,false
16260,fixture-task-16260,true
16261,fixture-task-16261,false
16262,fixture-task-16262,false
16263,fixture-task-16263,true
16264,fixture-task-16264,false
16265,fixture-task-16265,false
16266,fixture-task-16266,true
16267,fixture-task-16267,false
16268,fixture-task-16268,false
16269,fixture-task-16269,true
16270,fixture-task-16270,false
16271,fixture-task-16271,false
16272,fixture-task-16272,true
16273,fixture-task-16273,false
16274,fixture-task-16274,false
16275,fixture-task-16275,true
16276,fixture-task-16276,false
16277,fixture-task-16277,false
16278,fixture-task-16278,true
16279,fixture-task-16279,false
16280,fixture-task-16280,false
16281,fixture-task-16281,true
16282,fixture-task-16282,false
16283,fixture-task-16283,false
16284,fixture-task-16284,true
16285,fixture-task-16285,false
16286,fixture-task-16286,false
16287,fixture-task-16287,true
16288,fixture-task-16288,false
16289,fixture-task-16289,false
16290,fixture-task-16290,true
16291,fixture-task-16291,false
16292,fixture-task-16292,false
16293,fixture-task-16293,true
16294,fixture-task-16294,false
16295,fixture-task-16295,false
16296,fixture-task-16296,true
16297,fixture-task-16297,false
16298,fixture-task-16298,false
16299,fixture-task-16299,true
16300,fixture-task-16300,false
16301,fixture-task-16301,false
16302,fixture-task-16302,true
16303,fixture-task-16303,false
16304,fixture-task-16304,false
16305,fixture-task-16305,true
16306,fixture-task-16306,false
16307,fixture-task-16307,false
16308,fixture-task-16308,true
16309,fixture-task-16309,false
16310,fixture-task-16310,false
16311,fixture-task-16311,true
16312,fixture-task-16312,false
16313,fixture-task-16313,false
16314,fixture-task-16314,true
16315,fixture-task-16315,false
16316,fixture-task-16316,false
16317,fixture-task-16317,true
16318,fixture-task-16318,false
16319,fixture-task-16319,false
16320,fixture-task-16320,true
16321,fixture-task-16321,false
16322,fixture-task-16322,false
16323,fixture-task-16323,true
16324,fixture-task-16324,false
16325,fixture-task-16325,false
16326,fixture-task-16326,true
16327,fixture-task-16327,false
16328,fixture-task-16328,false
16329,fixture-task-16329,true
16330,fixture-task-16330,false
16331,fixture-task-16331,false
16332,fixture-task-16332,true
16333,fixture-task-16333,false
16334,fixture-task-16334,false
16335,fixture-task-16335,true
16336,fixture-task-16336,false
16337,fixture-task-16337,false
16338,fixture-task-16338,true
16339,fixture-task-16339,false
16340,fixture-task-16340,false
16341,fixture-task-16341,true
16342,fixture-task-16342,false
16343,fixture-task-16343,false
16344,fixture-task-16344,true
16345,fixture-task-16345,false
16346,fixture-task-16346,false
16347,fixture-task-16347,true
16348,fixture-task-16348,false
16349,fixture-task-16349,false
16350,fixture-task-16350,true
16351,fixture-task-16351,false
16352,fixture-task-16352,false
16353,fixture-task-16353,true
16354,fixture-task-16354,false
16355,fixture-task-16355,false
16356,fixture-task-16356,true
16357,fixture-task-16357,false
16358,fixture-task-16358,false
16359,fixture-task-16359,true
16360,fixture-task-16360,false
16361,fixture-task-16361,false
16362,fixture-task-16362,true
16363,fixture-task-16363,false
16364,fixture-task-16364,false
16365,fixture-task-16365,true
16366,fixture-task-16366,false
16367,fixture-task-16367,false
16368,fixture-task-16368,true
16369,fixture-task-16369,false
16370,fixture-task-16370,false
16371,fixture-task-16371,true
16372,fixture-task-16372,false
16373,fixture-task-16373,false
16374,fixture-task-16374,true
16375,fixture-task-16375,false
16376,fixture-task-16376,false
16377,fixture-task-16377,true
16378,fixture-task-16378,false
16379,fixture-task-16379,false
16380,fixture-task-16380,true
16381,fixture-task-16381,false
16382,fixture-task-16382,false
16383,fixture-task-16383,true
16384,fixture-task-16384,false
16385,fixture-task-16385,false
16386,fixture-task-16386,true
16387,fixture-task-16387,false
16388,fixture-task-16388,false
16389,fixture-task-16389,true
16390,fixture-task-16390,false
16391,fixture-task-16391,false
16392,fixture-task-16392,true
16393,fixture-task-16393,false
16394,fixture-task-16394,false
16395,fixture-task-16395,true
16396,fixture-task-16396,false
16397,fixture-task-16397,false
16398,fixture-task-16398,true
16399,fixture-task-16399,false
16400,fixture-task-16400,false
16401,fixture-task-16401,true
16402,fixture-task-16402,false
16403,fixture-task-16403,false
16404,fixture-task-16404,true
16405,fixture-task-16405,false
16406,fixture-task-16406,false
16407,fixture-task-16407,true
16408,fixture-task-16408,false
16409,fixture-task-16409,false
16410,fixture-task-16410,true
16411,fixture-task-16411,false
16412,fixture-task-16412,false
16413,fixture-task-16413,true
16414,fixture-task-16414,false
16415,fixture-task-16415,false
16416,fixture-task-16416,true
16417,fixture-task-16417,false
16418,fixture-task-16418,false
16419,fixture-task-16419,true
16420,fixture-task-16420,false
16421,fixture-task-16421,false
16422,fixture-task-16422,true
16423,fixture-task-16423,false
16424,fixture-task-16424,false
16425,fixture-task-16425,true
16426,fixture-task-16426,false
16427,fixture-task-16427,false
16428,fixture-task-16428,true
16429,fixture-task-16429,false
16430,fixture-task-16430,false
16431,fixture-task-16431,true
16432,fixture-task-16432,false
16433,fixture-task-16433,false
16434,fixture-task-16434,true
16435,fixture-task-16435,false
16436,fixture-task-16436,false
16437,fixture-task-16437,true
16438,fixture-task-16438,false
16439,fixture-task-16439,false
16440,fixture-task-16440,true
16441,fixture-task-16441,false
16442,fixture-task-16442,false
16443,fixture-task-16443,true
16444,fixture-task-16444,false
16445,fixture-task-16445,false
16446,fixture-task-16446,true
16447,fixture-task-16447,false
16448,fixture-task-16448,false
16449,fixture-task-16449,true
16450,fixture-task-16450,false
16451,fixture-task-16451,false
16452,fixture-task-16452,true
16453,fixture-task-16453,false
16454,fixture-task-16454,false
16455,fixture-task-16455,true
16456,fixture-task-16456,false
16457,fixture-task-16457,false
16458,fixture-task-16458,true
16459,fixture-task-16459,false
16460,fixture-task-16460,false
16461,fixture-task-16461,true
16462,fixture-task-16462,false
16463,fixture-task-16463,false
16464,fixture-task-16464,true
16465,fixture-task-16465,false
16466,fixture-task-16466,false
16467,fixture-task-16467,true
16468,fixture-task-16468,false
16469,fixture-task-16469,false
16470,fixture-task-16470,true
16471,fixture-task-16471,false
16472,fixture-task-16472,false
16473,fixture-task-16473,true
16474,fixture-task-16474,false
16475,fixture-task-16475,false
16476,fixture-task-16476,true
16477,fixture-task-16477,false
16478,fixture-task-16478,false
16479,fixture-task-16479,true
16480,fixture-task-16480,false
16481,fixture-task-16481,false
16482,fixture-task-16482,true
16483,fixture-task-16483,false
16484,fixture-task-16484,false
16485,fixture-task-16485,true
16486,fixture-task-16486,false
16487,fixture-task-16487,false
16488,fixture-task-16488,true
16489,fixture-task-16489,false
16490,fixture-task-16490,false
16491,fixture-task-16491,true
16492,fixture-task-16492,false
16493,fixture-task-16493,false
16494,fixture-task-16494,true
16495,fixture-task-16495,false
16496,fixture-task-16496,false
16497,fixture-task-16497,true
16498,fixture-task-16498,false
16499,fixture-task-16499,false
16500,fixture-task-16500,true
16501,fixture-task-16501,false
16502,fixture-task-16502,false
16503,fixture-task-16503,true
16504,fixture-task-16504,false
16505,fixture-task-16505,false
16506,fixture-task-16506,true
16507,fixture-task-16507,false
16508,fixture-task-16508,false
16509,fixture-task-16509,true
16510,fixture-task-16510,false
16511,fixture-task-16511,false
16512,fixture-task-16512,true
16513,fixture-task-16513,false
16514,fixture-task-16514,false
16515,fixture-task-16515,true
16516,fixture-task-16516,false
16517,fixture-task-16517,false
16518,fixture-task-16518,true
16519,fixture-task-16519,false
16520,fixture-task-16520,false
16521,fixture-task-16521,true
16522,fixture-task-16522,false
16523,fixture-task-16523,false
16524,fixture-task-16524,true
16525,fixture-task-16525,false
16526,fixture-task-16526,false
16527,fixture-task-16527,true
16528,fixture-task-16528,false
16529,fixture-task-16529,false
16530,fixture-task-16530,true
16531,fixture-task-16531,false
16532,fixture-task-16532,false
16533,fixture-task-16533,true
16534,fixture-task-16534,false
16535,fixture-task-16535,false
16536,fixture-task-16536,true
16537,fixture-task-16537,false
16538,fixture-task-16538,false
16539,fixture-task-16539,true
16540,fixture-task-16540,false
16541,fixture-task-16541,false
16542,fixture-task-16542,true
16543,fixture-task-16543,false
16544,fixture-task-16544,false
16545,fixture-task-16545,true
16546,fixture-task-16546,false
16547,fixture-task-16547,false
16548,fixture-task-16548,true
16549,fixture-task-16549,false
16550,fixture-task-16550,false
16551,fixture-task-16551,true
16552,fixture-task-16552,false
16553,fixture-task-16553,false
16554,fixture-task-16554,true
16555,fixture-task-16555,false
16556,fixture-task-16556,false
16557,fixture-task-16557,true
16558,fixture-task-16558,false
16559,fixture-task-16559,false
16560,fixture-task-16560,true
16561,fixture-task-16561,false
16562,fixture-task-16562,false
16563,fixture-task-16563,true
16564,fixture-task-16564,false
16565,fixture-task-16565,false
16566,fixture-task-16566,true
16567,fixture-task-16567,false
16568,fixture-task-16568,false
16569,fixture-task-16569,true
16570,fixture-task-16570,false
16571,fixture-task-16571,false
16572,fixture-task-16572,true
16573,fixture-task-16573,false
16574,fixture-task-16574,false
16575,fixture-task-16575,true
16576,fixture-task-16576,false
16577,fixture-task-16577,false
16578,fixture-task-16578,true
16579,fixture-task-16579,false
16580,fixture-task-16580,false
16581,fixture-task-16581,true
16582,fixture-task-16582,false
16583,fixture-task-16583,false
16584,fixture-task-16584,true
16585,fixture-task-16585,false
16586,fixture-task-16586,false
16587,fixture-task-16587,true
16588,fixture-task-16588,false
16589,fixture-task-16589,false
16590,fixture-task-16590,true
16591,fixture-task-16591,false
16592,fixture-task-16592,false
16593,fixture-task-16593,true
16594,fixture-task-16594,false
16595,fixture-task-16595,false
16596,fixture-task-16596,true
16597,fixture-task-16597,false
16598,fixture-task-16598,false
16599,fixture-task-16599,true
16600,fixture-task-16600,false
16601,fixture-task-16601,false
16602,fixture-task-16602,true
16603,fixture-task-16603,false
16604,fixture-task-16604,false
16605,fixture-task-16605,true
16606,fixture-task-16606,false
16607,fixture-task-16607,false
16608,fixture-task-16608,true
16609,fixture-task-16609,false
16610,fixture-task-16610,false
16611,fixture-task-16611,true
16612,fixture-task-16612,false
16613,fixture-task-16613,false
16614,fixture-task-16614,true
16615,fixture-task-16615,false
16616,fixture-task-16616,false
16617,fixture-task-16617,true
16618,fixture-task-16618,false
16619,fixture-task-16619,false
16620,fixture-task-16620,true
16621,fixture-task-16621,false
16622,fixture-task-16622,false
16623,fixture-task-16623,true
16624,fixture-task-16624,false
16625,fixture-task-16625,false
16626,fixture-task-16626,true
16627,fixture-task-16627,false
16628,fixture-task-16628,false
16629,fixture-task-16629,true
16630,fixture-task-16630,false
16631,fixture-task-16631,false
16632,fixture-task-16632,true
16633,fixture-task-16633,false
16634,fixture-task-16634,false
16635,fixture-task-16635,true
16636,fixture-task-16636,false
16637,fixture-task-16637,false
16638,fixture-task-16638,true
16639,fixture-task-16639,false
16640,fixture-task-16640,false
16641,fixture-task-16641,true
16642,fixture-task-16642,false
16643,fixture-task-16643,false
16644,fixture-task-16644,true
16645,fixture-task-16645,false
16646,fixture-task-16646,false
16647,fixture-task-16647,true
16648,fixture-task-16648,false
16649,fixture-task-16649,false
16650,fixture-task-16650,true
16651,fixture-task-16651,false
16652,fixture-task-16652,false
16653,fixture-task-16653,true
16654,fixture-task-16654,false
16655,fixture-task-16655,false
16656,fixture-task-16656,true
16657,fixture-task-16657,false
16658,fixture-task-16658,false
16659,fixture-task-16659,true
16660,fixture-task-16660,false
16661,fixture-task-16661,false
16662,fixture-task-16662,true
16663,fixture-task-16663,false
16664,fixture-task-16664,false
16665,fixture-task-16665,true
16666,fixture-task-16666,false
16667,fixture-task-16667,false
16668,fixture-task-16668,true
16669,fixture-task-16669,false
16670,fixture-task-16670,false
16671,fixture-task-16671,true
16672,fixture-task-16672,false
16673,fixture-task-16673,false
16674,fixture-task-16674,true
16675,fixture-task-16675,false
16676,fixture-task-16676,false
16677,fixture-task-16677,true
16678,fixture-task-16678,false
16679,fixture-task-16679,false
16680,fixture-task-16680,true
16681,fixture-task-16681,false
16682,fixture-task-16682,false
16683,fixture-task-16683,true
16684,fixture-task-16684,false
16685,fixture-task-16685,false
16686,fixture-task-16686,true
16687,fixture-task-16687,false
16688,fixture-task-16688,false
16689,fixture-task-16689,true
16690,fixture-task-16690,false
16691,fixture-task-16691,false
16692,fixture-task-16692,true
16693,fixture-task-16693,false
16694,fixture-task-16694,false
16695,fixture-task-16695,true
16696,fixture-task-16696,false
16697,fixture-task-16697,false
16698,fixture-task-16698,true
16699,fixture-task-16699,false
16700,fixture-task-16700,false
16701,fixture-task-16701,true
16702,fixture-task-16702,false
16703,fixture-task-16703,false
16704,fixture-task-16704,true
16705,fixture-task-16705,false
16706,fixture-task-16706,false
16707,fixture-task-16707,true
16708,fixture-task-16708,false
16709,fixture-task-16709,false
16710,fixture-task-16710,true
16711,fixture-task-16711,false
16712,fixture-task-16712,false
16713,fixture-task-16713,true
16714,fixture-task-16714,false
16715,fixture-task-16715,false
16716,fixture-task-16716,true
16717,fixture-task-16717,false
16718,fixture-task-16718,false
16719,fixture-task-16719,true
16720,fixture-task-16720,false
16721,fixture-task-16721,false
16722,fixture-task-16722,true
16723,fixture-task-16723,false
16724,fixture-task-16724,false
16725,fixture-task-16725,true
16726,fixture-task-16726,false
16727,fixture-task-16727,false
16728,fixture-task-16728,true
16729,fixture-task-16729,false
16730,fixture-task-16730,false
16731,fixture-task-16731,true
16732,fixture-task-16732,false
16733,fixture-task-16733,false
16734,fixture-task-16734,true
16735,fixture-task-16735,false
16736,fixture-task-16736,false
16737,fixture-task-16737,true
16738,fixture-task-16738,false
16739,fixture-task-16739,false
16740,fixture-task-16740,true
16741,fixture-task-16741,false
16742,fixture-task-16742,false
16743,fixture-task-16743,true
16744,fixture-task-16744,false
16745,fixture-task-16745,false
16746,fixture-task-16746,true
16747,fixture-task-16747,false
16748,fixture-task-16748,false
16749,fixture-task-16749,true
16750,fixture-task-16750,false
16751,fixture-task-16751,false
16752,fixture-task-16752,true
16753,fixture-task-16753,false
16754,fixture-task-16754,false
16755,fixture-task-16755,true
16756,fixture-task-16756,false
16757,fixture-task-16757,false
16758,fixture-task-16758,true
16759,fixture-task-16759,false
16760,fixture-task-16760,false
16761,fixture-task-16761,true
16762,fixture-task-16762,false
16763,fixture-task-16763,false
16764,fixture-task-16764,true
16765,fixture-task-16765,false
16766,fixture-task-16766,false
16767,fixture-task-16767,true
16768,fixture-task-16768,false
16769,fixture-task-16769,false
16770,fixture-task-16770,true
16771,fixture-task-16771,false
16772,fixture-task-16772,false
16773,fixture-task-16773,true
16774,fixture-task-16774,false
16775,fixture-task-16775,false
16776,fixture-task-16776,true
16777,fixture-task-16777,false
16778,fixture-task-16778,false
16779,fixture-task-16779,true
16780,fixture-task-16780,false
16781,fixture-task-16781,false
16782,fixture-task-16782,true
16783,fixture-task-16783,false
16784,fixture-task-16784,false
16785,fixture-task-16785,true
16786,fixture-task-16786,false
16787,fixture-task-16787,false
16788,fixture-task-16788,true
16789,fixture-task-16789,false
16790,fixture-task-16790,false
16791,fixture-task-16791,true
16792,fixture-task-16792,false
16793,fixture-task-16793,false
16794,fixture-task-16794,true
16795,fixture-task-16795,false
16796,fixture-task-16796,false
16797,fixture-task-16797,true
16798,fixture-task-16798,false
16799,fixture-task-16799,false
16800,fixture-task-16800,true
16801,fixture-task-16801,false
16802,fixture-task-16802,false
16803,fixture-task-16803,true
16804,fixture-task-16804,false
16805,fixture-task-16805,false
16806,fixture-task-16806,true
16807,fixture-task-16807,false
16808,fixture-task-16808,false
16809,fixture-task-16809,true
16810,fixture-task-16810,false
16811,fixture-task-16811,false
16812,fixture-task-16812,true
16813,fixture-task-16813,false
16814,fixture-task-16814,false
16815,fixture-task-16815,true
16816,fixture-task-16816,false
16817,fixture-task-16817,false
16818,fixture-task-16818,true
16819,fixture-task-16819,false
16820,fixture-task-16820,false
16821,fixture-task-16821,true
16822,fixture-task-16822,false
16823,fixture-task-16823,false
16824,fixture-task-16824,true
16825,fixture-task-16825,false
16826,fixture-task-16826,false
16827,fixture-task-16827,true
16828,fixture-task-16828,false
16829,fixture-task-16829,false
16830,fixture-task-16830,true
16831,fixture-task-16831,false
16832,fixture-task-16832,false
16833,fixture-task-16833,true
16834,fixture-task-16834,false
16835,fixture-task-16835,false
16836,fixture-task-16836,true
16837,fixture-task-16837,false
16838,fixture-task-16838,false
16839,fixture-task-16839,true
16840,fixture-task-16840,false
16841,fixture-task-16841,false
16842,fixture-task-16842,true
16843,fixture-task-16843,false
16844,fixture-task-16844,false
16845,fixture-task-16845,true
16846,fixture-task-16846,false
16847,fixture-task-16847,false
16848,fixture-task-16848,true
16849,fixture-task-16849,false
16850,fixture-task-16850,false
16851,fixture-task-16851,true
16852,fixture-task-16852,false
16853,fixture-task-16853,false
16854,fixture-task-16854,true
16855,fixture-task-16855,false
16856,fixture-task-16856,false
16857,fixture-task-16857,true
16858,fixture-task-16858,false
16859,fixture-task-16859,false
16860,fixture-task-16860,true
16861,fixture-task-16861,false
16862,fixture-task-16862,false
16863,fixture-task-16863,true
16864,fixture-task-16864,false
16865,fixture-task-16865,false
16866,fixture-task-16866,true
16867,fixture-task-16867,false
16868,fixture-task-16868,false
16869,fixture-task-16869,true
16870,fixture-task-16870,false
16871,fixture-task-16871,false
16872,fixture-task-16872,true
16873,fixture-task-16873,false
16874,fixture-task-16874,false
16875,fixture-task-16875,true
16876,fixture-task-16876,false
16877,fixture-task-16877,false
16878,fixture-task-16878,true
16879,fixture-task-16879,false
16880,fixture-task-16880,false
16881,fixture-task-16881,true
16882,fixture-task-16882,false
16883,fixture-task-16883,false
16884,fixture-task-16884,true
16885,fixture-task-16885,false
16886,fixture-task-16886,false
16887,fixture-task-16887,true
16888,fixture-task-16888,false
16889,fixture-task-16889,false
16890,fixture-task-16890,true
16891,fixture-task-16891,false
16892,fixture-task-16892,false
16893,fixture-task-16893,true
16894,fixture-task-16894,false
16895,fixture-task-16895,false
16896,fixture-task-16896,true
16897,fixture-task-16897,false
16898,fixture-task-16898,false
16899,fixture-task-16899,true
16900,fixture-task-16900,false
16901,fixture-task-16901,false
16902,fixture-task-16902,true
16903,fixture-task-16903,false
16904,fixture-task-16904,false
16905,fixture-task-16905,true
16906,fixture-task-16906,false
16907,fixture-task-16907,false
16908,fixture-task-16908,true
16909,fixture-task-16909,false
16910,fixture-task-16910,false
16911,fixture-task-16911,true
16912,fixture-task-16912,false
16913,fixture-task-16913,false
16914,fixture-task-16914,true
16915,fixture-task-16915,false
16916,fixture-task-16916,false
16917,fixture-task-16917,true
16918,fixture-task-16918,false
16919,fixture-task-16919,false
16920,fixture-task-16920,true
16921,fixture-task-16921,false
16922,fixture-task-16922,false
16923,fixture-task-16923,true
16924,fixture-task-16924,false
16925,fixture-task-16925,false
16926,fixture-task-16926,true
16927,fixture-task-16927,false
16928,fixture-task-16928,false
16929,fixture-task-16929,true
16930,fixture-task-16930,false
16931,fixture-task-16931,false
16932,fixture-task-16932,true
16933,fixture-task-16933,false
16934,fixture-task-16934,false
16935,fixture-task-16935,true
16936,fixture-task-16936,false
16937,fixture-task-16937,false
16938,fixture-task-16938,true
16939,fixture-task-16939,false
16940,fixture-task-16940,false
16941,fixture-task-16941,true
16942,fixture-task-16942,false
16943,fixture-task-16943,false
16944,fixture-task-16944,true
16945,fixture-task-16945,false
16946,fixture-task-16946,false
16947,fixture-task-16947,true
16948,fixture-task-16948,false
16949,fixture-task-16949,false
16950,fixture-task-16950,true
16951,fixture-task-16951,false
16952,fixture-task-16952,false
16953,fixture-task-16953,true
16954,fixture-task-16954,false
16955,fixture-task-16955,false
16956,fixture-task-16956,true
16957,fixture-task-16957,false
16958,fixture-task-16958,false
16959,fixture-task-16959,true
16960,fixture-task-16960,false
16961,fixture-task-16961,false
16962,fixture-task-16962,true
16963,fixture-task-16963,false
16964,fixture-task-16964,false
16965,fixture-task-16965,true
16966,fixture-task-16966,false
16967,fixture-task-16967,false
16968,fixture-task-16968,true
16969,fixture-task-16969,false
16970,fixture-task-16970,false
16971,fixture-task-16971,true
16972,fixture-task-16972,false
16973,fixture-task-16973,false
16974,fixture-task-16974,true
16975,fixture-task-16975,false
16976,fixture-task-16976,false
16977,fixture-task-16977,true
16978,fixture-task-16978,false
16979,fixture-task-16979,false
16980,fixture-task-16980,true
16981,fixture-task-16981,false
16982,fixture-task-16982,false
16983,fixture-task-16983,true
16984,fixture-task-16984,false
16985,fixture-task-16985,false
16986,fixture-task-16986,true
16987,fixture-task-16987,false
16988,fixture-task-16988,false
16989,fixture-task-16989,true
16990,fixture-task-16990,false
16991,fixture-task-16991,false
16992,fixture-task-16992,true
16993,fixture-task-16993,false
16994,fixture-task-16994,false
16995,fixture-task-16995,true
16996,fixture-task-16996,false
16997,fixture-task-16997,false
16998,fixture-task-16998,true
16999,fixture-task-16999,false
17000,fixture-task-17000,false
17001,fixture-task-17001,true
17002,fixture-task-17002,false
17003,fixture-task-17003,false
17004,fixture-task-17004,true
17005,fixture-task-17005,false
17006,fixture-task-17006,false
17007,fixture-task-17007,true
17008,fixture-task-17008,false
17009,fixture-task-17009,false
17010,fixture-task-17010,true
17011,fixture-task-17011,false
17012,fixture-task-17012,false
17013,fixture-task-17013,true
17014,fixture-task-17014,false
17015,fixture-task-17015,false
17016,fixture-task-17016,true
17017,fixture-task-17017,false
17018,fixture-task-17018,false
17019,fixture-task-17019,true
17020,fixture-task-17020,false
17021,fixture-task-17021,false
17022,fixture-task-17022,true
17023,fixture-task-17023,false
17024,fixture-task-17024,false
17025,fixture-task-17025,true
17026,fixture-task-17026,false
17027,fixture-task-17027,false
17028,fixture-task-17028,true
17029,fixture-task-17029,false
17030,fixture-task-17030,false
17031,fixture-task-17031,true
17032,fixture-task-17032,false
17033,fixture-task-17033,false
17034,fixture-task-17034,true
17035,fixture-task-17035,false
17036,fixture-task-17036,false
17037,fixture-task-17037,true
17038,fixture-task-17038,false
17039,fixture-task-17039,false
17040,fixture-task-17040,true
17041,fixture-task-17041,false
17042,fixture-task-17042,false
17043,fixture-task-17043,true
17044,fixture-task-17044,false
17045,fixture-task-17045,false
17046,fixture-task-17046,true
17047,fixture-task-17047,false
17048,fixture-task-17048,false
17049,fixture-task-17049,true
17050,fixture-task-17050,false
17051,fixture-task-17051,false
17052,fixture-task-17052,true
17053,fixture-task-17053,false
17054,fixture-task-17054,false
17055,fixture-task-17055,true
17056,fixture-task-17056,false
17057,fixture-task-17057,false
17058,fixture-task-17058,true
17059,fixture-task-17059,false
17060,fixture-task-17060,false
17061,fixture-task-17061,true
17062,fixture-task-17062,false
17063,fixture-task-17063,false
17064,fixture-task-17064,true
17065,fixture-task-17065,false
17066,fixture-task-17066,false
17067,fixture-task-17067,true
17068,fixture-task-17068,false
17069,fixture-task-17069,false
17070,fixture-task-17070,true
17071,fixture-task-17071,false
17072,fixture-task-17072,false
17073,fixture-task-17073,true
17074,fixture-task-17074,false
17075,fixture-task-17075,false
17076,fixture-task-17076,true
17077,fixture-task-17077,false
17078,fixture-task-17078,false
17079,fixture-task-17079,true
17080,fixture-task-17080,false
17081,fixture-task-17081,false
17082,fixture-task-17082,true
17083,fixture-task-17083,false
17084,fixture-task-17084,false
17085,fixture-task-17085,true
17086,fixture-task-17086,false
17087,fixture-task-17087,false
17088,fixture-task-17088,true
17089,fixture-task-17089,false
17090,fixture-task-17090,false
17091,fixture-task-17091,true
17092,fixture-task-17092,false
17093,fixture-task-17093,false
17094,fixture-task-17094,true
17095,fixture-task-17095,false
17096,fixture-task-17096,false
17097,fixture-task-17097,true
17098,fixture-task-17098,false
17099,fixture-task-17099,false
17100,fixture-task-17100,true
17101,fixture-task-17101,false
17102,fixture-task-17102,false
17103,fixture-task-17103,true
17104,fixture-task-17104,false
17105,fixture-task-17105,false
17106,fixture-task-17106,true
17107,fixture-task-17107,false
17108,fixture-task-17108,false
17109,fixture-task-17109,true
17110,fixture-task-17110,false
17111,fixture-task-17111,false
17112,fixture-task-17112,true
17113,fixture-task-17113,false
17114,fixture-task-17114,false
17115,fixture-task-17115,true
17116,fixture-task-17116,false
17117,fixture-task-17117,false
17118,fixture-task-17118,true
17119,fixture-task-17119,false
17120,fixture-task-17120,false
17121,fixture-task-17121,true
17122,fixture-task-17122,false
17123,fixture-task-17123,false
17124,fixture-task-17124,true
17125,fixture-task-17125,false
17126,fixture-task-17126,false
17127,fixture-task-17127,true
17128,fixture-task-17128,false
17129,fixture-task-17129,false
17130,fixture-task-17130,true
17131,fixture-task-17131,false
17132,fixture-task-17132,false
17133,fixture-task-17133,true
17134,fixture-task-17134,false
17135,fixture-task-17135,false
17136,fixture-task-17136,true
17137,fixture-task-17137,false
17138,fixture-task-17138,false
17139,fixture-task-17139,true
17140,fixture-task-17140,false
17141,fixture-task-17141,false
17142,fixture-task-17142,true
17143,fixture-task-17143,false
17144,fixture-task-17144,false
17145,fixture-task-17145,true
17146,fixture-task-17146,false
17147,fixture-task-17147,false
17148,fixture-task-17148,true
17149,fixture-task-17149,false
17150,fixture-task-17150,false
17151,fixture-task-17151,true
17152,fixture-task-17152,false
17153,fixture-task-17153,false
17154,fixture-task-17154,true
17155,fixture-task-17155,false
17156,fixture-task-17156,false
17157,fixture-task-17157,true
17158,fixture-task-17158,false
17159,fixture-task-17159,false
17160,fixture-task-17160,true
17161,fixture-task-17161,false
17162,fixture-task-17162,false
17163,fixture-task-17163,true
17164,fixture-task-17164,false
17165,fixture-task-17165,false
17166,fixture-task-17166,true
17167,fixture-task-17167,false
17168,fixture-task-17168,false
17169,fixture-task-17169,true
17170,fixture-task-17170,false
17171,fixture-task-17171,false
17172,fixture-task-17172,true
17173,fixture-task-17173,false
17174,fixture-task-17174,false
17175,fixture-task-17175,true
17176,fixture-task-17176,false
17177,fixture-task-17177,false
17178,fixture-task-17178,true
17179,fixture-task-17179,false
17180,fixture-task-17180,false
17181,fixture-task-17181,true
17182,fixture-task-17182,false
17183,fixture-task-17183,false
17184,fixture-task-17184,true
17185,fixture-task-17185,false
17186,fixture-task-17186,false
17187,fixture-task-17187,true
17188,fixture-task-17188,false
17189,fixture-task-17189,false
17190,fixture-task-17190,true
17191,fixture-task-17191,false
17192,fixture-task-17192,false
17193,fixture-task-17193,true
17194,fixture-task-17194,false
17195,fixture-task-17195,false
17196,fixture-task-17196,true
17197,fixture-task-17197,false
17198,fixture-task-17198,false
17199,fixture-task-17199,true
17200,fixture-task-17200,false
17201,fixture-task-17201,false
17202,fixture-task-17202,true
17203,fixture-task-17203,false
17204,fixture-task-17204,false
17205,fixture-task-17205,true
17206,fixture-task-17206,false
17207,fixture-task-17207,false
17208,fixture-task-17208,true
17209,fixture-task-17209,false
17210,fixture-task-17210,false
17211,fixture-task-17211,true
17212,fixture-task-17212,false
17213,fixture-task-17213,false
17214,fixture-task-17214,true
17215,fixture-task-17215,false
17216,fixture-task-17216,false
17217,fixture-task-17217,true
17218,fixture-task-17218,false
17219,fixture-task-17219,false
17220,fixture-task-17220,true
17221,fixture-task-17221,false
17222,fixture-task-17222,false
17223,fixture-task-17223,true
17224,fixture-task-17224,false
17225,fixture-task-17225,false
17226,fixture-task-17226,true
17227,fixture-task-17227,false
17228,fixture-task-17228,false
17229,fixture-task-17229,true
17230,fixture-task-17230,false
17231,fixture-task-17231,false
17232,fixture-task-17232,true
17233,fixture-task-17233,false
17234,fixture-task-17234,false
17235,fixture-task-17235,true
17236,fixture-task-17236,false
17237,fixture-task-17237,false
17238,fixture-task-17238,true
17239,fixture-task-17239,false
17240,fixture-task-17240,false
17241,fixture-task-17241,true
17242,fixture-task-17242,false
17243,fixture-task-17243,false
17244,fixture-task-17244,true
17245,fixture-task-17245,false
17246,fixture-task-17246,false
17247,fixture-task-17247,true
17248,fixture-task-17248,false
17249,fixture-task-17249,false
17250,fixture-task-17250,true
17251,fixture-task-17251,false
17252,fixture-task-17252,false
17253,fixture-task-17253,true
17254,fixture-task-17254,false
17255,fixture-task-17255,false
17256,fixture-task-17256,true
17257,fixture-task-17257,false
17258,fixture-task-17258,false
17259,fixture-task-17259,true
17260,fixture-task-17260,false
17261,fixture-task-17261,false
17262,fixture-task-17262,true
17263,fixture-task-17263,false
17264,fixture-task-17264,false
17265,fixture-task-17265,true
17266,fixture-task-17266,false
17267,fixture-task-17267,false
17268,fixture-task-17268,true
17269,fixture-task-17269,false
17270,fixture-task-17270,false
17271,fixture-task-17271,true
17272,fixture-task-17272,false
17273,fixture-task-17273,false
17274,fixture-task-17274,true
17275,fixture-task-17275,false
17276,fixture-task-17276,false
17277,fixture-task-17277,true
17278,fixture-task-17278,false
17279,fixture-task-17279,false
17280,fixture-task-17280,true
17281,fixture-task-17281,false
17282,fixture-task-17282,false
17283,fixture-task-17283,true
17284,fixture-task-17284,false
17285,fixture-task-17285,false
17286,fixture-task-17286,true
17287,fixture-task-17287,false
17288,fixture-task-17288,false
17289,fixture-task-17289,true
17290,fixture-task-17290,false
17291,fixture-task-17291,false
17292,fixture-task-17292,true
17293,fixture-task-17293,false
17294,fixture-task-17294,false
17295,fixture-task-17295,true
17296,fixture-task-17296,false
17297,fixture-task-17297,false
17298,fixture-task-17298,true
17299,fixture-task-17299,false
17300,fixture-task-17300,false
17301,fixture-task-17301,true
17302,fixture-task-17302,false
17303,fixture-task-17303,false
17304,fixture-task-17304,true
17305,fixture-task-17305,false
17306,fixture-task-17306,false
17307,fixture-task-17307,true
17308,fixture-task-17308,false
17309,fixture-task-17309,false
17310,fixture-task-17310,true
17311,fixture-task-17311,false
17312,fixture-task-17312,false
17313,fixture-task-17313,true
17314,fixture-task-17314,false
17315,fixture-task-17315,false
17316,fixture-task-17316,true
17317,fixture-task-17317,false
17318,fixture-task-17318,false
17319,fixture-task-17319,true
17320,fixture-task-17320,false
17321,fixture-task-17321,false
17322,fixture-task-17322,true
17323,fixture-task-17323,false
17324,fixture-task-17324,false
17325,fixture-task-17325,true
17326,fixture-task-17326,false
17327,fixture-task-17327,false
17328,fixture-task-17328,true
17329,fixture-task-17329,false
17330,fixture-task-17330,false
17331,fixture-task-17331,true
17332,fixture-task-17332,false
17333,fixture-task-17333,false
17334,fixture-task-17334,true
17335,fixture-task-17335,false
17336,fixture-task-17336,false
17337,fixture-task-17337,true
17338,fixture-task-17338,false
17339,fixture-task-17339,false
17340,fixture-task-17340,true
17341,fixture-task-17341,false
17342,fixture-task-17342,false
17343,fixture-task-17343,true
17344,fixture-task-17344,false
17345,fixture-task-17345,false
17346,fixture-task-17346,true
17347,fixture-task-17347,false
17348,fixture-task-17348,false
17349,fixture-task-17349,true
17350,fixture-task-17350,false
17351,fixture-task-17351,false
17352,fixture-task-17352,true
17353,fixture-task-17353,false
17354,fixture-task-17354,false
17355,fixture-task-17355,true
17356,fixture-task-17356,false
17357,fixture-task-17357,false
17358,fixture-task-17358,true
17359,fixture-task-17359,false
17360,fixture-task-17360,false
17361,fixture-task-17361,true
17362,fixture-task-17362,false
17363,fixture-task-17363,false
17364,fixture-task-17364,true
17365,fixture-task-17365,false
17366,fixture-task-17366,false
17367,fixture-task-17367,true
17368,fixture-task-17368,false
17369,fixture-task-17369,false
17370,fixture-task-17370,true
17371,fixture-task-17371,false
17372,fixture-task-17372,false
17373,fixture-task-17373,true
17374,fixture-task-17374,false
17375,fixture-task-17375,false
17376,fixture-task-17376,true
17377,fixture-task-17377,false
17378,fixture-task-17378,false
17379,fixture-task-17379,true
17380,fixture-task-17380,false
17381,fixture-task-17381,false
17382,fixture-task-17382,true
17383,fixture-task-17383,false
17384,fixture-task-17384,false
17385,fixture-task-17385,true
17386,fixture-task-17386,false
17387,fixture-task-17387,false
17388,fixture-task-17388,true
17389,fixture-task-17389,false
17390,fixture-task-17390,false
17391,fixture-task-17391,true
17392,fixture-task-17392,false
17393,fixture-task-17393,false
17394,fixture-task-17394,true
17395,fixture-task-17395,false
17396,fixture-task-17396,false
17397,fixture-task-17397,true
17398,fixture-task-17398,false
17399,fixture-task-17399,false
17400,fixture-task-17400,true
17401,fixture-task-17401,false
17402,fixture-task-17402,false
17403,fixture-task-17403,true
17404,fixture-task-17404,false
17405,fixture-task-17405,false
17406,fixture-task-17406,true
17407,fixture-task-17407,false
17408,fixture-task-17408,false
17409,fixture-task-17409,true
17410,fixture-task-17410,false
17411,fixture-task-17411,false
17412,fixture-task-17412,true
17413,fixture-task-17413,false
17414,fixture-task-17414,false
17415,fixture-task-17415,true
17416,fixture-task-17416,false
17417,fixture-task-17417,false
17418,fixture-task-17418,true
17419,fixture-task-17419,false
17420,fixture-task-17420,false
17421,fixture-task-17421,true
17422,fixture-task-17422,false
17423,fixture-task-17423,false
17424,fixture-task-17424,true
17425,fixture-task-17425,false
17426,fixture-task-17426,false
17427,fixture-task-17427,true
17428,fixture-task-17428,false
17429,fixture-task-17429,false
17430,fixture-task-17430,true
17431,fixture-task-17431,false
17432,fixture-task-17432,false
17433,fixture-task-17433,true
17434,fixture-task-17434,false
17435,fixture-task-17435,false
17436,fixture-task-17436,true
17437,fixture-task-17437,false
17438,fixture-task-17438,false
17439,fixture-task-17439,true
17440,fixture-task-17440,false
17441,fixture-task-17441,false
17442,fixture-task-17442,true
17443,fixture-task-17443,false
17444,fixture-task-17444,false
17445,fixture-task-17445,true
17446,fixture-task-17446,false
17447,fixture-task-17447,false
17448,fixture-task-17448,true
17449,fixture-task-17449,false
17450,fixture-task-17450,false
17451,fixture-task-17451,true
17452,fixture-task-17452,false
17453,fixture-task-17453,false
17454,fixture-task-17454,true
17455,fixture-task-17455,false
17456,fixture-task-17456,false
17457,fixture-task-17457,true
17458,fixture-task-17458,false
17459,fixture-task-17459,false
17460,fixture-task-17460,true
17461,fixture-task-17461,false
17462,fixture-task-17462,false
17463,fixture-task-17463,true
17464,fixture-task-17464,false
17465,fixture-task-17465,false
17466,fixture-task-17466,true
17467,fixture-task-17467,false
17468,fixture-task-17468,false
17469,fixture-task-17469,true
17470,fixture-task-17470,false
17471,fixture-task-17471,false
17472,fixture-task-17472,true
17473,fixture-task-17473,false
17474,fixture-task-17474,false
17475,fixture-task-17475,true
17476,fixture-task-17476,false
17477,fixture-task-17477,false
17478,fixture-task-17478,true
17479,fixture-task-17479,false
17480,fixture-task-17480,false
17481,fixture-task-17481,true
17482,fixture-task-17482,false
17483,fixture-task-17483,false
17484,fixture-task-17484,true
17485,fixture-task-17485,false
17486,fixture-task-17486,false
17487,fixture-task-17487,true
17488,fixture-task-17488,false
17489,fixture-task-17489,false
17490,fixture-task-17490,true
17491,fixture-task-17491,false
17492,fixture-task-17492,false
17493,fixture-task-17493,true
17494,fixture-task-17494,false
17495,fixture-task-17495,false
17496,fixture-task-17496,true
17497,fixture-task-17497,false
17498,fixture-task-17498,false
17499,fixture-task-17499,true
17500,fixture-task-17500,false
17501,fixture-task-17501,false
17502,fixture-task-17502,true
17503,fixture-task-17503,false
17504,fixture-task-17504,false
17505,fixture-task-17505,true
17506,fixture-task-17506,false
17507,fixture-task-17507,false
17508,fixture-task-17508,true
17509,fixture-task-17509,false
17510,fixture-task-17510,false
17511,fixture-task-17511,true
17512,fixture-task-17512,false
17513,fixture-task-17513,false
17514,fixture-task-17514,true
17515,fixture-task-17515,false
17516,fixture-task-17516,false
17517,fixture-task-17517,true
17518,fixture-task-17518,false
17519,fixture-task-17519,false
17520,fixture-task-17520,true
17521,fixture-task-17521,false
17522,fixture-task-17522,false
17523,fixture-task-17523,true
17524,fixture-task-17524,false
17525,fixture-task-17525,false
17526,fixture-task-17526,true
17527,fixture-task-17527,false
17528,fixture-task-17528,false
17529,fixture-task-17529,true
17530,fixture-task-17530,false
17531,fixture-task-17531,false
17532,fixture-task-17532,true
17533,fixture-task-17533,false
17534,fixture-task-17534,false
17535,fixture-task-17535,true
17536,fixture-task-17536,false
17537,fixture-task-17537,false
17538,fixture-task-17538,true
17539,fixture-task-17539,false
17540,fixture-task-17540,false
17541,fixture-task-17541,true
17542,fixture-task-17542,false
17543,fixture-task-17543,false
17544,fixture-task-17544,true
17545,fixture-task-17545,false
17546,fixture-task-17546,false
17547,fixture-task-17547,true
17548,fixture-task-17548,false
17549,fixture-task-17549,false
17550,fixture-task-17550,true
17551,fixture-task-17551,false
17552,fixture-task-17552,false
17553,fixture-task-17553,true
17554,fixture-task-17554,false
17555,fixture-task-17555,false
17556,fixture-task-17556,true
17557,fixture-task-17557,false
17558,fixture-task-17558,false
17559,fixture-task-17559,true
17560,fixture-task-17560,false
17561,fixture-task-17561,false
17562,fixture-task-17562,true
17563,fixture-task-17563,false
17564,fixture-task-17564,false
17565,fixture-task-17565,true
17566,fixture-task-17566,false
17567,fixture-task-17567,false
17568,fixture-task-17568,true
17569,fixture-task-17569,false
17570,fixture-task-17570,false
17571,fixture-task-17571,true
17572,fixture-task-17572,false
17573,fixture-task-17573,false
17574,fixture-task-17574,true
17575,fixture-task-17575,false
17576,fixture-task-17576,false
17577,fixture-task-17577,true
17578,fixture-task-17578,false
17579,fixture-task-17579,false
17580,fixture-task-17580,true
17581,fixture-task-17581,false
17582,fixture-task-17582,false
17583,fixture-task-17583,true
17584,fixture-task-17584,false
17585,fixture-task-17585,false
17586,fixture-task-17586,true
17587,fixture-task-17587,false
17588,fixture-task-17588,false
17589,fixture-task-17589,true
17590,fixture-task-17590,false
17591,fixture-task-17591,false
17592,fixture-task-17592,true
17593,fixture-task-17593,false
17594,fixture-task-17594,false
17595,fixture-task-17595,true
17596,fixture-task-17596,false
17597,fixture-task-17597,false
17598,fixture-task-17598,true
17599,fixture-task-17599,false
17600,fixture-task-17600,false
17601,fixture-task-17601,true
17602,fixture-task-17602,false
17603,fixture-task-17603,false
17604,fixture-task-17604,true
17605,fixture-task-17605,false
17606,fixture-task-17606,false
17607,fixture-task-17607,true
17608,fixture-task-17608,false
17609,fixture-task-17609,false
17610,fixture-task-17610,true
17611,fixture-task-17611,false
17612,fixture-task-17612,false
17613,fixture-task-17613,true
17614,fixture-task-17614,false
17615,fixture-task-17615,false
17616,fixture-task-17616,true
17617,fixture-task-17617,false
17618,fixture-task-17618,false
17619,fixture-task-17619,true
17620,fixture-task-17620,false
17621,fixture-task-17621,false
17622,fixture-task-17622,true
17623,fixture-task-17623,false
17624,fixture-task-17624,false
17625,fixture-task-17625,true
17626,fixture-task-17626,false
17627,fixture-task-17627,false
17628,fixture-task-17628,true
17629,fixture-task-17629,false
17630,fixture-task-17630,false
17631,fixture-task-17631,true
17632,fixture-task-17632,false
17633,fixture-task-17633,false
17634,fixture-task-17634,true
17635,fixture-task-17635,false
17636,fixture-task-17636,false
17637,fixture-task-17637,true
17638,fixture-task-17638,false
17639,fixture-task-17639,false
17640,fixture-task-17640,true
17641,fixture-task-17641,false
17642,fixture-task-17642,false
17643,fixture-task-17643,true
17644,fixture-task-17644,false
17645,fixture-task-17645,false
17646,fixture-task-17646,true
17647,fixture-task-17647,false
17648,fixture-task-17648,false
17649,fixture-task-17649,true
17650,fixture-task-17650,false
17651,fixture-task-17651,false
17652,fixture-task-17652,true
17653,fixture-task-17653,false
17654,fixture-task-17654,false
17655,fixture-task-17655,true
17656,fixture-task-17656,false
17657,fixture-task-17657,false
17658,fixture-task-17658,true
17659,fixture-task-17659,false
17660,fixture-task-17660,false
17661,fixture-task-17661,true
17662,fixture-task-17662,false
17663,fixture-task-17663,false
17664,fixture-task-17664,true
17665,fixture-task-17665,false
17666,fixture-task-17666,false
17667,fixture-task-17667,true
17668,fixture-task-17668,false
17669,fixture-task-17669,false
17670,fixture-task-17670,true
17671,fixture-task-17671,false
17672,fixture-task-17672,false
17673,fixture-task-17673,true
17674,fixture-task-17674,false
17675,fixture-task-17675,false
17676,fixture-task-17676,true
17677,fixture-task-17677,false
17678,fixture-task-17678,false
17679,fixture-task-17679,true
17680,fixture-task-17680,false
17681,fixture-task-17681,false
17682,fixture-task-17682,true
17683,fixture-task-17683,false
17684,fixture-task-17684,false
17685,fixture-task-17685,true
17686,fixture-task-17686,false
17687,fixture-task-17687,false
17688,fixture-task-17688,true
17689,fixture-task-17689,false
17690,fixture-task-17690,false
17691,fixture-task-17691,true
17692,fixture-task-17692,false
17693,fixture-task-17693,false
17694,fixture-task-17694,true
17695,fixture-task-17695,false
17696,fixture-task-17696,false
17697,fixture-task-17697,true
17698,fixture-task-17698,false
17699,fixture-task-17699,false
17700,fixture-task-17700,true
17701,fixture-task-17701,false
17702,fixture-task-17702,false
17703,fixture-task-17703,true
17704,fixture-task-17704,false
17705,fixture-task-17705,false
17706,fixture-task-17706,true
17707,fixture-task-17707,false
17708,fixture-task-17708,false
17709,fixture-task-17709,true
17710,fixture-task-17710,false
17711,fixture-task-17711,false
17712,fixture-task-17712,true
17713,fixture-task-17713,false
17714,fixture-task-17714,false
17715,fixture-task-17715,true
17716,fixture-task-17716,false
17717,fixture-task-17717,false
17718,fixture-task-17718,true
17719,fixture-task-17719,false
17720,fixture-task-17720,false
17721,fixture-task-17721,true
17722,fixture-task-17722,false
17723,fixture-task-17723,false
17724,fixture-task-17724,true
17725,fixture-task-17725,false
17726,fixture-task-17726,false
17727,fixture-task-17727,true
17728,fixture-task-17728,false
17729,fixture-task-17729,false
17730,fixture-task-17730,true
17731,fixture-task-17731,false
17732,fixture-task-17732,false
17733,fixture-task-17733,true
17734,fixture-task-17734,false
17735,fixture-task-17735,false
17736,fixture-task-17736,true
17737,fixture-task-17737,false
17738,fixture-task-17738,false
17739,fixture-task-17739,true
17740,fixture-task-17740,false
17741,fixture-task-17741,false
17742,fixture-task-17742,true
17743,fixture-task-17743,false
17744,fixture-task-17744,false
17745,fixture-task-17745,true
17746,fixture-task-17746,false
17747,fixture-task-17747,false
17748,fixture-task-17748,true
17749,fixture-task-17749,false
17750,fixture-task-17750,false
17751,fixture-task-17751,true
17752,fixture-task-17752,false
17753,fixture-task-17753,false
17754,fixture-task-17754,true
17755,fixture-task-17755,false
17756,fixture-task-17756,false
17757,fixture-task-17757,true
17758,fixture-task-17758,false
17759,fixture-task-17759,false
17760,fixture-task-17760,true
17761,fixture-task-17761,false
17762,fixture-task-17762,false
17763,fixture-task-17763,true
17764,fixture-task-17764,false
17765,fixture-task-17765,false
17766,fixture-task-17766,true
17767,fixture-task-17767,false
17768,fixture-task-17768,false
17769,fixture-task-17769,true
17770,fixture-task-17770,false
17771,fixture-task-17771,false
17772,fixture-task-17772,true
17773,fixture-task-17773,false
17774,fixture-task-17774,false
17775,fixture-task-17775,true
17776,fixture-task-17776,false
17777,fixture-task-17777,false
17778,fixture-task-17778,true
17779,fixture-task-17779,false
17780,fixture-task-17780,false
17781,fixture-task-17781,true
17782,fixture-task-17782,false
17783,fixture-task-17783,false
17784,fixture-task-17784,true
17785,fixture-task-17785,false
17786,fixture-task-17786,false
17787,fixture-task-17787,true
17788,fixture-task-17788,false
17789,fixture-task-17789,false
17790,fixture-task-17790,true
17791,fixture-task-17791,false
17792,fixture-task-17792,false
17793,fixture-task-17793,true
17794,fixture-task-17794,false
17795,fixture-task-17795,false
17796,fixture-task-17796,true
17797,fixture-task-17797,false
17798,fixture-task-17798,false
17799,fixture-task-17799,true
17800,fixture-task-17800,false
17801,fixture-task-17801,false
17802,fixture-task-17802,true
17803,fixture-task-17803,false
17804,fixture-task-17804,false
17805,fixture-task-17805,true
17806,fixture-task-17806,false
17807,fixture-task-17807,false
17808,fixture-task-17808,true
17809,fixture-task-17809,false
17810,fixture-task-17810,false
17811,fixture-task-17811,true
17812,fixture-task-17812,false
17813,fixture-task-17813,false
17814,fixture-task-17814,true
17815,fixture-task-17815,false
17816,fixture-task-17816,false
17817,fixture-task-17817,true
17818,fixture-task-17818,false
17819,fixture-task-17819,false
17820,fixture-task-17820,true
17821,fixture-task-17821,false
17822,fixture-task-17822,false
17823,fixture-task-17823,true
17824,fixture-task-17824,false
17825,fixture-task-17825,false
17826,fixture-task-17826,true
17827,fixture-task-17827,false
17828,fixture-task-17828,false
17829,fixture-task-17829,true
17830,fixture-task-17830,false
17831,fixture-task-17831,false
17832,fixture-task-17832,true
17833,fixture-task-17833,false
17834,fixture-task-17834,false
17835,fixture-task-17835,true
17836,fixture-task-17836,false
17837,fixture-task-17837,false
17838,fixture-task-17838,true
17839,fixture-task-17839,false
17840,fixture-task-17840,false
17841,fixture-task-17841,true
17842,fixture-task-17842,false
17843,fixture-task-17843,false
17844,fixture-task-17844,true
17845,fixture-task-17845,false
17846,fixture-task-17846,false
17847,fixture-task-17847,true
17848,fixture-task-17848,false
17849,fixture-task-17849,false
17850,fixture-task-17850,true
17851,fixture-task-17851,false
17852,fixture-task-17852,false
17853,fixture-task-17853,true
17854,fixture-task-17854,false
17855,fixture-task-17855,false
17856,fixture-task-17856,true
17857,fixture-task-17857,false
17858,fixture-task-17858,false
17859,fixture-task-17859,true
17860,fixture-task-17860,false
17861,fixture-task-17861,false
17862,fixture-task-17862,true
17863,fixture-task-17863,false
17864,fixture-task-17864,false
17865,fixture-task-17865,true
17866,fixture-task-17866,false
17867,fixture-task-17867,false
17868,fixture-task-17868,true
17869,fixture-task-17869,false
17870,fixture-task-17870,false
17871,fixture-task-17871,true
17872,fixture-task-17872,false
17873,fixture-task-17873,false
17874,fixture-task-17874,true
17875,fixture-task-17875,false
17876,fixture-task-17876,false
17877,fixture-task-17877,true
17878,fixture-task-17878,false
17879,fixture-task-17879,false
17880,fixture-task-17880,true
17881,fixture-task-17881,false
17882,fixture-task-17882,false
17883,fixture-task-17883,true
17884,fixture-task-17884,false
17885,fixture-task-17885,false
17886,fixture-task-17886,true
17887,fixture-task-17887,false
17888,fixture-task-17888,false
17889,fixture-task-17889,true
17890,fixture-task-17890,false
17891,fixture-task-17891,false
17892,fixture-task-17892,true
17893,fixture-task-17893,false
17894,fixture-task-17894,false
17895,fixture-task-17895,true
17896,fixture-task-17896,false
17897,fixture-task-17897,false
17898,fixture-task-17898,true
17899,fixture-task-17899,false
17900,fixture-task-17900,false
17901,fixture-task-17901,true
17902,fixture-task-17902,false
17903,fixture-task-17903,false
17904,fixture-task-17904,true
17905,fixture-task-17905,false
17906,fixture-task-17906,false
17907,fixture-task-17907,true
17908,fixture-task-17908,false
17909,fixture-task-17909,false
17910,fixture-task-17910,true
17911,fixture-task-17911,false
17912,fixture-task-17912,false
17913,fixture-task-17913,true
17914,fixture-task-17914,false
17915,fixture-task-17915,false
17916,fixture-task-17916,true
17917,fixture-task-17917,false
17918,fixture-task-17918,false
17919,fixture-task-17919,true
17920,fixture-task-17920,false
17921,fixture-task-17921,false
17922,fixture-task-17922,true
17923,fixture-task-17923,false
17924,fixture-task-17924,false
17925,fixture-task-17925,true
17926,fixture-task-17926,false
17927,fixture-task-17927,false
17928,fixture-task-17928,true
17929,fixture-task-17929,false
17930,fixture-task-17930,false
17931,fixture-task-17931,true
17932,fixture-task-17932,false
17933,fixture-task-17933,false
17934,fixture-task-17934,true
17935,fixture-task-17935,false
17936,fixture-task-17936,false
17937,fixture-task-17937,true
17938,fixture-task-17938,false
17939,fixture-task-17939,false
17940,fixture-task-17940,true
17941,fixture-task-17941,false
17942,fixture-task-17942,false
17943,fixture-task-17943,true
17944,fixture-task-17944,false
17945,fixture-task-17945,false
17946,fixture-task-17946,true
17947,fixture-task-17947,false
17948,fixture-task-17948,false
17949,fixture-task-17949,true
17950,fixture-task-17950,false
17951,fixture-task-17951,false
17952,fixture-task-17952,true
17953,fixture-task-17953,false
17954,fixture-task-17954,false
17955,fixture-task-17955,true
17956,fixture-task-17956,false
17957,fixture-task-17957,false
17958,fixture-task-17958,true
17959,fixture-task-17959,false
17960,fixture-task-17960,false
17961,fixture-task-17961,true
17962,fixture-task-17962,false
17963,fixture-task-17963,false
17964,fixture-task-17964,true
17965,fixture-task-17965,false
17966,fixture-task-17966,false
17967,fixture-task-17967,true
17968,fixture-task-17968,false
17969,fixture-task-17969,false
17970,fixture-task-17970,true
17971,fixture-task-17971,false
17972,fixture-task-17972,false
17973,fixture-task-17973,true
17974,fixture-task-17974,false
17975,fixture-task-17975,false
17976,fixture-task-17976,true
17977,fixture-task-17977,false
17978,fixture-task-17978,false
17979,fixture-task-17979,true
17980,fixture-task-17980,false
17981,fixture-task-17981,false
17982,fixture-task-17982,true
17983,fixture-task-17983,false
17984,fixture-task-17984,false
17985,fixture-task-17985,true
17986,fixture-task-17986,false
17987,fixture-task-17987,false
17988,fixture-task-17988,true
17989,fixture-task-17989,false
17990,fixture-task-17990,false
17991,fixture-task-17991,true
17992,fixture-task-17992,false
17993,fixture-task-17993,false
17994,fixture-task-17994,true
17995,fixture-task-17995,false
17996,fixture-task-17996,false
17997,fixture-task-17997,true
17998,fixture-task-17998,false
17999,fixture-task-17999,false
18000,fixture-task-18000,true
18001,fixture-task-18001,false
18002,fixture-task-18002,false
18003,fixture-task-18003,true
18004,fixture-task-18004,false
18005,fixture-task-18005,false
18006,fixture-task-18006,true
18007,fixture-task-18007,false
18008,fixture-task-18008,false
18009,fixture-task-18009,true
18010,fixture-task-18010,false
18011,fixture-task-18011,false
18012,fixture-task-18012,true
18013,fixture-task-18013,false
18014,fixture-task-18014,false
18015,fixture-task-18015,true
18016,fixture-task-18016,false
18017,fixture-task-18017,false
18018,fixture-task-18018,true
18019,fixture-task-18019,false
18020,fixture-task-18020,false
18021,fixture-task-18021,true
18022,fixture-task-18022,false
18023,fixture-task-18023,false
18024,fixture-task-18024,true
18025,fixture-task-18025,false
18026,fixture-task-18026,false
18027,fixture-task-18027,true
18028,fixture-task-18028,false
18029,fixture-task-18029,false
18030,fixture-task-18030,true
18031,fixture-task-18031,false
18032,fixture-task-18032,false
18033,fixture-task-18033,true
18034,fixture-task-18034,false
18035,fixture-task-18035,false
18036,fixture-task-18036,true
18037,fixture-task-18037,false
18038,fixture-task-18038,false
18039,fixture-task-18039,true
18040,fixture-task-18040,false
18041,fixture-task-18041,false
18042,fixture-task-18042,true
18043,fixture-task-18043,false
18044,fixture-task-18044,false
18045,fixture-task-18045,true
18046,fixture-task-18046,false
18047,fixture-task-18047,false
18048,fixture-task-18048,true
18049,fixture-task-18049,false
18050,fixture-task-18050,false
18051,fixture-task-18051,true
18052,fixture-task-18052,false
18053,fixture-task-18053,false
18054,fixture-task-18054,true
18055,fixture-task-18055,false
18056,fixture-task-18056,false
18057,fixture-task-18057,true
18058,fixture-task-18058,false
18059,fixture-task-18059,false
18060,fixture-task-18060,true
18061,fixture-task-18061,false
18062,fixture-task-18062,false
18063,fixture-task-18063,true
18064,fixture-task-18064,false
18065,fixture-task-18065,false
18066,fixture-task-18066,true
18067,fixture-task-18067,false
18068,fixture-task-18068,false
18069,fixture-task-18069,true
18070,fixture-task-18070,false
18071,fixture-task-18071,false
18072,fixture-task-18072,true
18073,fixture-task-18073,false
18074,fixture-task-18074,false
18075,fixture-task-18075,true
18076,fixture-task-18076,false
18077,fixture-task-18077,false
18078,fixture-task-18078,true
18079,fixture-task-18079,false
18080,fixture-task-18080,false
18081,fixture-task-18081,true
18082,fixture-task-18082,false
18083,fixture-task-18083,false
18084,fixture-task-18084,true
18085,fixture-task-18085,false
18086,fixture-task-18086,false
18087,fixture-task-18087,true
18088,fixture-task-18088,false
18089,fixture-task-18089,false
18090,fixture-task-18090,true
18091,fixture-task-18091,false
18092,fixture-task-18092,false
18093,fixture-task-18093,true
18094,fixture-task-18094,false
18095,fixture-task-18095,false
18096,fixture-task-18096,true
18097,fixture-task-18097,false
18098,fixture-task-18098,false
18099,fixture-task-18099,true
18100,fixture-task-18100,false
18101,fixture-task-18101,false
18102,fixture-task-18102,true
18103,fixture-task-18103,false
18104,fixture-task-18104,false
18105,fixture-task-18105,true
18106,fixture-task-18106,false
18107,fixture-task-18107,false
18108,fixture-task-18108,true
18109,fixture-task-18109,false
18110,fixture-task-18110,false
18111,fixture-task-18111,true
18112,fixture-task-18112,false
18113,fixture-task-18113,false
18114,fixture-task-18114,true
18115,fixture-task-18115,false
18116,fixture-task-18116,false
18117,fixture-task-18117,true
18118,fixture-task-18118,false
18119,fixture-task-18119,false
18120,fixture-task-18120,true
18121,fixture-task-18121,false
18122,fixture-task-18122,false
18123,fixture-task-18123,true
18124,fixture-task-18124,false
18125,fixture-task-18125,false
18126,fixture-task-18126,true
18127,fixture-task-18127,false
18128,fixture-task-18128,false
18129,fixture-task-18129,true
18130,fixture-task-18130,false
18131,fixture-task-18131,false
18132,fixture-task-18132,true
18133,fixture-task-18133,false
18134,fixture-task-18134,false
18135,fixture-task-18135,true
18136,fixture-task-18136,false
18137,fixture-task-18137,false
18138,fixture-task-18138,true
18139,fixture-task-18139,false
18140,fixture-task-18140,false
18141,fixture-task-18141,true
18142,fixture-task-18142,false
18143,fixture-task-18143,false
18144,fixture-task-18144,true
18145,fixture-task-18145,false
18146,fixture-task-18146,false
18147,fixture-task-18147,true
18148,fixture-task-18148,false
18149,fixture-task-18149,false
18150,fixture-task-18150,true
18151,fixture-task-18151,false
18152,fixture-task-18152,false
18153,fixture-task-18153,true
18154,fixture-task-18154,false
18155,fixture-task-18155,false
18156,fixture-task-18156,true
18157,fixture-task-18157,false
18158,fixture-task-18158,false
18159,fixture-task-18159,true
18160,fixture-task-18160,false
18161,fixture-task-18161,false
18162,fixture-task-18162,true
18163,fixture-task-18163,false
18164,fixture-task-18164,false
18165,fixture-task-18165,true
18166,fixture-task-18166,false
18167,fixture-task-18167,false
18168,fixture-task-18168,true
18169,fixture-task-18169,false
18170,fixture-task-18170,false
18171,fixture-task-18171,true
18172,fixture-task-18172,false
18173,fixture-task-18173,false
18174,fixture-task-18174,true
18175,fixture-task-18175,false
18176,fixture-task-18176,false
18177,fixture-task-18177,true
18178,fixture-task-18178,false
18179,fixture-task-18179,false
18180,fixture-task-18180,true
18181,fixture-task-18181,false
18182,fixture-task-18182,false
18183,fixture-task-18183,true
18184,fixture-task-18184,false
18185,fixture-task-18185,false
18186,fixture-task-18186,true
18187,fixture-task-18187,false
18188,fixture-task-18188,false
18189,fixture-task-18189,true
18190,fixture-task-18190,false
18191,fixture-task-18191,false
18192,fixture-task-18192,true
18193,fixture-task-18193,false
18194,fixture-task-18194,false
18195,fixture-task-18195,true
18196,fixture-task-18196,false
18197,fixture-task-18197,false
18198,fixture-task-18198,true
18199,fixture-task-18199,false
18200,fixture-task-18200,false
18201,fixture-task-18201,true
18202,fixture-task-18202,false
18203,fixture-task-18203,false
18204,fixture-task-18204,true
18205,fixture-task-18205,false
18206,fixture-task-18206,false
18207,fixture-task-18207,true
18208,fixture-task-18208,false
18209,fixture-task-18209,false
18210,fixture-task-18210,true
18211,fixture-task-18211,false
18212,fixture-task-18212,false
18213,fixture-task-18213,true
18214,fixture-task-18214,false
18215,fixture-task-18215,false
18216,fixture-task-18216,true
18217,fixture-task-18217,false
18218,fixture-task-18218,false
18219,fixture-task-18219,true
18220,fixture-task-18220,false
18221,fixture-task-18221,false
18222,fixture-task-18222,true
18223,fixture-task-18223,false
18224,fixture-task-18224,false
18225,fixture-task-18225,true
18226,fixture-task-18226,false
18227,fixture-task-18227,false
18228,fixture-task-18228,true
18229,fixture-task-18229,false
18230,fixture-task-18230,false
18231,fixture-task-18231,true
18232,fixture-task-18232,false
18233,fixture-task-18233,false
18234,fixture-task-18234,true
18235,fixture-task-18235,false
18236,fixture-task-18236,false
18237,fixture-task-18237,true
18238,fixture-task-18238,false
18239,fixture-task-18239,false
18240,fixture-task-18240,true
18241,fixture-task-18241,false
18242,fixture-task-18242,false
18243,fixture-task-18243,true
18244,fixture-task-18244,false
18245,fixture-task-18245,false
18246,fixture-task-18246,true
18247,fixture-task-18247,false
18248,fixture-task-18248,false
18249,fixture-task-18249,true
18250,fixture-task-18250,false
18251,fixture-task-18251,false
18252,fixture-task-18252,true
18253,fixture-task-18253,false
18254,fixture-task-18254,false
18255,fixture-task-18255,true
18256,fixture-task-18256,false
18257,fixture-task-18257,false
18258,fixture-task-18258,true
18259,fixture-task-18259,false
18260,fixture-task-18260,false
18261,fixture-task-18261,true
18262,fixture-task-18262,false
18263,fixture-task-18263,false
18264,fixture-task-18264,true
18265,fixture-task-18265,false
18266,fixture-task-18266,false
18267,fixture-task-18267,true
18268,fixture-task-18268,false
18269,fixture-task-18269,false
18270,fixture-task-18270,true
18271,fixture-task-18271,false
18272,fixture-task-18272,false
18273,fixture-task-18273,true
18274,fixture-task-18274,false
18275,fixture-task-18275,false
18276,fixture-task-18276,true
18277,fixture-task-18277,false
18278,fixture-task-18278,false
18279,fixture-task-18279,true
18280,fixture-task-18280,false
18281,fixture-task-18281,false
18282,fixture-task-18282,true
18283,fixture-task-18283,false
18284,fixture-task-18284,false
18285,fixture-task-18285,true
18286,fixture-task-18286,false
18287,fixture-task-18287,false
18288,fixture-task-18288,true
18289,fixture-task-18289,false
18290,fixture-task-18290,false
18291,fixture-task-18291,true
18292,fixture-task-18292,false
18293,fixture-task-18293,false
18294,fixture-task-18294,true
18295,fixture-task-18295,false
18296,fixture-task-18296,false
18297,fixture-task-18297,true
18298,fixture-task-18298,false
18299,fixture-task-18299,false
18300,fixture-task-18300,true
18301,fixture-task-18301,false
18302,fixture-task-18302,false
18303,fixture-task-18303,true
18304,fixture-task-18304,false
18305,fixture-task-18305,false
18306,fixture-task-18306,true
18307,fixture-task-18307,false
18308,fixture-task-18308,false
18309,fixture-task-18309,true
18310,fixture-task-18310,false
18311,fixture-task-18311,false
18312,fixture-task-18312,true
18313,fixture-task-18313,false
18314,fixture-task-18314,false
18315,fixture-task-18315,true
18316,fixture-task-18316,false
18317,fixture-task-18317,false
18318,fixture-task-18318,true
18319,fixture-task-18319,false
18320,fixture-task-18320,false
18321,fixture-task-18321,true
18322,fixture-task-18322,false
18323,fixture-task-18323,false
18324,fixture-task-18324,true
18325,fixture-task-18325,false
18326,fixture-task-18326,false
18327,fixture-task-18327,true
18328,fixture-task-18328,false
18329,fixture-task-18329,false
18330,fixture-task-18330,true
18331,fixture-task-18331,false
18332,fixture-task-18332,false
18333,fixture-task-18333,true
18334,fixture-task-18334,false
18335,fixture-task-18335,false
18336,fixture-task-18336,true
18337,fixture-task-18337,false
18338,fixture-task-18338,false
18339,fixture-task-18339,true
18340,fixture-task-18340,false
18341,fixture-task-18341,false
18342,fixture-task-18342,true
18343,fixture-task-18343,false
18344,fixture-task-18344,false
18345,fixture-task-18345,true
18346,fixture-task-18346,false
18347,fixture-task-18347,false
18348,fixture-task-18348,true
18349,fixture-task-18349,false
18350,fixture-task-18350,false
18351,fixture-task-18351,true
18352,fixture-task-18352,false
18353,fixture-task-18353,false
18354,fixture-task-18354,true
18355,fixture-task-18355,false
18356,fixture-task-18356,false
18357,fixture-task-18357,true
18358,fixture-task-18358,false
18359,fixture-task-18359,false
18360,fixture-task-18360,true
18361,fixture-task-18361,false
18362,fixture-task-18362,false
18363,fixture-task-18363,true
18364,fixture-task-18364,false
18365,fixture-task-18365,false
18366,fixture-task-18366,true
18367,fixture-task-18367,false
18368,fixture-task-18368,false
18369,fixture-task-18369,true
18370,fixture-task-18370,false
18371,fixture-task-18371,false
18372,fixture-task-18372,true
18373,fixture-task-18373,false
18374,fixture-task-18374,false
18375,fixture-task-18375,true
18376,fixture-task-18376,false
18377,fixture-task-18377,false
18378,fixture-task-18378,true
18379,fixture-task-18379,false
18380,fixture-task-18380,false
18381,fixture-task-18381,true
18382,fixture-task-18382,false
18383,fixture-task-18383,false
18384,fixture-task-18384,true
18385,fixture-task-18385,false
18386,fixture-task-18386,false
18387,fixture-task-18387,true
18388,fixture-task-18388,false
18389,fixture-task-18389,false
18390,fixture-task-18390,true
18391,fixture-task-18391,false
18392,fixture-task-18392,false
18393,fixture-task-18393,true
18394,fixture-task-18394,false
18395,fixture-task-18395,false
18396,fixture-task-18396,true
18397,fixture-task-18397,false
18398,fixture-task-18398,false
18399,fixture-task-18399,true
18400,fixture-task-18400,false
18401,fixture-task-18401,false
18402,fixture-task-18402,true
18403,fixture-task-18403,false
18404,fixture-task-18404,false
18405,fixture-task-18405,true
18406,fixture-task-18406,false
18407,fixture-task-18407,false
18408,fixture-task-18408,true
18409,fixture-task-18409,false
18410,fixture-task-18410,false
18411,fixture-task-18411,true
18412,fixture-task-18412,false
18413,fixture-task-18413,false
18414,fixture-task-18414,true
18415,fixture-task-18415,false
18416,fixture-task-18416,false
18417,fixture-task-18417,true
18418,fixture-task-18418,false
18419,fixture-task-18419,false
18420,fixture-task-18420,true
18421,fixture-task-18421,false
18422,fixture-task-18422,false
18423,fixture-task-18423,true
18424,fixture-task-18424,false
18425,fixture-task-18425,false
18426,fixture-task-18426,true
18427,fixture-task-18427,false
18428,fixture-task-18428,false
18429,fixture-task-18429,true
18430,fixture-task-18430,false
18431,fixture-task-18431,false
18432,fixture-task-18432,true
18433,fixture-task-18433,false
18434,fixture-task-18434,false
18435,fixture-task-18435,true
18436,fixture-task-18436,false
18437,fixture-task-18437,false
18438,fixture-task-18438,true
18439,fixture-task-18439,false
18440,fixture-task-18440,false
18441,fixture-task-18441,true
18442,fixture-task-18442,false
18443,fixture-task-18443,false
18444,fixture-task-18444,true
18445,fixture-task-18445,false
18446,fixture-task-18446,false
18447,fixture-task-18447,true
18448,fixture-task-18448,false
18449,fixture-task-18449,false
18450,fixture-task-18450,true
18451,fixture-task-18451,false
18452,fixture-task-18452,false
18453,fixture-task-18453,true
18454,fixture-task-18454,false
18455,fixture-task-18455,false
18456,fixture-task-18456,true
18457,fixture-task-18457,false
18458,fixture-task-18458,false
18459,fixture-task-18459,true
18460,fixture-task-18460,false
18461,fixture-task-18461,false
18462,fixture-task-18462,true
18463,fixture-task-18463,false
18464,fixture-task-18464,false
18465,fixture-task-18465,true
18466,fixture-task-18466,false
18467,fixture-task-18467,false
18468,fixture-task-18468,true
18469,fixture-task-18469,false
18470,fixture-task-18470,false
18471,fixture-task-18471,true
18472,fixture-task-18472,false
18473,fixture-task-18473,false
18474,fixture-task-18474,true
18475,fixture-task-18475,false
18476,fixture-task-18476,false
18477,fixture-task-18477,true
18478,fixture-task-18478,false
18479,fixture-task-18479,false
18480,fixture-task-18480,true
18481,fixture-task-18481,false
18482,fixture-task-18482,false
18483,fixture-task-18483,true
18484,fixture-task-18484,false
18485,fixture-task-18485,false
18486,fixture-task-18486,true
18487,fixture-task-18487,false
18488,fixture-task-18488,false
18489,fixture-task-18489,true
18490,fixture-task-18490,false
18491,fixture-task-18491,false
18492,fixture-task-18492,true
18493,fixture-task-18493,false
18494,fixture-task-18494,false
18495,fixture-task-18495,true
18496,fixture-task-18496,false
18497,fixture-task-18497,false
18498,fixture-task-18498,true
18499,fixture-task-18499,false
18500,fixture-task-18500,false
18501,fixture-task-18501,true
18502,fixture-task-18502,false
18503,fixture-task-18503,false
18504,fixture-task-18504,true
18505,fixture-task-18505,false
18506,fixture-task-18506,false
18507,fixture-task-18507,true
18508,fixture-task-18508,false
18509,fixture-task-18509,false
18510,fixture-task-18510,true
18511,fixture-task-18511,false
18512,fixture-task-18512,false
18513,fixture-task-18513,true
18514,fixture-task-18514,false
18515,fixture-task-18515,false
18516,fixture-task-18516,true
18517,fixture-task-18517,false
18518,fixture-task-18518,false
18519,fixture-task-18519,true
18520,fixture-task-18520,false
18521,fixture-task-18521,false
18522,fixture-task-18522,true
18523,fixture-task-18523,false
18524,fixture-task-18524,false
18525,fixture-task-18525,true
18526,fixture-task-18526,false
18527,fixture-task-18527,false
18528,fixture-task-18528,true
18529,fixture-task-18529,false
18530,fixture-task-18530,false
18531,fixture-task-18531,true
18532,fixture-task-18532,false
18533,fixture-task-18533,false
18534,fixture-task-18534,true
18535,fixture-task-18535,false
18536,fixture-task-18536,false
18537,fixture-task-18537,true
18538,fixture-task-18538,false
18539,fixture-task-18539,false
18540,fixture-task-18540,true
18541,fixture-task-18541,false
18542,fixture-task-18542,false
18543,fixture-task-18543,true
18544,fixture-task-18544,false
18545,fixture-task-18545,false
18546,fixture-task-18546,true
18547,fixture-task-18547,false
18548,fixture-task-18548,false
18549,fixture-task-18549,true
18550,fixture-task-18550,false
18551,fixture-task-18551,false
18552,fixture-task-18552,true
18553,fixture-task-18553,false
18554,fixture-task-18554,false
18555,fixture-task-18555,true
18556,fixture-task-18556,false
18557,fixture-task-18557,false
18558,fixture-task-18558,true
18559,fixture-task-18559,false
18560,fixture-task-18560,false
18561,fixture-task-18561,true
18562,fixture-task-18562,false
18563,fixture-task-18563,false
18564,fixture-task-18564,true
18565,fixture-task-18565,false
18566,fixture-task-18566,false
18567,fixture-task-18567,true
18568,fixture-task-18568,false
18569,fixture-task-18569,false
18570,fixture-task-18570,true
18571,fixture-task-18571,false
18572,fixture-task-18572,false
18573,fixture-task-18573,true
18574,fixture-task-18574,false
18575,fixture-task-18575,false
18576,fixture-task-18576,true
18577,fixture-task-18577,false
18578,fixture-task-18578,false
18579,fixture-task-18579,true
18580,fixture-task-18580,false
18581,fixture-task-18581,false
18582,fixture-task-18582,true
18583,fixture-task-18583,false
18584,fixture-task-18584,false
18585,fixture-task-18585,true
18586,fixture-task-18586,false
18587,fixture-task-18587,false
18588,fixture-task-18588,true
18589,fixture-task-18589,false
18590,fixture-task-18590,false
18591,fixture-task-18591,true
18592,fixture-task-18592,false
18593,fixture-task-18593,false
18594,fixture-task-18594,true
18595,fixture-task-18595,false
18596,fixture-task-18596,false
18597,fixture-task-18597,true
18598,fixture-task-18598,false
18599,fixture-task-18599,false
18600,fixture-task-18600,true
18601,fixture-task-18601,false
18602,fixture-task-18602,false
18603,fixture-task-18603,true
18604,fixture-task-18604,false
18605,fixture-task-18605,false
18606,fixture-task-18606,true
18607,fixture-task-18607,false
18608,fixture-task-18608,false
18609,fixture-task-18609,true
18610,fixture-task-18610,false
18611,fixture-task-18611,false
18612,fixture-task-18612,true
18613,fixture-task-18613,false
18614,fixture-task-18614,false
18615,fixture-task-18615,true
18616,fixture-task-18616,false
18617,fixture-task-18617,false
18618,fixture-task-18618,true
18619,fixture-task-18619,false
18620,fixture-task-18620,false
18621,fixture-task-18621,true
18622,fixture-task-18622,false
18623,fixture-task-18623,false
18624,fixture-task-18624,true
18625,fixture-task-18625,false
18626,fixture-task-18626,false
18627,fixture-task-18627,true
18628,fixture-task-18628,false
18629,fixture-task-18629,false
18630,fixture-task-18630,true
18631,fixture-task-18631,false
18632,fixture-task-18632,false
18633,fixture-task-18633,true
18634,fixture-task-18634,false
18635,fixture-task-18635,false
18636,fixture-task-18636,true
18637,fixture-task-18637,false
18638,fixture-task-18638,false
18639,fixture-task-18639,true
18640,fixture-task-18640,false
18641,fixture-task-18641,false
18642,fixture-task-18642,true
18643,fixture-task-18643,false
18644,fixture-task-18644,false
18645,fixture-task-18645,true
18646,fixture-task-18646,false
18647,fixture-task-18647,false
18648,fixture-task-18648,true
18649,fixture-task-18649,false
18650,fixture-task-18650,false
18651,fixture-task-18651,true
18652,fixture-task-18652,false
18653,fixture-task-18653,false
18654,fixture-task-18654,true
18655,fixture-task-18655,false
18656,fixture-task-18656,false
18657,fixture-task-18657,true
18658,fixture-task-18658,false
18659,fixture-task-18659,false
18660,fixture-task-18660,true
18661,fixture-task-18661,false
18662,fixture-task-18662,false
18663,fixture-task-18663,true
18664,fixture-task-18664,false
18665,fixture-task-18665,false
18666,fixture-task-18666,true
18667,fixture-task-18667,false
18668,fixture-task-18668,false
18669,fixture-task-18669,true
18670,fixture-task-18670,false
18671,fixture-task-18671,false
18672,fixture-task-18672,true
18673,fixture-task-18673,false
18674,fixture-task-18674,false
18675,fixture-task-18675,true
18676,fixture-task-18676,false
18677,fixture-task-18677,false
18678,fixture-task-18678,true
18679,fixture-task-18679,false
18680,fixture-task-18680,false
18681,fixture-task-18681,true
18682,fixture-task-18682,false
18683,fixture-task-18683,false
18684,fixture-task-18684,true
18685,fixture-task-18685,false
18686,fixture-task-18686,false
18687,fixture-task-18687,true
18688,fixture-task-18688,false
18689,fixture-task-18689,false
18690,fixture-task-18690,true
18691,fixture-task-18691,false
18692,fixture-task-18692,false
18693,fixture-task-18693,true
18694,fixture-task-18694,false
18695,fixture-task-18695,false
18696,fixture-task-18696,true
18697,fixture-task-18697,false
18698,fixture-task-18698,false
18699,fixture-task-18699,true
18700,fixture-task-18700,false
18701,fixture-task-18701,false
18702,fixture-task-18702,true
18703,fixture-task-18703,false
18704,fixture-task-18704,false
18705,fixture-task-18705,true
18706,fixture-task-18706,false
18707,fixture-task-18707,false
18708,fixture-task-18708,true
18709,fixture-task-18709,false
18710,fixture-task-18710,false
18711,fixture-task-18711,true
18712,fixture-task-18712,false
18713,fixture-task-18713,false
18714,fixture-task-18714,true
18715,fixture-task-18715,false
18716,fixture-task-18716,false
18717,fixture-task-18717,true
18718,fixture-task-18718,false
18719,fixture-task-18719,false
18720,fixture-task-18720,true
18721,fixture-task-18721,false
18722,fixture-task-18722,false
18723,fixture-task-18723,true
18724,fixture-task-18724,false
18725,fixture-task-18725,false
18726,fixture-task-18726,true
18727,fixture-task-18727,false
18728,fixture-task-18728,false
18729,fixture-task-18729,true
18730,fixture-task-18730,false
18731,fixture-task-18731,false
18732,fixture-task-18732,true
18733,fixture-task-18733,false
18734,fixture-task-18734,false
18735,fixture-task-18735,true
18736,fixture-task-18736,false
18737,fixture-task-18737,false
18738,fixture-task-18738,true
18739,fixture-task-18739,false
18740,fixture-task-18740,false
18741,fixture-task-18741,true
18742,fixture-task-18742,false
18743,fixture-task-18743,false
18744,fixture-task-18744,true
18745,fixture-task-18745,false
18746,fixture-task-18746,false
18747,fixture-task-18747,true
18748,fixture-task-18748,false
18749,fixture-task-18749,false
18750,fixture-task-18750,true
18751,fixture-task-18751,false
18752,fixture-task-18752,false
18753,fixture-task-18753,true
18754,fixture-task-18754,false
18755,fixture-task-18755,false
18756,fixture-task-18756,true
18757,fixture-task-18757,false
18758,fixture-task-18758,false
18759,fixture-task-18759,true
18760,fixture-task-18760,false
18761,fixture-task-18761,false
18762,fixture-task-18762,true
18763,fixture-task-18763,false
18764,fixture-task-18764,false
18765,fixture-task-18765,true
18766,fixture-task-18766,false
18767,fixture-task-18767,false
18768,fixture-task-18768,true
18769,fixture-task-18769,false
18770,fixture-task-18770,false
18771,fixture-task-18771,true
18772,fixture-task-18772,false
18773,fixture-task-18773,false
18774,fixture-task-18774,true
18775,fixture-task-18775,false
18776,fixture-task-18776,false
18777,fixture-task-18777,true
18778,fixture-task-18778,false
18779,fixture-task-18779,false
18780,fixture-task-18780,true
18781,fixture-task-18781,false
18782,fixture-task-18782,false
18783,fixture-task-18783,true
18784,fixture-task-18784,false
18785,fixture-task-18785,false
18786,fixture-task-18786,true
18787,fixture-task-18787,false
18788,fixture-task-18788,false
18789,fixture-task-18789,true
18790,fixture-task-18790,false
18791,fixture-task-18791,false
18792,fixture-task-18792,true
18793,fixture-task-18793,false
18794,fixture-task-18794,false
18795,fixture-task-18795,true
18796,fixture-task-18796,false
18797,fixture-task-18797,false
18798,fixture-task-18798,true
18799,fixture-task-18799,false
18800,fixture-task-18800,false
18801,fixture-task-18801,true
18802,fixture-task-18802,false
18803,fixture-task-18803,false
18804,fixture-task-18804,true
18805,fixture-task-18805,false
18806,fixture-task-18806,false
18807,fixture-task-18807,true
18808,fixture-task-18808,false
18809,fixture-task-18809,false
18810,fixture-task-18810,true
18811,fixture-task-18811,false
18812,fixture-task-18812,false
18813,fixture-task-18813,true
18814,fixture-task-18814,false
18815,fixture-task-18815,false
18816,fixture-task-18816,true
18817,fixture-task-18817,false
18818,fixture-task-18818,false
18819,fixture-task-18819,true
18820,fixture-task-18820,false
18821,fixture-task-18821,false
18822,fixture-task-18822,true
18823,fixture-task-18823,false
18824,fixture-task-18824,false
18825,fixture-task-18825,true
18826,fixture-task-18826,false
18827,fixture-task-18827,false
18828,fixture-task-18828,true
18829,fixture-task-18829,false
18830,fixture-task-18830,false
18831,fixture-task-18831,true
18832,fixture-task-18832,false
18833,fixture-task-18833,false
18834,fixture-task-18834,true
18835,fixture-task-18835,false
18836,fixture-task-18836,false
18837,fixture-task-18837,true
18838,fixture-task-18838,false
18839,fixture-task-18839,false
18840,fixture-task-18840,true
18841,fixture-task-18841,false
18842,fixture-task-18842,false
18843,fixture-task-18843,true
18844,fixture-task-18844,false
18845,fixture-task-18845,false
18846,fixture-task-18846,true
18847,fixture-task-18847,false
18848,fixture-task-18848,false
18849,fixture-task-18849,true
18850,fixture-task-18850,false
18851,fixture-task-18851,false
18852,fixture-task-18852,true
18853,fixture-task-18853,false
18854,fixture-task-18854,false
18855,fixture-task-18855,true
18856,fixture-task-18856,false
18857,fixture-task-18857,false
18858,fixture-task-18858,true
18859,fixture-task-18859,false
18860,fixture-task-18860,false
18861,fixture-task-18861,true
18862,fixture-task-18862,false
18863,fixture-task-18863,false
18864,fixture-task-18864,true
18865,fixture-task-18865,false
18866,fixture-task-18866,false
18867,fixture-task-18867,true
18868,fixture-task-18868,false
18869,fixture-task-18869,false
18870,fixture-task-18870,true
18871,fixture-task-18871,false
18872,fixture-task-18872,false
18873,fixture-task-18873,true
18874,fixture-task-18874,false
18875,fixture-task-18875,false
18876,fixture-task-18876,true
18877,fixture-task-18877,false
18878,fixture-task-18878,false
18879,fixture-task-18879,true
18880,fixture-task-18880,false
18881,fixture-task-18881,false
18882,fixture-task-18882,true
18883,fixture-task-18883,false
18884,fixture-task-18884,false
18885,fixture-task-18885,true
18886,fixture-task-18886,false
18887,fixture-task-18887,false
18888,fixture-task-18888,true
18889,fixture-task-18889,false
18890,fixture-task-18890,false
18891,fixture-task-18891,true
18892,fixture-task-18892,false
18893,fixture-task-18893,false
18894,fixture-task-18894,true
18895,fixture-task-18895,false
18896,fixture-task-18896,false
18897,fixture-task-18897,true
18898,fixture-task-18898,false
18899,fixture-task-18899,false
18900,fixture-task-18900,true
18901,fixture-task-18901,false
18902,fixture-task-18902,false
18903,fixture-task-18903,true
18904,fixture-task-18904,false
18905,fixture-task-18905,false
18906,fixture-task-18906,true
18907,fixture-task-18907,false
18908,fixture-task-18908,false
18909,fixture-task-18909,true
18910,fixture-task-18910,false
18911,fixture-task-18911,false
18912,fixture-task-18912,true
18913,fixture-task-18913,false
18914,fixture-task-18914,false
18915,fixture-task-18915,true
18916,fixture-task-18916,false
18917,fixture-task-18917,false
18918,fixture-task-18918,true
18919,fixture-task-18919,false
18920,fixture-task-18920,false
18921,fixture-task-18921,true
18922,fixture-task-18922,false
18923,fixture-task-18923,false
18924,fixture-task-18924,true
18925,fixture-task-18925,false
18926,fixture-task-18926,false
18927,fixture-task-18927,true
18928,fixture-task-18928,false
18929,fixture-task-18929,false
18930,fixture-task-18930,true
18931,fixture-task-18931,false
18932,fixture-task-18932,false
18933,fixture-task-18933,true
18934,fixture-task-18934,false
18935,fixture-task-18935,false
18936,fixture-task-18936,true
18937,fixture-task-18937,false
18938,fixture-task-18938,false
18939,fixture-task-18939,true
18940,fixture-task-18940,false
18941,fixture-task-18941,false
18942,fixture-task-18942,true
18943,fixture-task-18943,false
18944,fixture-task-18944,false
18945,fixture-task-18945,true
18946,fixture-task-18946,false
18947,fixture-task-18947,false
18948,fixture-task-18948,true
18949,fixture-task-18949,false
18950,fixture-task-18950,false
18951,fixture-task-18951,true
18952,fixture-task-18952,false
18953,fixture-task-18953,false
18954,fixture-task-18954,true
18955,fixture-task-18955,false
18956,fixture-task-18956,false
18957,fixture-task-18957,true
18958,fixture-task-18958,false
18959,fixture-task-18959,false
18960,fixture-task-18960,true
18961,fixture-task-18961,false
18962,fixture-task-18962,false
18963,fixture-task-18963,true
18964,fixture-task-18964,false
18965,fixture-task-18965,false
18966,fixture-task-18966,true
18967,fixture-task-18967,false
18968,fixture-task-18968,false
18969,fixture-task-18969,true
18970,fixture-task-18970,false
18971,fixture-task-18971,false
18972,fixture-task-18972,true
18973,fixture-task-18973,false
18974,fixture-task-18974,false
18975,fixture-task-18975,true
18976,fixture-task-18976,false
18977,fixture-task-18977,false
18978,fixture-task-18978,true
18979,fixture-task-18979,false
18980,fixture-task-18980,false
18981,fixture-task-18981,true
18982,fixture-task-18982,false
18983,fixture-task-18983,false
18984,fixture-task-18984,true
18985,fixture-task-18985,false
18986,fixture-task-18986,false
18987,fixture-task-18987,true
18988,fixture-task-18988,false
18989,fixture-task-18989,false
18990,fixture-task-18990,true
18991,fixture-task-18991,false
18992,fixture-task-18992,false
18993,fixture-task-18993,true
18994,fixture-task-18994,false
18995,fixture-task-18995,false
18996,fixture-task-18996,true
18997,fixture-task-18997,false
18998,fixture-task-18998,false
18999,fixture-task-18999,true
19000,fixture-task-19000,false
19001,fixture-task-19001,false
19002,fixture-task-19002,true
19003,fixture-task-19003,false
19004,fixture-task-19004,false
19005,fixture-task-19005,true
19006,fixture-task-19006,false
19007,fixture-task-19007,false
19008,fixture-task-19008,true
19009,fixture-task-19009,false
19010,fixture-task-19010,false
19011,fixture-task-19011,true
19012,fixture-task-19012,false
19013,fixture-task-19013,false
19014,fixture-task-19014,true
19015,fixture-task-19015,false
19016,fixture-task-19016,false
19017,fixture-task-19017,true
19018,fixture-task-19018,false
19019,fixture-task-19019,false
19020,fixture-task-19020,true
19021,fixture-task-19021,false
19022,fixture-task-19022,false
19023,fixture-task-19023,true
19024,fixture-task-19024,false
19025,fixture-task-19025,false
19026,fixture-task-19026,true
19027,fixture-task-19027,false
19028,fixture-task-19028,false
19029,fixture-task-19029,true
19030,fixture-task-19030,false
19031,fixture-task-19031,false
19032,fixture-task-19032,true
19033,fixture-task-19033,false
19034,fixture-task-19034,false
19035,fixture-task-19035,true
19036,fixture-task-19036,false
19037,fixture-task-19037,false
19038,fixture-task-19038,true
19039,fixture-task-19039,false
19040,fixture-task-19040,false
19041,fixture-task-19041,true
19042,fixture-task-19042,false
19043,fixture-task-19043,false
19044,fixture-task-19044,true
19045,fixture-task-19045,false
19046,fixture-task-19046,false
19047,fixture-task-19047,true
19048,fixture-task-19048,false
19049,fixture-task-19049,false
19050,fixture-task-19050,true
19051,fixture-task-19051,false
19052,fixture-task-19052,false
19053,fixture-task-19053,true
19054,fixture-task-19054,false
19055,fixture-task-19055,false
19056,fixture-task-19056,true
19057,fixture-task-19057,false
19058,fixture-task-19058,false
19059,fixture-task-19059,true
19060,fixture-task-19060,false
19061,fixture-task-19061,false
19062,fixture-task-19062,true
19063,fixture-task-19063,false
19064,fixture-task-19064,false
19065,fixture-task-19065,true
19066,fixture-task-19066,false
19067,fixture-task-19067,false
19068,fixture-task-19068,true
19069,fixture-task-19069,false
19070,fixture-task-19070,false
19071,fixture-task-19071,true
19072,fixture-task-19072,false
19073,fixture-task-19073,false
19074,fixture-task-19074,true
19075,fixture-task-19075,false
19076,fixture-task-19076,false
19077,fixture-task-19077,true
19078,fixture-task-19078,false
19079,fixture-task-19079,false
19080,fixture-task-19080,true
19081,fixture-task-19081,false
19082,fixture-task-19082,false
19083,fixture-task-19083,true
19084,fixture-task-19084,false
19085,fixture-task-19085,false
19086,fixture-task-19086,true
19087,fixture-task-19087,false
19088,fixture-task-19088,false
19089,fixture-task-19089,true
19090,fixture-task-19090,false
19091,fixture-task-19091,false
19092,fixture-task-19092,true
19093,fixture-task-19093,false
19094,fixture-task-19094,false
19095,fixture-task-19095,true
19096,fixture-task-19096,false
19097,fixture-task-19097,false
19098,fixture-task-19098,true
19099,fixture-task-19099,false
19100,fixture-task-19100,false
19101,fixture-task-19101,true
19102,fixture-task-19102,false
19103,fixture-task-19103,false
19104,fixture-task-19104,true
19105,fixture-task-19105,false
19106,fixture-task-19106,false
19107,fixture-task-19107,true
19108,fixture-task-19108,false
19109,fixture-task-19109,false
19110,fixture-task-19110,true
19111,fixture-task-19111,false
19112,fixture-task-19112,false
19113,fixture-task-19113,true
19114,fixture-task-19114,false
19115,fixture-task-19115,false
19116,fixture-task-19116,true
19117,fixture-task-19117,false
19118,fixture-task-19118,false
19119,fixture-task-19119,true
19120,fixture-task-19120,false
19121,fixture-task-19121,false
19122,fixture-task-19122,true
19123,fixture-task-19123,false
19124,fixture-task-19124,false
19125,fixture-task-19125,true
19126,fixture-task-19126,false
19127,fixture-task-19127,false
19128,fixture-task-19128,true
19129,fixture-task-19129,false
19130,fixture-task-19130,false
19131,fixture-task-19131,true
19132,fixture-task-19132,false
19133,fixture-task-19133,false
19134,fixture-task-19134,true
19135,fixture-task-19135,false
19136,fixture-task-19136,false
19137,fixture-task-19137,true
19138,fixture-task-19138,false
19139,fixture-task-19139,false
19140,fixture-task-19140,true
19141,fixture-task-19141,false
19142,fixture-task-19142,false
19143,fixture-task-19143,true
19144,fixture-task-19144,false
19145,fixture-task-19145,false
19146,fixture-task-19146,true
19147,fixture-task-19147,false
19148,fixture-task-19148,false
19149,fixture-task-19149,true
19150,fixture-task-19150,false
19151,fixture-task-19151,false
19152,fixture-task-19152,true
19153,fixture-task-19153,false
19154,fixture-task-19154,false
19155,fixture-task-19155,true
19156,fixture-task-19156,false
19157,fixture-task-19157,false
19158,fixture-task-19158,true
19159,fixture-task-19159,false
19160,fixture-task-19160,false
19161,fixture-task-19161,true
19162,fixture-task-19162,false
19163,fixture-task-19163,false
19164,fixture-task-19164,true
19165,fixture-task-19165,false
19166,fixture-task-19166,false
19167,fixture-task-19167,true
19168,fixture-task-19168,false
19169,fixture-task-19169,false
19170,fixture-task-19170,true
19171,fixture-task-19171,false
19172,fixture-task-19172,false
19173,fixture-task-19173,true
19174,fixture-task-19174,false
19175,fixture-task-19175,false
19176,fixture-task-19176,true
19177,fixture-task-19177,false
19178,fixture-task-19178,false
19179,fixture-task-19179,true
19180,fixture-task-19180,false
19181,fixture-task-19181,false
19182,fixture-task-19182,true
19183,fixture-task-19183,false
19184,fixture-task-19184,false
19185,fixture-task-19185,true
19186,fixture-task-19186,false
19187,fixture-task-19187,false
19188,fixture-task-19188,true
19189,fixture-task-19189,false
19190,fixture-task-19190,false
19191,fixture-task-19191,true
19192,fixture-task-19192,false
19193,fixture-task-19193,false
19194,fixture-task-19194,true
19195,fixture-task-19195,false
19196,fixture-task-19196,false
19197,fixture-task-19197,true
19198,fixture-task-19198,false
19199,fixture-task-19199,false
19200,fixture-task-19200,true
19201,fixture-task-19201,false
19202,fixture-task-19202,false
19203,fixture-task-19203,true
19204,fixture-task-19204,false
19205,fixture-task-19205,false
19206,fixture-task-19206,true
19207,fixture-task-19207,false
19208,fixture-task-19208,false
19209,fixture-task-19209,true
19210,fixture-task-19210,false
19211,fixture-task-19211,false
19212,fixture-task-19212,true
19213,fixture-task-19213,false
19214,fixture-task-19214,false
19215,fixture-task-19215,true
19216,fixture-task-19216,false
19217,fixture-task-19217,false
19218,fixture-task-19218,true
19219,fixture-task-19219,false
19220,fixture-task-19220,false
19221,fixture-task-19221,true
19222,fixture-task-19222,false
19223,fixture-task-19223,false
19224,fixture-task-19224,true
19225,fixture-task-19225,false
19226,fixture-task-19226,false
19227,fixture-task-19227,true
19228,fixture-task-19228,false
19229,fixture-task-19229,false
19230,fixture-task-19230,true
19231,fixture-task-19231,false
19232,fixture-task-19232,false
19233,fixture-task-19233,true
19234,fixture-task-19234,false
19235,fixture-task-19235,false
19236,fixture-task-19236,true
19237,fixture-task-19237,false
19238,fixture-task-19238,false
19239,fixture-task-19239,true
19240,fixture-task-19240,false
19241,fixture-task-19241,false
19242,fixture-task-19242,true
19243,fixture-task-19243,false
19244,fixture-task-19244,false
19245,fixture-task-19245,true
19246,fixture-task-19246,false
19247,fixture-task-19247,false
19248,fixture-task-19248,true
19249,fixture-task-19249,false
19250,fixture-task-19250,false
19251,fixture-task-19251,true
19252,fixture-task-19252,false
19253,fixture-task-19253,false
19254,fixture-task-19254,true
19255,fixture-task-19255,false
19256,fixture-task-19256,false
19257,fixture-task-19257,true
19258,fixture-task-19258,false
19259,fixture-task-19259,false
19260,fixture-task-19260,true
19261,fixture-task-19261,false
19262,fixture-task-19262,false
19263,fixture-task-19263,true
19264,fixture-task-19264,false
19265,fixture-task-19265,false
19266,fixture-task-19266,true
19267,fixture-task-19267,false
19268,fixture-task-19268,false
19269,fixture-task-19269,true
19270,fixture-task-19270,false
19271,fixture-task-19271,false
19272,fixture-task-19272,true
19273,fixture-task-19273,false
19274,fixture-task-19274,false
19275,fixture-task-19275,true
19276,fixture-task-19276,false
19277,fixture-task-19277,false
19278,fixture-task-19278,true
19279,fixture-task-19279,false
19280,fixture-task-19280,false
19281,fixture-task-19281,true
19282,fixture-task-19282,false
19283,fixture-task-19283,false
19284,fixture-task-19284,true
19285,fixture-task-19285,false
19286,fixture-task-19286,false
19287,fixture-task-19287,true
19288,fixture-task-19288,false
19289,fixture-task-19289,false
19290,fixture-task-19290,true
19291,fixture-task-19291,false
19292,fixture-task-19292,false
19293,fixture-task-19293,true
19294,fixture-task-19294,false
19295,fixture-task-19295,false
19296,fixture-task-19296,true
19297,fixture-task-19297,false
19298,fixture-task-19298,false
19299,fixture-task-19299,true
19300,fixture-task-19300,false
19301,fixture-task-19301,false
19302,fixture-task-19302,true
19303,fixture-task-19303,false
19304,fixture-task-19304,false
19305,fixture-task-19305,true
19306,fixture-task-19306,false
19307,fixture-task-19307,false
19308,fixture-task-19308,true
19309,fixture-task-19309,false
19310,fixture-task-19310,false
19311,fixture-task-19311,true
19312,fixture-task-19312,false
19313,fixture-task-19313,false
19314,fixture-task-19314,true
19315,fixture-task-19315,false
19316,fixture-task-19316,false
19317,fixture-task-19317,true
19318,fixture-task-19318,false
19319,fixture-task-19319,false
19320,fixture-task-19320,true
19321,fixture-task-19321,false
19322,fixture-task-19322,false
19323,fixture-task-19323,true
19324,fixture-task-19324,false
19325,fixture-task-19325,false
19326,fixture-task-19326,true
19327,fixture-task-19327,false
19328,fixture-task-19328,false
19329,fixture-task-19329,true
19330,fixture-task-19330,false
19331,fixture-task-19331,false
19332,fixture-task-19332,true
19333,fixture-task-19333,false
19334,fixture-task-19334,false
19335,fixture-task-19335,true
19336,fixture-task-19336,false
19337,fixture-task-19337,false
19338,fixture-task-19338,true
19339,fixture-task-19339,false
19340,fixture-task-19340,false
19341,fixture-task-19341,true
19342,fixture-task-19342,false
19343,fixture-task-19343,false
19344,fixture-task-19344,true
19345,fixture-task-19345,false
19346,fixture-task-19346,false
19347,fixture-task-19347,true
19348,fixture-task-19348,false
19349,fixture-task-19349,false
19350,fixture-task-19350,true
19351,fixture-task-19351,false
19352,fixture-task-19352,false
19353,fixture-task-19353,true
19354,fixture-task-19354,false
19355,fixture-task-19355,false
19356,fixture-task-19356,true
19357,fixture-task-19357,false
19358,fixture-task-19358,false
19359,fixture-task-19359,true
19360,fixture-task-19360,false
19361,fixture-task-19361,false
19362,fixture-task-19362,true
19363,fixture-task-19363,false
19364,fixture-task-19364,false
19365,fixture-task-19365,true
19366,fixture-task-19366,false
19367,fixture-task-19367,false
19368,fixture-task-19368,true
19369,fixture-task-19369,false
19370,fixture-task-19370,false
19371,fixture-task-19371,true
19372,fixture-task-19372,false
19373,fixture-task-19373,false
19374,fixture-task-19374,true
19375,fixture-task-19375,false
19376,fixture-task-19376,false
19377,fixture-task-19377,true
19378,fixture-task-19378,false
19379,fixture-task-19379,false
19380,fixture-task-19380,true
19381,fixture-task-19381,false
19382,fixture-task-19382,false
19383,fixture-task-19383,true
19384,fixture-task-19384,false
19385,fixture-task-19385,false
19386,fixture-task-19386,true
19387,fixture-task-19387,false
19388,fixture-task-19388,false
19389,fixture-task-19389,true
19390,fixture-task-19390,false
19391,fixture-task-19391,false
19392,fixture-task-19392,true
19393,fixture-task-19393,false
19394,fixture-task-19394,false
19395,fixture-task-19395,true
19396,fixture-task-19396,false
19397,fixture-task-19397,false
19398,fixture-task-19398,true
19399,fixture-task-19399,false
19400,fixture-task-19400,false
19401,fixture-task-19401,true
19402,fixture-task-19402,false
19403,fixture-task-19403,false
19404,fixture-task-19404,true
19405,fixture-task-19405,false
19406,fixture-task-19406,false
19407,fixture-task-19407,true
19408,fixture-task-19408,false
19409,fixture-task-19409,false
19410,fixture-task-19410,true
19411,fixture-task-19411,false
19412,fixture-task-19412,false
19413,fixture-task-19413,true
19414,fixture-task-19414,false
19415,fixture-task-19415,false
19416,fixture-task-19416,true
19417,fixture-task-19417,false
19418,fixture-task-19418,false
19419,fixture-task-19419,true
19420,fixture-task-19420,false
19421,fixture-task-19421,false
19422,fixture-task-19422,true
19423,fixture-task-19423,false
19424,fixture-task-19424,false
19425,fixture-task-19425,true
19426,fixture-task-19426,false
19427,fixture-task-19427,false
19428,fixture-task-19428,true
19429,fixture-task-19429,false
19430,fixture-task-19430,false
19431,fixture-task-19431,true
19432,fixture-task-19432,false
19433,fixture-task-19433,false
19434,fixture-task-19434,true
19435,fixture-task-19435,false
19436,fixture-task-19436,false
19437,fixture-task-19437,true
19438,fixture-task-19438,false
19439,fixture-task-19439,false
19440,fixture-task-19440,true
19441,fixture-task-19441,false
19442,fixture-task-19442,false
19443,fixture-task-19443,true
19444,fixture-task-19444,false
19445,fixture-task-19445,false
19446,fixture-task-19446,true
19447,fixture-task-19447,false
19448,fixture-task-19448,false
19449,fixture-task-19449,true
19450,fixture-task-19450,false
19451,fixture-task-19451,false
19452,fixture-task-19452,true
19453,fixture-task-19453,false
19454,fixture-task-19454,false
19455,fixture-task-19455,true
19456,fixture-task-19456,false
19457,fixture-task-19457,false
19458,fixture-task-19458,true
19459,fixture-task-19459,false
19460,fixture-task-19460,false
19461,fixture-task-19461,true
19462,fixture-task-19462,false
19463,fixture-task-19463,false
19464,fixture-task-19464,true
19465,fixture-task-19465,false
19466,fixture-task-19466,false
19467,fixture-task-19467,true
19468,fixture-task-19468,false
19469,fixture-task-19469,false
19470,fixture-task-19470,true
19471,fixture-task-19471,false
19472,fixture-task-19472,false
19473,fixture-task-19473,true
19474,fixture-task-19474,false
19475,fixture-task-19475,false
19476,fixture-task-19476,true
19477,fixture-task-19477,false
19478,fixture-task-19478,false
19479,fixture-task-19479,true
19480,fixture-task-19480,false
19481,fixture-task-19481,false
19482,fixture-task-19482,true
19483,fixture-task-19483,false
19484,fixture-task-19484,false
19485,fixture-task-19485,true
19486,fixture-task-19486,false
19487,fixture-task-19487,false
19488,fixture-task-19488,true
19489,fixture-task-19489,false
19490,fixture-task-19490,false
19491,fixture-task-19491,true
19492,fixture-task-19492,false
19493,fixture-task-19493,false
19494,fixture-task-19494,true
19495,fixture-task-19495,false
19496,fixture-task-19496,false
19497,fixture-task-19497,true
19498,fixture-task-19498,false
19499,fixture-task-19499,false
19500,fixture-task-19500,true
19501,fixture-task-19501,false
19502,fixture-task-19502,false
19503,fixture-task-19503,true
19504,fixture-task-19504,false
19505,fixture-task-19505,false
19506,fixture-task-19506,true
19507,fixture-task-19507,false
19508,fixture-task-19508,false
19509,fixture-task-19509,true
19510,fixture-task-19510,false
19511,fixture-task-19511,false
19512,fixture-task-19512,true
19513,fixture-task-19513,false
19514,fixture-task-19514,false
19515,fixture-task-19515,true
19516,fixture-task-19516,false
19517,fixture-task-19517,false
19518,fixture-task-19518,true
19519,fixture-task-19519,false
19520,fixture-task-19520,false
19521,fixture-task-19521,true
19522,fixture-task-19522,false
19523,fixture-task-19523,false
19524,fixture-task-19524,true
19525,fixture-task-19525,false
19526,fixture-task-19526,false
19527,fixture-task-19527,true
19528,fixture-task-19528,false
19529,fixture-task-19529,false
19530,fixture-task-19530,true
19531,fixture-task-19531,false
19532,fixture-task-19532,false
19533,fixture-task-19533,true
19534,fixture-task-19534,false
19535,fixture-task-19535,false
19536,fixture-task-19536,true
19537,fixture-task-19537,false
19538,fixture-task-19538,false
19539,fixture-task-19539,true
19540,fixture-task-19540,false
19541,fixture-task-19541,false
19542,fixture-task-19542,true
19543,fixture-task-19543,false
19544,fixture-task-19544,false
19545,fixture-task-19545,true
19546,fixture-task-19546,false
19547,fixture-task-19547,false
19548,fixture-task-19548,true
19549,fixture-task-19549,false
19550,fixture-task-19550,false
19551,fixture-task-19551,true
19552,fixture-task-19552,false
19553,fixture-task-19553,false
19554,fixture-task-19554,true
19555,fixture-task-19555,false
19556,fixture-task-19556,false
19557,fixture-task-19557,true
19558,fixture-task-19558,false
19559,fixture-task-19559,false
19560,fixture-task-19560,true
19561,fixture-task-19561,false
19562,fixture-task-19562,false
19563,fixture-task-19563,true
19564,fixture-task-19564,false
19565,fixture-task-19565,false
19566,fixture-task-19566,true
19567,fixture-task-19567,false
19568,fixture-task-19568,false
19569,fixture-task-19569,true
19570,fixture-task-19570,false
19571,fixture-task-19571,false
19572,fixture-task-19572,true
19573,fixture-task-19573,false
19574,fixture-task-19574,false
19575,fixture-task-19575,true
19576,fixture-task-19576,false
19577,fixture-task-19577,false
19578,fixture-task-19578,true
19579,fixture-task-19579,false
19580,fixture-task-19580,false
19581,fixture-task-19581,true
19582,fixture-task-19582,false
19583,fixture-task-19583,false
19584,fixture-task-19584,true
19585,fixture-task-19585,false
19586,fixture-task-19586,false
19587,fixture-task-19587,true
19588,fixture-task-19588,false
19589,fixture-task-19589,false
19590,fixture-task-19590,true
19591,fixture-task-19591,false
19592,fixture-task-19592,false
19593,fixture-task-19593,true
19594,fixture-task-19594,false
19595,fixture-task-19595,false
19596,fixture-task-19596,true
19597,fixture-task-19597,false
19598,fixture-task-19598,false
19599,fixture-task-19599,true
19600,fixture-task-19600,false
19601,fixture-task-19601,false
19602,fixture-task-19602,true
19603,fixture-task-19603,false
19604,fixture-task-19604,false
19605,fixture-task-19605,true
19606,fixture-task-19606,false
19607,fixture-task-19607,false
19608,fixture-task-19608,true
19609,fixture-task-19609,false
19610,fixture-task-19610,false
19611,fixture-task-19611,true
19612,fixture-task-19612,false
19613,fixture-task-19613,false
19614,fixture-task-19614,true
19615,fixture-task-19615,false
19616,fixture-task-19616,false
19617,fixture-task-19617,true
19618,fixture-task-19618,false
19619,fixture-task-19619,false
19620,fixture-task-19620,true
19621,fixture-task-19621,false
19622,fixture-task-19622,false
19623,fixture-task-19623,true
19624,fixture-task-19624,false
19625,fixture-task-19625,false
19626,fixture-task-19626,true
19627,fixture-task-19627,false
19628,fixture-task-19628,false
19629,fixture-task-19629,true
19630,fixture-task-19630,false
19631,fixture-task-19631,false
19632,fixture-task-19632,true
19633,fixture-task-19633,false
19634,fixture-task-19634,false
19635,fixture-task-19635,true
19636,fixture-task-19636,false
19637,fixture-task-19637,false
19638,fixture-task-19638,true
19639,fixture-task-19639,false
19640,fixture-task-19640,false
19641,fixture-task-19641,true
19642,fixture-task-19642,false
19643,fixture-task-19643,false
19644,fixture-task-19644,true
19645,fixture-task-19645,false
19646,fixture-task-19646,false
19647,fixture-task-19647,true
19648,fixture-task-19648,false
19649,fixture-task-19649,false
19650,fixture-task-19650,true
19651,fixture-task-19651,false
19652,fixture-task-19652,false
19653,fixture-task-19653,true
19654,fixture-task-19654,false
19655,fixture-task-19655,false
19656,fixture-task-19656,true
19657,fixture-task-19657,false
19658,fixture-task-19658,false
19659,fixture-task-19659,true
19660,fixture-task-19660,false
19661,fixture-task-19661,false
19662,fixture-task-19662,true
19663,fixture-task-19663,false
19664,fixture-task-19664,false
19665,fixture-task-19665,true
19666,fixture-task-19666,false
19667,fixture-task-19667,false
19668,fixture-task-19668,true
19669,fixture-task-19669,false
19670,fixture-task-19670,false
19671,fixture-task-19671,true
19672,fixture-task-19672,false
19673,fixture-task-19673,false
19674,fixture-task-19674,true
19675,fixture-task-19675,false
19676,fixture-task-19676,false
19677,fixture-task-19677,true
19678,fixture-task-19678,false
19679,fixture-task-19679,false
19680,fixture-task-19680,true
19681,fixture-task-19681,false
19682,fixture-task-19682,false
19683,fixture-task-19683,true
19684,fixture-task-19684,false
19685,fixture-task-19685,false
19686,fixture-task-19686,true
19687,fixture-task-19687,false
19688,fixture-task-19688,false
19689,fixture-task-19689,true
19690,fixture-task-19690,false
19691,fixture-task-19691,false
19692,fixture-task-19692,true
19693,fixture-task-19693,false
19694,fixture-task-19694,false
19695,fixture-task-19695,true
19696,fixture-task-19696,false
19697,fixture-task-19697,false
19698,fixture-task-19698,true
19699,fixture-task-19699,false
19700,fixture-task-19700,false
19701,fixture-task-19701,true
19702,fixture-task-19702,false
19703,fixture-task-19703,false
19704,fixture-task-19704,true
19705,fixture-task-19705,false
19706,fixture-task-19706,false
19707,fixture-task-19707,true
19708,fixture-task-19708,false
19709,fixture-task-19709,false
19710,fixture-task-19710,true
19711,fixture-task-19711,false
19712,fixture-task-19712,false
19713,fixture-task-19713,true
19714,fixture-task-19714,false
19715,fixture-task-19715,false
19716,fixture-task-19716,true
19717,fixture-task-19717,false
19718,fixture-task-19718,false
19719,fixture-task-19719,true
19720,fixture-task-19720,false
19721,fixture-task-19721,false
19722,fixture-task-19722,true
19723,fixture-task-19723,false
19724,fixture-task-19724,false
19725,fixture-task-19725,true
19726,fixture-task-19726,false
19727,fixture-task-19727,false
19728,fixture-task-19728,true
19729,fixture-task-19729,false
19730,fixture-task-19730,false
19731,fixture-task-19731,true
19732,fixture-task-19732,false
19733,fixture-task-19733,false
19734,fixture-task-19734,true
19735,fixture-task-19735,false
19736,fixture-task-19736,false
19737,fixture-task-19737,true
19738,fixture-task-19738,false
19739,fixture-task-19739,false
19740,fixture-task-19740,true
19741,fixture-task-19741,false
19742,fixture-task-19742,false
19743,fixture-task-19743,true
19744,fixture-task-19744,false
19745,fixture-task-19745,false
19746,fixture-task-19746,true
19747,fixture-task-19747,false
19748,fixture-task-19748,false
19749,fixture-task-19749,true
19750,fixture-task-19750,false
19751,fixture-task-19751,false
19752,fixture-task-19752,true
19753,fixture-task-19753,false
19754,fixture-task-19754,false
19755,fixture-task-19755,true
19756,fixture-task-19756,false
19757,fixture-task-19757,false
19758,fixture-task-19758,true
19759,fixture-task-19759,false
19760,fixture-task-19760,false
19761,fixture-task-19761,true
19762,fixture-task-19762,false
19763,fixture-task-19763,false
19764,fixture-task-19764,true
19765,fixture-task-19765,false
19766,fixture-task-19766,false
19767,fixture-task-19767,true
19768,fixture-task-19768,false
19769,fixture-task-19769,false
19770,fixture-task-19770,true
19771,fixture-task-19771,false
19772,fixture-task-19772,false
19773,fixture-task-19773,true
19774,fixture-task-19774,false
19775,fixture-task-19775,false
19776,fixture-task-19776,true
19777,fixture-task-19777,false
19778,fixture-task-19778,false
19779,fixture-task-19779,true
19780,fixture-task-19780,false
19781,fixture-task-19781,false
19782,fixture-task-19782,true
19783,fixture-task-19783,false
19784,fixture-task-19784,false
19785,fixture-task-19785,true
19786,fixture-task-19786,false
19787,fixture-task-19787,false
19788,fixture-task-19788,true
19789,fixture-task-19789,false
19790,fixture-task-19790,false
19791,fixture-task-19791,true
19792,fixture-task-19792,false
19793,fixture-task-19793,false
19794,fixture-task-19794,true
19795,fixture-task-19795,false
19796,fixture-task-19796,false
19797,fixture-task-19797,true
19798,fixture-task-19798,false
19799,fixture-task-19799,false
19800,fixture-task-19800,true
19801,fixture-task-19801,false
19802,fixture-task-19802,false
19803,fixture-task-19803,true
19804,fixture-task-19804,false
19805,fixture-task-19805,false
19806,fixture-task-19806,true
19807,fixture-task-19807,false
19808,fixture-task-19808,false
19809,fixture-task-19809,true
19810,fixture-task-19810,false
19811,fixture-task-19811,false
19812,fixture-task-19812,true
19813,fixture-task-19813,false
19814,fixture-task-19814,false
19815,fixture-task-19815,true
19816,fixture-task-19816,false
19817,fixture-task-19817,false
19818,fixture-task-19818,true
19819,fixture-task-19819,false
19820,fixture-task-19820,false
19821,fixture-task-19821,true
19822,fixture-task-19822,false
19823,fixture-task-19823,false
19824,fixture-task-19824,true
19825,fixture-task-19825,false
19826,fixture-task-19826,false
19827,fixture-task-19827,true
19828,fixture-task-19828,false
19829,fixture-task-19829,false
19830,fixture-task-19830,true
19831,fixture-task-19831,false
19832,fixture-task-19832,false
19833,fixture-task-19833,true
19834,fixture-task-19834,false
19835,fixture-task-19835,false
19836,fixture-task-19836,true
19837,fixture-task-19837,false
19838,fixture-task-19838,false
19839,fixture-task-19839,true
19840,fixture-task-19840,false
19841,fixture-task-19841,false
19842,fixture-task-19842,true
19843,fixture-task-19843,false
19844,fixture-task-19844,false
19845,fixture-task-19845,true
19846,fixture-task-19846,false
19847,fixture-task-19847,false
19848,fixture-task-19848,true
19849,fixture-task-19849,false
19850,fixture-task-19850,false
19851,fixture-task-19851,true
19852,fixture-task-19852,false
19853,fixture-task-19853,false
19854,fixture-task-19854,true
19855,fixture-task-19855,false
19856,fixture-task-19856,false
19857,fixture-task-19857,true
19858,fixture-task-19858,false
19859,fixture-task-19859,false
19860,fixture-task-19860,true
19861,fixture-task-19861,false
19862,fixture-task-19862,false
19863,fixture-task-19863,true
19864,fixture-task-19864,false
19865,fixture-task-19865,false
19866,fixture-task-19866,true
19867,fixture-task-19867,false
19868,fixture-task-19868,false
19869,fixture-task-19869,true
19870,fixture-task-19870,false
19871,fixture-task-19871,false
19872,fixture-task-19872,true
19873,fixture-task-19873,false
19874,fixture-task-19874,false
19875,fixture-task-19875,true
19876,fixture-task-19876,false
19877,fixture-task-19877,false
19878,fixture-task-19878,true
19879,fixture-task-19879,false
19880,fixture-task-19880,false
19881,fixture-task-19881,true
19882,fixture-task-19882,false
19883,fixture-task-19883,false
19884,fixture-task-19884,true
19885,fixture-task-19885,false
19886,fixture-task-19886,false
19887,fixture-task-19887,true
19888,fixture-task-19888,false
19889,fixture-task-19889,false
19890,fixture-task-19890,true
19891,fixture-task-19891,false
19892,fixture-task-19892,false
19893,fixture-task-19893,true
19894,fixture-task-19894,false
19895,fixture-task-19895,false
19896,fixture-task-19896,true
19897,fixture-task-19897,false
19898,fixture-task-19898,false
19899,fixture-task-19899,true
19900,fixture-task-19900,false
19901,fixture-task-19901,false
19902,fixture-task-19902,true
19903,fixture-task-19903,false
19904,fixture-task-19904,false
19905,fixture-task-19905,true
19906,fixture-task-19906,false
19907,fixture-task-19907,false
19908,fixture-task-19908,true
19909,fixture-task-19909,false
19910,fixture-task-19910,false
19911,fixture-task-19911,true
19912,fixture-task-19912,false
19913,fixture-task-19913,false
19914,fixture-task-19914,true
19915,fixture-task-19915,false
19916,fixture-task-19916,false
19917,fixture-task-19917,true
19918,fixture-task-19918,false
19919,fixture-task-19919,false
19920,fixture-task-19920,true
19921,fixture-task-19921,false
19922,fixture-task-19922,false
19923,fixture-task-19923,true
19924,fixture-task-19924,false
19925,fixture-task-19925,false
19926,fixture-task-19926,true
19927,fixture-task-19927,false
19928,fixture-task-19928,false
19929,fixture-task-19929,true
19930,fixture-task-19930,false
19931,fixture-task-19931,false
19932,fixture-task-19932,true
19933,fixture-task-19933,false
19934,fixture-task-19934,false
19935,fixture-task-19935,true
19936,fixture-task-19936,false
19937,fixture-task-19937,false
19938,fixture-task-19938,true
19939,fixture-task-19939,false
19940,fixture-task-19940,false
19941,fixture-task-19941,true
19942,fixture-task-19942,false
19943,fixture-task-19943,false
19944,fixture-task-19944,true
19945,fixture-task-19945,false
19946,fixture-task-19946,false
19947,fixture-task-19947,true
19948,fixture-task-19948,false
19949,fixture-task-19949,false
19950,fixture-task-19950,true
19951,fixture-task-19951,false
19952,fixture-task-19952,false
19953,fixture-task-19953,true
19954,fixture-task-19954,false
19955,fixture-task-19955,false
19956,fixture-task-19956,true
19957,fixture-task-19957,false
19958,fixture-task-19958,false
19959,fixture-task-19959,true
19960,fixture-task-19960,false
19961,fixture-task-19961,false
19962,fixture-task-19962,true
19963,fixture-task-19963,false
19964,fixture-task-19964,false
19965,fixture-task-19965,true
19966,fixture-task-19966,false
19967,fixture-task-19967,false
19968,fixture-task-19968,true
19969,fixture-task-19969,false
19970,fixture-task-19970,false
19971,fixture-task-19971,true
19972,fixture-task-19972,false
19973,fixture-task-19973,false
19974,fixture-task-19974,true
19975,fixture-task-19975,false
19976,fixture-task-19976,false
19977,fixture-task-19977,true
19978,fixture-task-19978,false
19979,fixture-task-19979,false
19980,fixture-task-19980,true
19981,fixture-task-19981,false
19982,fixture-task-19982,false
19983,fixture-task-19983,true
19984,fixture-task-19984,false
19985,fixture-task-19985,false
19986,fixture-task-19986,true
19987,fixture-task-19987,false
19988,fixture-task-19988,false
19989,fixture-task-19989,true
19990,fixture-task-19990,false
19991,fixture-task-19991,false
19992,fixture-task-19992,true
19993,fixture-task-19993,false
19994,fixture-task-19994,false
19995,fixture-task-19995,true
19996,fixture-task-19996,false
19997,fixture-task-19997,false
19998,fixture-task-19998,true
19999,fixture-task-19999,false
20000,fixture-task-20000,false
20001,fixture-task-20001,true
20002,fixture-task-20002,false
20003,fixture-task-20003,false
20004,fixture-task-20004,true
20005,fixture-task-20005,false
20006,fixture-task-20006,false
20007,fixture-task-20007,true
20008,fixture-task-20008,false
20009,fixture-task-20009,false
20010,fixture-task-20010,true
20011,fixture-task-20011,false
20012,fixture-task-20012,false
20013,fixture-task-20013,true
20014,fixture-task-20014,false
20015,fixture-task-20015,false
20016,fixture-task-20016,true
20017,fixture-task-20017,false
20018,fixture-task-20018,false
20019,fixture-task-20019,true
20020,fixture-task-20020,false
20021,fixture-task-20021,false
20022,fixture-task-20022,true
20023,fixture-task-20023,false
20024,fixture-task-20024,false
20025,fixture-task-20025,true
20026,fixture-task-20026,false
20027,fixture-task-20027,false
20028,fixture-task-20028,true
20029,fixture-task-20029,false
20030,fixture-task-20030,false
20031,fixture-task-20031,true
20032,fixture-task-20032,false
20033,fixture-task-20033,false
20034,fixture-task-20034,true
20035,fixture-task-20035,false
20036,fixture-task-20036,false
20037,fixture-task-20037,true
20038,fixture-task-20038,false
20039,fixture-task-20039,false
20040,fixture-task-20040,true
20041,fixture-task-20041,false
20042,fixture-task-20042,false
20043,fixture-task-20043,true
20044,fixture-task-20044,false
20045,fixture-task-20045,false
20046,fixture-task-20046,true
20047,fixture-task-20047,false
20048,fixture-task-20048,false
20049,fixture-task-20049,true
20050,fixture-task-20050,false
20051,fixture-task-20051,false
20052,fixture-task-20052,true
20053,fixture-task-20053,false
20054,fixture-task-20054,false
20055,fixture-task-20055,true
20056,fixture-task-20056,false
20057,fixture-task-20057,false
20058,fixture-task-20058,true
20059,fixture-task-20059,false
20060,fixture-task-20060,false
20061,fixture-task-20061,true
20062,fixture-task-20062,false
20063,fixture-task-20063,false
20064,fixture-task-20064,true
20065,fixture-task-20065,false
20066,fixture-task-20066,false
20067,fixture-task-20067,true
20068,fixture-task-20068,false
20069,fixture-task-20069,false
20070,fixture-task-20070,true
20071,fixture-task-20071,false
20072,fixture-task-20072,false
20073,fixture-task-20073,true
20074,fixture-task-20074,false
20075,fixture-task-20075,false
20076,fixture-task-20076,true
20077,fixture-task-20077,false
20078,fixture-task-20078,false
20079,fixture-task-20079,true
20080,fixture-task-20080,false
20081,fixture-task-20081,false
20082,fixture-task-20082,true
20083,fixture-task-20083,false
20084,fixture-task-20084,false
20085,fixture-task-20085,true
20086,fixture-task-20086,false
20087,fixture-task-20087,false
20088,fixture-task-20088,true
20089,fixture-task-20089,false
20090,fixture-task-20090,false
20091,fixture-task-20091,true
20092,fixture-task-20092,false
20093,fixture-task-20093,false
20094,fixture-task-20094,true
20095,fixture-task-20095,false
20096,fixture-task-20096,false
20097,fixture-task-20097,true
20098,fixture-task-20098,false
20099,fixture-task-20099,false
20100,fixture-task-20100,true
20101,fixture-task-20101,false
20102,fixture-task-20102,false
20103,fixture-task-20103,true
20104,fixture-task-20104,false
20105,fixture-task-20105,false
20106,fixture-task-20106,true
20107,fixture-task-20107,false
20108,fixture-task-20108,false
20109,fixture-task-20109,true
20110,fixture-task-20110,false
20111,fixture-task-20111,false
20112,fixture-task-20112,true
20113,fixture-task-20113,false
20114,fixture-task-20114,false
20115,fixture-task-20115,true
20116,fixture-task-20116,false
20117,fixture-task-20117,false
20118,fixture-task-20118,true
20119,fixture-task-20119,false
20120,fixture-task-20120,false
20121,fixture-task-20121,true
20122,fixture-task-20122,false
20123,fixture-task-20123,false
20124,fixture-task-20124,true
20125,fixture-task-20125,false
20126,fixture-task-20126,false
20127,fixture-task-20127,true
20128,fixture-task-20128,false
20129,fixture-task-20129,false
20130,fixture-task-20130,true
20131,fixture-task-20131,false
20132,fixture-task-20132,false
20133,fixture-task-20133,true
20134,fixture-task-20134,false
20135,fixture-task-20135,false
20136,fixture-task-20136,true
20137,fixture-task-20137,false
20138,fixture-task-20138,false
20139,fixture-task-20139,true
20140,fixture-task-20140,false
20141,fixture-task-20141,false
20142,fixture-task-20142,true
20143,fixture-task-20143,false
20144,fixture-task-20144,false
20145,fixture-task-20145,true
20146,fixture-task-20146,false
20147,fixture-task-20147,false
20148,fixture-task-20148,true
20149,fixture-task-20149,false
20150,fixture-task-20150,false
20151,fixture-task-20151,true
20152,fixture-task-20152,false
20153,fixture-task-20153,false
20154,fixture-task-20154,true
20155,fixture-task-20155,false
20156,fixture-task-20156,false
20157,fixture-task-20157,true
20158,fixture-task-20158,false
20159,fixture-task-20159,false
20160,fixture-task-20160,true
20161,fixture-task-20161,false
20162,fixture-task-20162,false
20163,fixture-task-20163,true
20164,fixture-task-20164,false
20165,fixture-task-20165,false
20166,fixture-task-20166,true
20167,fixture-task-20167,false
20168,fixture-task-20168,false
20169,fixture-task-20169,true
20170,fixture-task-20170,false
20171,fixture-task-20171,false
20172,fixture-task-20172,true
20173,fixture-task-20173,false
20174,fixture-task-20174,false
20175,fixture-task-20175,true
20176,fixture-task-20176,false
20177,fixture-task-20177,false
20178,fixture-task-20178,true
20179,fixture-task-20179,false
20180,fixture-task-20180,false
20181,fixture-task-20181,true
20182,fixture-task-20182,false
20183,fixture-task-20183,false
20184,fixture-task-20184,true
20185,fixture-task-20185,false
20186,fixture-task-20186,false
20187,fixture-task-20187,true
20188,fixture-task-20188,false
20189,fixture-task-20189,false
20190,fixture-task-20190,true
20191,fixture-task-20191,false
20192,fixture-task-20192,false
20193,fixture-task-20193,true
20194,fixture-task-20194,false
20195,fixture-task-20195,false
20196,fixture-task-20196,true
20197,fixture-task-20197,false
20198,fixture-task-20198,false
20199,fixture-task-20199,true
20200,fixture-task-20200,false
20201,fixture-task-20201,false
20202,fixture-task-20202,true
20203,fixture-task-20203,false
20204,fixture-task-20204,false
20205,fixture-task-20205,true
20206,fixture-task-20206,false
20207,fixture-task-20207,false
20208,fixture-task-20208,true
20209,fixture-task-20209,false
20210,fixture-task-20210,false
20211,fixture-task-20211,true
20212,fixture-task-20212,false
20213,fixture-task-20213,false
20214,fixture-task-20214,true
20215,fixture-task-20215,false
20216,fixture-task-20216,false
20217,fixture-task-20217,true
20218,fixture-task-20218,false
20219,fixture-task-20219,false
20220,fixture-task-20220,true
20221,fixture-task-20221,false
20222,fixture-task-20222,false
20223,fixture-task-20223,true
20224,fixture-task-20224,false
20225,fixture-task-20225,false
20226,fixture-task-20226,true
20227,fixture-task-20227,false
20228,fixture-task-20228,false
20229,fixture-task-20229,true
20230,fixture-task-20230,false
20231,fixture-task-20231,false
20232,fixture-task-20232,true
20233,fixture-task-20233,false
20234,fixture-task-20234,false
20235,fixture-task-20235,true
20236,fixture-task-20236,false
20237,fixture-task-20237,false
20238,fixture-task-20238,true
20239,fixture-task-20239,false
20240,fixture-task-20240,false
20241,fixture-task-20241,true
20242,fixture-task-20242,false
20243,fixture-task-20243,false
20244,fixture-task-20244,true
20245,fixture-task-20245,false
20246,fixture-task-20246,false
20247,fixture-task-20247,true
20248,fixture-task-20248,false
20249,fixture-task-20249,false
20250,fixture-task-20250,true
20251,fixture-task-20251,false
20252,fixture-task-20252,false
20253,fixture-task-20253,true
20254,fixture-task-20254,false
20255,fixture-task-20255,false
20256,fixture-task-20256,true
20257,fixture-task-20257,false
20258,fixture-task-20258,false
20259,fixture-task-20259,true
20260,fixture-task-20260,false
20261,fixture-task-20261,false
20262,fixture-task-20262,true
20263,fixture-task-20263,false
20264,fixture-task-20264,false
20265,fixture-task-20265,true
20266,fixture-task-20266,false
20267,fixture-task-20267,false
20268,fixture-task-20268,true
20269,fixture-task-20269,false
20270,fixture-task-20270,false
20271,fixture-task-20271,true
20272,fixture-task-20272,false
20273,fixture-task-20273,false
20274,fixture-task-20274,true
20275,fixture-task-20275,false
20276,fixture-task-20276,false
20277,fixture-task-20277,true
20278,fixture-task-20278,false
20279,fixture-task-20279,false
20280,fixture-task-20280,true
20281,fixture-task-20281,false
20282,fixture-task-20282,false
20283,fixture-task-20283,true
20284,fixture-task-20284,false
20285,fixture-task-20285,false
20286,fixture-task-20286,true
20287,fixture-task-20287,false
20288,fixture-task-20288,false
20289,fixture-task-20289,true
20290,fixture-task-20290,false
20291,fixture-task-20291,false
20292,fixture-task-20292,true
20293,fixture-task-20293,false
20294,fixture-task-20294,false
20295,fixture-task-20295,true
20296,fixture-task-20296,false
20297,fixture-task-20297,false
20298,fixture-task-20298,true
20299,fixture-task-20299,false
20300,fixture-task-20300,false
20301,fixture-task-20301,true
20302,fixture-task-20302,false
20303,fixture-task-20303,false
20304,fixture-task-20304,true
20305,fixture-task-20305,false
20306,fixture-task-20306,false
20307,fixture-task-20307,true
20308,fixture-task-20308,false
20309,fixture-task-20309,false
20310,fixture-task-20310,true
20311,fixture-task-20311,false
20312,fixture-task-20312,false
20313,fixture-task-20313,true
20314,fixture-task-20314,false
20315,fixture-task-20315,false
20316,fixture-task-20316,true
20317,fixture-task-20317,false
20318,fixture-task-20318,false
20319,fixture-task-20319,true
20320,fixture-task-20320,false
20321,fixture-task-20321,false
20322,fixture-task-20322,true
20323,fixture-task-20323,false
20324,fixture-task-20324,false
20325,fixture-task-20325,true
20326,fixture-task-20326,false
20327,fixture-task-20327,false
20328,fixture-task-20328,true
20329,fixture-task-20329,false
20330,fixture-task-20330,false
20331,fixture-task-20331,true
20332,fixture-task-20332,false
20333,fixture-task-20333,false
20334,fixture-task-20334,true
20335,fixture-task-20335,false
20336,fixture-task-20336,false
20337,fixture-task-20337,true
20338,fixture-task-20338,false
20339,fixture-task-20339,false
20340,fixture-task-20340,true
20341,fixture-task-20341,false
20342,fixture-task-20342,false
20343,fixture-task-20343,true
20344,fixture-task-20344,false
20345,fixture-task-20345,false
20346,fixture-task-20346,true
20347,fixture-task-20347,false
20348,fixture-task-20348,false
20349,fixture-task-20349,true
20350,fixture-task-20350,false
20351,fixture-task-20351,false
20352,fixture-task-20352,true
20353,fixture-task-20353,false
20354,fixture-task-20354,false
20355,fixture-task-20355,true
20356,fixture-task-20356,false
20357,fixture-task-20357,false
20358,fixture-task-20358,true
20359,fixture-task-20359,false
20360,fixture-task-20360,false
20361,fixture-task-20361,true
20362,fixture-task-20362,false
20363,fixture-task-20363,false
20364,fixture-task-20364,true
20365,fixture-task-20365,false
20366,fixture-task-20366,false
20367,fixture-task-20367,true
20368,fixture-task-20368,false
20369,fixture-task-20369,false
20370,fixture-task-20370,true
20371,fixture-task-20371,false
20372,fixture-task-20372,false
20373,fixture-task-20373,true
20374,fixture-task-20374,false
20375,fixture-task-20375,false
20376,fixture-task-20376,true
20377,fixture-task-20377,false
20378,fixture-task-20378,false
20379,fixture-task-20379,true
20380,fixture-task-20380,false
20381,fixture-task-20381,false
20382,fixture-task-20382,true
20383,fixture-task-20383,false
20384,fixture-task-20384,false
20385,fixture-task-20385,true
20386,fixture-task-20386,false
20387,fixture-task-20387,false
20388,fixture-task-20388,true
20389,fixture-task-20389,false
20390,fixture-task-20390,false
20391,fixture-task-20391,true
20392,fixture-task-20392,false
20393,fixture-task-20393,false
20394,fixture-task-20394,true
20395,fixture-task-20395,false
20396,fixture-task-20396,false
20397,fixture-task-20397,true
20398,fixture-task-20398,false
20399,fixture-task-20399,false
20400,fixture-task-20400,true
20401,fixture-task-20401,false
20402,fixture-task-20402,false
20403,fixture-task-20403,true
20404,fixture-task-20404,false
20405,fixture-task-20405,false
20406,fixture-task-20406,true
20407,fixture-task-20407,false
20408,fixture-task-20408,false
20409,fixture-task-20409,true
20410,fixture-task-20410,false
20411,fixture-task-20411,false
20412,fixture-task-20412,true
20413,fixture-task-20413,false
20414,fixture-task-20414,false
20415,fixture-task-20415,true
20416,fixture-task-20416,false
20417,fixture-task-20417,false
20418,fixture-task-20418,true
20419,fixture-task-20419,false
20420,fixture-task-20420,false
20421,fixture-task-20421,true
20422,fixture-task-20422,false
20423,fixture-task-20423,false
20424,fixture-task-20424,true
20425,fixture-task-20425,false
20426,fixture-task-20426,false
20427,fixture-task-20427,true
20428,fixture-task-20428,false
20429,fixture-task-20429,false
20430,fixture-task-20430,true
20431,fixture-task-20431,false
20432,fixture-task-20432,false
20433,fixture-task-20433,true
20434,fixture-task-20434,false
20435,fixture-task-20435,false
20436,fixture-task-20436,true
20437,fixture-task-20437,false
20438,fixture-task-20438,false
20439,fixture-task-20439,true
20440,fixture-task-20440,false
20441,fixture-task-20441,false
20442,fixture-task-20442,true
20443,fixture-task-20443,false
20444,fixture-task-20444,false
20445,fixture-task-20445,true
20446,fixture-task-20446,false
20447,fixture-task-20447,false
20448,fixture-task-20448,true
20449,fixture-task-20449,false
20450,fixture-task-20450,false
20451,fixture-task-20451,true
20452,fixture-task-20452,false
20453,fixture-task-20453,false
20454,fixture-task-20454,true
20455,fixture-task-20455,false
20456,fixture-task-20456,false
20457,fixture-task-20457,true
20458,fixture-task-20458,false
20459,fixture-task-20459,false
20460,fixture-task-20460,true
20461,fixture-task-20461,false
20462,fixture-task-20462,false
20463,fixture-task-20463,true
20464,fixture-task-20464,false
20465,fixture-task-20465,false
20466,fixture-task-20466,true
20467,fixture-task-20467,false
20468,fixture-task-20468,false
20469,fixture-task-20469,true
20470,fixture-task-20470,false
20471,fixture-task-20471,false
20472,fixture-task-20472,true
20473,fixture-task-20473,false
20474,fixture-task-20474,false
20475,fixture-task-20475,true
20476,fixture-task-20476,false
20477,fixture-task-20477,false
20478,fixture-task-20478,true
20479,fixture-task-20479,false
20480,fixture-task-20480,false
20481,fixture-task-20481,true
20482,fixture-task-20482,false
20483,fixture-task-20483,false
20484,fixture-task-20484,true
20485,fixture-task-20485,false
20486,fixture-task-20486,false
20487,fixture-task-20487,true
20488,fixture-task-20488,false
20489,fixture-task-20489,false
20490,fixture-task-20490,true
20491,fixture-task-20491,false
20492,fixture-task-20492,false
20493,fixture-task-20493,true
20494,fixture-task-20494,false
20495,fixture-task-20495,false
20496,fixture-task-20496,true
20497,fixture-task-20497,false
20498,fixture-task-20498,false
20499,fixture-task-20499,true
20500,fixture-task-20500,false
20501,fixture-task-20501,false
20502,fixture-task-20502,true
20503,fixture-task-20503,false
20504,fixture-task-20504,false
20505,fixture-task-20505,true
20506,fixture-task-20506,false
20507,fixture-task-20507,false
20508,fixture-task-20508,true
20509,fixture-task-20509,false
20510,fixture-task-20510,false
20511,fixture-task-20511,true
20512,fixture-task-20512,false
20513,fixture-task-20513,false
20514,fixture-task-20514,true
20515,fixture-task-20515,false
20516,fixture-task-20516,false
20517,fixture-task-20517,true
20518,fixture-task-20518,false
20519,fixture-task-20519,false
20520,fixture-task-20520,true
20521,fixture-task-20521,false
20522,fixture-task-20522,false
20523,fixture-task-20523,true
20524,fixture-task-20524,false
20525,fixture-task-20525,false
20526,fixture-task-20526,true
20527,fixture-task-20527,false
20528,fixture-task-20528,false
20529,fixture-task-20529,true
20530,fixture-task-20530,false
20531,fixture-task-20531,false
20532,fixture-task-20532,true
20533,fixture-task-20533,false
20534,fixture-task-20534,false
20535,fixture-task-20535,true
20536,fixture-task-20536,false
20537,fixture-task-20537,false
20538,fixture-task-20538,true
20539,fixture-task-20539,false
20540,fixture-task-20540,false
20541,fixture-task-20541,true
20542,fixture-task-20542,false
20543,fixture-task-20543,false
20544,fixture-task-20544,true
20545,fixture-task-20545,false
20546,fixture-task-20546,false
20547,fixture-task-20547,true
20548,fixture-task-20548,false
20549,fixture-task-20549,false
20550,fixture-task-20550,true
20551,fixture-task-20551,false
20552,fixture-task-20552,false
20553,fixture-task-20553,true
20554,fixture-task-20554,false
20555,fixture-task-20555,false
20556,fixture-task-20556,true
20557,fixture-task-20557,false
20558,fixture-task-20558,false
20559,fixture-task-20559,true
20560,fixture-task-20560,false
20561,fixture-task-20561,false
20562,fixture-task-20562,true
20563,fixture-task-20563,false
20564,fixture-task-20564,false
20565,fixture-task-20565,true
20566,fixture-task-20566,false
20567,fixture-task-20567,false
20568,fixture-task-20568,true
20569,fixture-task-20569,false
20570,fixture-task-20570,false
20571,fixture-task-20571,true
20572,fixture-task-20572,false
20573,fixture-task-20573,false
20574,fixture-task-20574,true
20575,fixture-task-20575,false
20576,fixture-task-20576,false
20577,fixture-task-20577,true
20578,fixture-task-20578,false
20579,fixture-task-20579,false
20580,fixture-task-20580,true
20581,fixture-task-20581,false
20582,fixture-task-20582,false
20583,fixture-task-20583,true
20584,fixture-task-20584,false
20585,fixture-task-20585,false
20586,fixture-task-20586,true
20587,fixture-task-20587,false
20588,fixture-task-20588,false
20589,fixture-task-20589,true
20590,fixture-task-20590,false
20591,fixture-task-20591,false
20592,fixture-task-20592,true
20593,fixture-task-20593,false
20594,fixture-task-20594,false
20595,fixture-task-20595,true
20596,fixture-task-20596,false
20597,fixture-task-20597,false
20598,fixture-task-20598,true
20599,fixture-task-20599,false
20600,fixture-task-20600,false
20601,fixture-task-20601,true
20602,fixture-task-20602,false
20603,fixture-task-20603,false
20604,fixture-task-20604,true
20605,fixture-task-20605,false
20606,fixture-task-20606,false
20607,fixture-task-20607,true
20608,fixture-task-20608,false
20609,fixture-task-20609,false
20610,fixture-task-20610,true
20611,fixture-task-20611,false
20612,fixture-task-20612,false
20613,fixture-task-20613,true
20614,fixture-task-20614,false
20615,fixture-task-20615,false
20616,fixture-task-20616,true
20617,fixture-task-20617,false
20618,fixture-task-20618,false
20619,fixture-task-20619,true
20620,fixture-task-20620,false
20621,fixture-task-20621,false
20622,fixture-task-20622,true
20623,fixture-task-20623,false
20624,fixture-task-20624,false
20625,fixture-task-20625,true
20626,fixture-task-20626,false
20627,fixture-task-20627,false
20628,fixture-task-20628,true
20629,fixture-task-20629,false
20630,fixture-task-20630,false
20631,fixture-task-20631,true
20632,fixture-task-20632,false
20633,fixture-task-20633,false
20634,fixture-task-20634,true
20635,fixture-task-20635,false
20636,fixture-task-20636,false
20637,fixture-task-20637,true
20638,fixture-task-20638,false
20639,fixture-task-20639,false
20640,fixture-task-20640,true
20641,fixture-task-20641,false
20642,fixture-task-20642,false
20643,fixture-task-20643,true
20644,fixture-task-20644,false
20645,fixture-task-20645,false
20646,fixture-task-20646,true
20647,fixture-task-20647,false
20648,fixture-task-20648,false
20649,fixture-task-20649,true
20650,fixture-task-20650,false
20651,fixture-task-20651,false
20652,fixture-task-20652,true
20653,fixture-task-20653,false
20654,fixture-task-20654,false
20655,fixture-task-20655,true
20656,fixture-task-20656,false
20657,fixture-task-20657,false
20658,fixture-task-20658,true
20659,fixture-task-20659,false
20660,fixture-task-20660,false
20661,fixture-task-20661,true
20662,fixture-task-20662,false
20663,fixture-task-20663,false
20664,fixture-task-20664,true
20665,fixture-task-20665,false
20666,fixture-task-20666,false
20667,fixture-task-20667,true
20668,fixture-task-20668,false
20669,fixture-task-20669,false
20670,fixture-task-20670,true
20671,fixture-task-20671,false
20672,fixture-task-20672,false
20673,fixture-task-20673,true
20674,fixture-task-20674,false
20675,fixture-task-20675,false
20676,fixture-task-20676,true
20677,fixture-task-20677,false
20678,fixture-task-20678,false
20679,fixture-task-20679,true
20680,fixture-task-20680,false
20681,fixture-task-20681,false
20682,fixture-task-20682,true
20683,fixture-task-20683,false
20684,fixture-task-20684,false
20685,fixture-task-20685,true
20686,fixture-task-20686,false
20687,fixture-task-20687,false
20688,fixture-task-20688,true
20689,fixture-task-20689,false
20690,fixture-task-20690,false
20691,fixture-task-20691,true
20692,fixture-task-20692,false
20693,fixture-task-20693,false
20694,fixture-task-20694,true
20695,fixture-task-20695,false
20696,fixture-task-20696,false
20697,fixture-task-20697,true
20698,fixture-task-20698,false
20699,fixture-task-20699,false
20700,fixture-task-20700,true
20701,fixture-task-20701,false
20702,fixture-task-20702,false
20703,fixture-task-20703,true
20704,fixture-task-20704,false
20705,fixture-task-20705,false
20706,fixture-task-20706,true
20707,fixture-task-20707,false
20708,fixture-task-20708,false
20709,fixture-task-20709,true
20710,fixture-task-20710,false
20711,fixture-task-20711,false
20712,fixture-task-20712,true
20713,fixture-task-20713,false
20714,fixture-task-20714,false
20715,fixture-task-20715,true
20716,fixture-task-20716,false
20717,fixture-task-20717,false
20718,fixture-task-20718,true
20719,fixture-task-20719,false
20720,fixture-task-20720,false
20721,fixture-task-20721,true
20722,fixture-task-20722,false
20723,fixture-task-20723,false
20724,fixture-task-20724,true
20725,fixture-task-20725,false
20726,fixture-task-20726,false
20727,fixture-task-20727,true
20728,fixture-task-20728,false
20729,fixture-task-20729,false
20730,fixture-task-20730,true
20731,fixture-task-20731,false
20732,fixture-task-20732,false
20733,fixture-task-20733,true
20734,fixture-task-20734,false
20735,fixture-task-20735,false
20736,fixture-task-20736,true
20737,fixture-task-20737,false
20738,fixture-task-20738,false
20739,fixture-task-20739,true
20740,fixture-task-20740,false
20741,fixture-task-20741,false
20742,fixture-task-20742,true
20743,fixture-task-20743,false
20744,fixture-task-20744,false
20745,fixture-task-20745,true
20746,fixture-task-20746,false
20747,fixture-task-20747,false
20748,fixture-task-20748,true
20749,fixture-task-20749,false
20750,fixture-task-20750,false
20751,fixture-task-20751,true
20752,fixture-task-20752,false
20753,fixture-task-20753,false
20754,fixture-task-20754,true
20755,fixture-task-20755,false
20756,fixture-task-20756,false
20757,fixture-task-20757,true
20758,fixture-task-20758,false
20759,fixture-task-20759,false
20760,fixture-task-20760,true
20761,fixture-task-20761,false
20762,fixture-task-20762,false
20763,fixture-task-20763,true
20764,fixture-task-20764,false
20765,fixture-task-20765,false
20766,fixture-task-20766,true
20767,fixture-task-20767,false
20768,fixture-task-20768,false
20769,fixture-task-20769,true
20770,fixture-task-20770,false
20771,fixture-task-20771,false
20772,fixture-task-20772,true
20773,fixture-task-20773,false
20774,fixture-task-20774,false
20775,fixture-task-20775,true
20776,fixture-task-20776,false
20777,fixture-task-20777,false
20778,fixture-task-20778,true
20779,fixture-task-20779,false
20780,fixture-task-20780,false
20781,fixture-task-20781,true
20782,fixture-task-20782,false
20783,fixture-task-20783,false
20784,fixture-task-20784,true
20785,fixture-task-20785,false
20786,fixture-task-20786,false
20787,fixture-task-20787,true
20788,fixture-task-20788,false
20789,fixture-task-20789,false
20790,fixture-task-20790,true
20791,fixture-task-20791,false
20792,fixture-task-20792,false
20793,fixture-task-20793,true
20794,fixture-task-20794,false
20795,fixture-task-20795,false
20796,fixture-task-20796,true
20797,fixture-task-20797,false
20798,fixture-task-20798,false
20799,fixture-task-20799,true
20800,fixture-task-20800,false
20801,fixture-task-20801,false
20802,fixture-task-20802,true
20803,fixture-task-20803,false
20804,fixture-task-20804,false
20805,fixture-task-20805,true
20806,fixture-task-20806,false
20807,fixture-task-20807,false
20808,fixture-task-20808,true
20809,fixture-task-20809,false
20810,fixture-task-20810,false
20811,fixture-task-20811,true
20812,fixture-task-20812,false
20813,fixture-task-20813,false
20814,fixture-task-20814,true
20815,fixture-task-20815,false
20816,fixture-task-20816,false
20817,fixture-task-20817,true
20818,fixture-task-20818,false
20819,fixture-task-20819,false
20820,fixture-task-20820,true
20821,fixture-task-20821,false
20822,fixture-task-20822,false
20823,fixture-task-20823,true
20824,fixture-task-20824,false
20825,fixture-task-20825,false
20826,fixture-task-20826,true
20827,fixture-task-20827,false
20828,fixture-task-20828,false
20829,fixture-task-20829,true
20830,fixture-task-20830,false
20831,fixture-task-20831,false
20832,fixture-task-20832,true
20833,fixture-task-20833,false
20834,fixture-task-20834,false
20835,fixture-task-20835,true
20836,fixture-task-20836,false
20837,fixture-task-20837,false
20838,fixture-task-20838,true
20839,fixture-task-20839,false
20840,fixture-task-20840,false
20841,fixture-task-20841,true
20842,fixture-task-20842,false
20843,fixture-task-20843,false
20844,fixture-task-20844,true
20845,fixture-task-20845,false
20846,fixture-task-20846,false
20847,fixture-task-20847,true
20848,fixture-task-20848,false
20849,fixture-task-20849,false
20850,fixture-task-20850,true
20851,fixture-task-20851,false
20852,fixture-task-20852,false
20853,fixture-task-20853,true
20854,fixture-task-20854,false
20855,fixture-task-20855,false
20856,fixture-task-20856,true
20857,fixture-task-20857,false
20858,fixture-task-20858,false
20859,fixture-task-20859,true
20860,fixture-task-20860,false
20861,fixture-task-20861,false
20862,fixture-task-20862,true
20863,fixture-task-20863,false
20864,fixture-task-20864,false
20865,fixture-task-20865,true
20866,fixture-task-20866,false
20867,fixture-task-20867,false
20868,fixture-task-20868,true
20869,fixture-task-20869,false
20870,fixture-task-20870,false
20871,fixture-task-20871,true
20872,fixture-task-20872,false
20873,fixture-task-20873,false
20874,fixture-task-20874,true
20875,fixture-task-20875,false
20876,fixture-task-20876,false
20877,fixture-task-20877,true
20878,fixture-task-20878,false
20879,fixture-task-20879,false
20880,fixture-task-20880,true
20881,fixture-task-20881,false
20882,fixture-task-20882,false
20883,fixture-task-20883,true
20884,fixture-task-20884,false
20885,fixture-task-20885,false
20886,fixture-task-20886,true
20887,fixture-task-20887,false
20888,fixture-task-20888,false
20889,fixture-task-20889,true
20890,fixture-task-20890,false
20891,fixture-task-20891,false
20892,fixture-task-20892,true
20893,fixture-task-20893,false
20894,fixture-task-20894,false
20895,fixture-task-20895,true
20896,fixture-task-20896,false
20897,fixture-task-20897,false
20898,fixture-task-20898,true
20899,fixture-task-20899,false
20900,fixture-task-20900,false
20901,fixture-task-20901,true
20902,fixture-task-20902,false
20903,fixture-task-20903,false
20904,fixture-task-20904,true
20905,fixture-task-20905,false
20906,fixture-task-20906,false
20907,fixture-task-20907,true
20908,fixture-task-20908,false
20909,fixture-task-20909,false
20910,fixture-task-20910,true
20911,fixture-task-20911,false
20912,fixture-task-20912,false
20913,fixture-task-20913,true
20914,fixture-task-20914,false
20915,fixture-task-20915,false
20916,fixture-task-20916,true
20917,fixture-task-20917,false
20918,fixture-task-20918,false
20919,fixture-task-20919,true
20920,fixture-task-20920,false
20921,fixture-task-20921,false
20922,fixture-task-20922,true
20923,fixture-task-20923,false
20924,fixture-task-20924,false
20925,fixture-task-20925,true
20926,fixture-task-20926,false
20927,fixture-task-20927,false
20928,fixture-task-20928,true
20929,fixture-task-20929,false
20930,fixture-task-20930,false
20931,fixture-task-20931,true
20932,fixture-task-20932,false
20933,fixture-task-20933,false
20934,fixture-task-20934,true
20935,fixture-task-20935,false
20936,fixture-task-20936,false
20937,fixture-task-20937,true
20938,fixture-task-20938,false
20939,fixture-task-20939,false
20940,fixture-task-20940,true
20941,fixture-task-20941,false
20942,fixture-task-20942,false
20943,fixture-task-20943,true
20944,fixture-task-20944,false
20945,fixture-task-20945,false
20946,fixture-task-20946,true
20947,fixture-task-20947,false
20948,fixture-task-20948,false
20949,fixture-task-20949,true
20950,fixture-task-20950,false
20951,fixture-task-20951,false
20952,fixture-task-20952,true
20953,fixture-task-20953,false
20954,fixture-task-20954,false
20955,fixture-task-20955,true
20956,fixture-task-20956,false
20957,fixture-task-20957,false
20958,fixture-task-20958,true
20959,fixture-task-20959,false
20960,fixture-task-20960,false
20961,fixture-task-20961,true
20962,fixture-task-20962,false
20963,fixture-task-20963,false
20964,fixture-task-20964,true
20965,fixture-task-20965,false
20966,fixture-task-20966,false
20967,fixture-task-20967,true
20968,fixture-task-20968,false
20969,fixture-task-20969,false
20970,fixture-task-20970,true
20971,fixture-task-20971,false
20972,fixture-task-20972,false
20973,fixture-task-20973,true
20974,fixture-task-20974,false
20975,fixture-task-20975,false
20976,fixture-task-20976,true
20977,fixture-task-20977,false
20978,fixture-task-20978,false
20979,fixture-task-20979,true
20980,fixture-task-20980,false
20981,fixture-task-20981,false
20982,fixture-task-20982,true
20983,fixture-task-20983,false
20984,fixture-task-20984,false
20985,fixture-task-20985,true
20986,fixture-task-20986,false
20987,fixture-task-20987,false
20988,fixture-task-20988,true
20989,fixture-task-20989,false
20990,fixture-task-20990,false
20991,fixture-task-20991,true
20992,fixture-task-20992,false
20993,fixture-task-20993,false
20994,fixture-task-20994,true
20995,fixture-task-20995,false
20996,fixture-task-20996,false
20997,fixture-task-20997,true
20998,fixture-task-20998,false
20999,fixture-task-20999,false
21000,fixture-task-21000,true
21001,fixture-task-21001,false
21002,fixture-task-21002,false
21003,fixture-task-21003,true
21004,fixture-task-21004,false
21005,fixture-task-21005,false
21006,fixture-task-21006,true
21007,fixture-task-21007,false
21008,fixture-task-21008,false
21009,fixture-task-21009,true
21010,fixture-task-21010,false
21011,fixture-task-21011,false
21012,fixture-task-21012,true
21013,fixture-task-21013,false
21014,fixture-task-21014,false
21015,fixture-task-21015,true
21016,fixture-task-21016,false
21017,fixture-task-21017,false
21018,fixture-task-21018,true
21019,fixture-task-21019,false
21020,fixture-task-21020,false
21021,fixture-task-21021,true
21022,fixture-task-21022,false
21023,fixture-task-21023,false
21024,fixture-task-21024,true
21025,fixture-task-21025,false
21026,fixture-task-21026,false
21027,fixture-task-21027,true
21028,fixture-task-21028,false
21029,fixture-task-21029,false
21030,fixture-task-21030,true
21031,fixture-task-21031,false
21032,fixture-task-21032,false
21033,fixture-task-21033,true
21034,fixture-task-21034,false
21035,fixture-task-21035,false
21036,fixture-task-21036,true
21037,fixture-task-21037,false
21038,fixture-task-21038,false
21039,fixture-task-21039,true
21040,fixture-task-21040,false
21041,fixture-task-21041,false
21042,fixture-task-21042,true
21043,fixture-task-21043,false
21044,fixture-task-21044,false
21045,fixture-task-21045,true
21046,fixture-task-21046,false
21047,fixture-task-21047,false
21048,fixture-task-21048,true
21049,fixture-task-21049,false
21050,fixture-task-21050,false
21051,fixture-task-21051,true
21052,fixture-task-21052,false
21053,fixture-task-21053,false
21054,fixture-task-21054,true
21055,fixture-task-21055,false
21056,fixture-task-21056,false
21057,fixture-task-21057,true
21058,fixture-task-21058,false
21059,fixture-task-21059,false
21060,fixture-task-21060,true
21061,fixture-task-21061,false
21062,fixture-task-21062,false
21063,fixture-task-21063,true
21064,fixture-task-21064,false
21065,fixture-task-21065,false
21066,fixture-task-21066,true
21067,fixture-task-21067,false
21068,fixture-task-21068,false
21069,fixture-task-21069,true
21070,fixture-task-21070,false
21071,fixture-task-21071,false
21072,fixture-task-21072,true
21073,fixture-task-21073,false
21074,fixture-task-21074,false
21075,fixture-task-21075,true
21076,fixture-task-21076,false
21077,fixture-task-21077,false
21078,fixture-task-21078,true
21079,fixture-task-21079,false
21080,fixture-task-21080,false
21081,fixture-task-21081,true
21082,fixture-task-21082,false
21083,fixture-task-21083,false
21084,fixture-task-21084,true
21085,fixture-task-21085,false
21086,fixture-task-21086,false
21087,fixture-task-21087,true
21088,fixture-task-21088,false
21089,fixture-task-21089,false
21090,fixture-task-21090,true
21091,fixture-task-21091,false
21092,fixture-task-21092,false
21093,fixture-task-21093,true
21094,fixture-task-21094,false
21095,fixture-task-21095,false
21096,fixture-task-21096,true
21097,fixture-task-21097,false
21098,fixture-task-21098,false
21099,fixture-task-21099,true
21100,fixture-task-21100,false
21101,fixture-task-21101,false
21102,fixture-task-21102,true
21103,fixture-task-21103,false
21104,fixture-task-21104,false
21105,fixture-task-21105,true
21106,fixture-task-21106,false
21107,fixture-task-21107,false
21108,fixture-task-21108,true
21109,fixture-task-21109,false
21110,fixture-task-21110,false
21111,fixture-task-21111,true
21112,fixture-task-21112,false
21113,fixture-task-21113,false
21114,fixture-task-21114,true
21115,fixture-task-21115,false
21116,fixture-task-21116,false
21117,fixture-task-21117,true
21118,fixture-task-21118,false
21119,fixture-task-21119,false
21120,fixture-task-21120,true
21121,fixture-task-21121,false
21122,fixture-task-21122,false
21123,fixture-task-21123,true
21124,fixture-task-21124,false
21125,fixture-task-21125,false
21126,fixture-task-21126,true
21127,fixture-task-21127,false
21128,fixture-task-21128,false
21129,fixture-task-21129,true
21130,fixture-task-21130,false
21131,fixture-task-21131,false
21132,fixture-task-21132,true
21133,fixture-task-21133,false
21134,fixture-task-21134,false
21135,fixture-task-21135,true
21136,fixture-task-21136,false
21137,fixture-task-21137,false
21138,fixture-task-21138,true
21139,fixture-task-21139,false
21140,fixture-task-21140,false
21141,fixture-task-21141,true
21142,fixture-task-21142,false
21143,fixture-task-21143,false
21144,fixture-task-21144,true
21145,fixture-task-21145,false
21146,fixture-task-21146,false
21147,fixture-task-21147,true
21148,fixture-task-21148,false
21149,fixture-task-21149,false
21150,fixture-task-21150,true
21151,fixture-task-21151,false
21152,fixture-task-21152,false
21153,fixture-task-21153,true
21154,fixture-task-21154,false
21155,fixture-task-21155,false
21156,fixture-task-21156,true
21157,fixture-task-21157,false
21158,fixture-task-21158,false
21159,fixture-task-21159,true
21160,fixture-task-21160,false
21161,fixture-task-21161,false
21162,fixture-task-21162,true
21163,fixture-task-21163,false
21164,fixture-task-21164,false
21165,fixture-task-21165,true
21166,fixture-task-21166,false
21167,fixture-task-21167,false
21168,fixture-task-21168,true
21169,fixture-task-21169,false
21170,fixture-task-21170,false
21171,fixture-task-21171,true
21172,fixture-task-21172,false
21173,fixture-task-21173,false
21174,fixture-task-21174,true
21175,fixture-task-21175,false
21176,fixture-task-21176,false
21177,fixture-task-21177,true
21178,fixture-task-21178,false
21179,fixture-task-21179,false
21180,fixture-task-21180,true
21181,fixture-task-21181,false
21182,fixture-task-21182,false
21183,fixture-task-21183,true
21184,fixture-task-21184,false
21185,fixture-task-21185,false
21186,fixture-task-21186,true
21187,fixture-task-21187,false
21188,fixture-task-21188,false
21189,fixture-task-21189,true
21190,fixture-task-21190,false
21191,fixture-task-21191,false
21192,fixture-task-21192,true
21193,fixture-task-21193,false
21194,fixture-task-21194,false
21195,fixture-task-21195,true
21196,fixture-task-21196,false
21197,fixture-task-21197,false
21198,fixture-task-21198,true
21199,fixture-task-21199,false
21200,fixture-task-21200,false
21201,fixture-task-21201,true
21202,fixture-task-21202,false
21203,fixture-task-21203,false
21204,fixture-task-21204,true
21205,fixture-task-21205,false
21206,fixture-task-21206,false
21207,fixture-task-21207,true
21208,fixture-task-21208,false
21209,fixture-task-21209,false
21210,fixture-task-21210,true
21211,fixture-task-21211,false
21212,fixture-task-21212,false
21213,fixture-task-21213,true
21214,fixture-task-21214,false
21215,fixture-task-21215,false
21216,fixture-task-21216,true
21217,fixture-task-21217,false
21218,fixture-task-21218,false
21219,fixture-task-21219,true
21220,fixture-task-21220,false
21221,fixture-task-21221,false
21222,fixture-task-21222,true
21223,fixture-task-21223,false
21224,fixture-task-21224,false
21225,fixture-task-21225,true
21226,fixture-task-21226,false
21227,fixture-task-21227,false
21228,fixture-task-21228,true
21229,fixture-task-21229,false
21230,fixture-task-21230,false
21231,fixture-task-21231,true
21232,fixture-task-21232,false
21233,fixture-task-21233,false
21234,fixture-task-21234,true
21235,fixture-task-21235,false
21236,fixture-task-21236,false
21237,fixture-task-21237,true
21238,fixture-task-21238,false
21239,fixture-task-21239,false
21240,fixture-task-21240,true
21241,fixture-task-21241,false
21242,fixture-task-21242,false
21243,fixture-task-21243,true
21244,fixture-task-21244,false
21245,fixture-task-21245,false
21246,fixture-task-21246,true
21247,fixture-task-21247,false
21248,fixture-task-21248,false
21249,fixture-task-21249,true
21250,fixture-task-21250,false
21251,fixture-task-21251,false
21252,fixture-task-21252,true
21253,fixture-task-21253,false
21254,fixture-task-21254,false
21255,fixture-task-21255,true
21256,fixture-task-21256,false
21257,fixture-task-21257,false
21258,fixture-task-21258,true
21259,fixture-task-21259,false
21260,fixture-task-21260,false
21261,fixture-task-21261,true
21262,fixture-task-21262,false
21263,fixture-task-21263,false
21264,fixture-task-21264,true
21265,fixture-task-21265,false
21266,fixture-task-21266,false
21267,fixture-task-21267,true
21268,fixture-task-21268,false
21269,fixture-task-21269,false
21270,fixture-task-21270,true
21271,fixture-task-21271,false
21272,fixture-task-21272,false
21273,fixture-task-21273,true
21274,fixture-task-21274,false
21275,fixture-task-21275,false
21276,fixture-task-21276,true
21277,fixture-task-21277,false
21278,fixture-task-21278,false
21279,fixture-task-21279,true
21280,fixture-task-21280,false
21281,fixture-task-21281,false
21282,fixture-task-21282,true
21283,fixture-task-21283,false
21284,fixture-task-21284,false
21285,fixture-task-21285,true
21286,fixture-task-21286,false
21287,fixture-task-21287,false
21288,fixture-task-21288,true
21289,fixture-task-21289,false
21290,fixture-task-21290,false
21291,fixture-task-21291,true
21292,fixture-task-21292,false
21293,fixture-task-21293,false
21294,fixture-task-21294,true
21295,fixture-task-21295,false
21296,fixture-task-21296,false
21297,fixture-task-21297,true
21298,fixture-task-21298,false
21299,fixture-task-21299,false
21300,fixture-task-21300,true
21301,fixture-task-21301,false
21302,fixture-task-21302,false
21303,fixture-task-21303,true
21304,fixture-task-21304,false
21305,fixture-task-21305,false
21306,fixture-task-21306,true
21307,fixture-task-21307,false
21308,fixture-task-21308,false
21309,fixture-task-21309,true
21310,fixture-task-21310,false
21311,fixture-task-21311,false
21312,fixture-task-21312,true
21313,fixture-task-21313,false
21314,fixture-task-21314,false
21315,fixture-task-21315,true
21316,fixture-task-21316,false
21317,fixture-task-21317,false
21318,fixture-task-21318,true
21319,fixture-task-21319,false
21320,fixture-task-21320,false
21321,fixture-task-21321,true
21322,fixture-task-21322,false
21323,fixture-task-21323,false
21324,fixture-task-21324,true
21325,fixture-task-21325,false
21326,fixture-task-21326,false
21327,fixture-task-21327,true
21328,fixture-task-21328,false
21329,fixture-task-21329,false
21330,fixture-task-21330,true
21331,fixture-task-21331,false
21332,fixture-task-21332,false
21333,fixture-task-21333,true
21334,fixture-task-21334,false
21335,fixture-task-21335,false
21336,fixture-task-21336,true
21337,fixture-task-21337,false
21338,fixture-task-21338,false
21339,fixture-task-21339,true
21340,fixture-task-21340,false
21341,fixture-task-21341,false
21342,fixture-task-21342,true
21343,fixture-task-21343,false
21344,fixture-task-21344,false
21345,fixture-task-21345,true
21346,fixture-task-21346,false
21347,fixture-task-21347,false
21348,fixture-task-21348,true
21349,fixture-task-21349,false
21350,fixture-task-21350,false
21351,fixture-task-21351,true
21352,fixture-task-21352,false
21353,fixture-task-21353,false
21354,fixture-task-21354,true
21355,fixture-task-21355,false
21356,fixture-task-21356,false
21357,fixture-task-21357,true
21358,fixture-task-21358,false
21359,fixture-task-21359,false
21360,fixture-task-21360,true
21361,fixture-task-21361,false
21362,fixture-task-21362,false
21363,fixture-task-21363,true
21364,fixture-task-21364,false
21365,fixture-task-21365,false
21366,fixture-task-21366,true
21367,fixture-task-21367,false
21368,fixture-task-21368,false
21369,fixture-task-21369,true
21370,fixture-task-21370,false
21371,fixture-task-21371,false
21372,fixture-task-21372,true
21373,fixture-task-21373,false
21374,fixture-task-21374,false
21375,fixture-task-21375,true
21376,fixture-task-21376,false
21377,fixture-task-21377,false
21378,fixture-task-21378,true
21379,fixture-task-21379,false
21380,fixture-task-21380,false
21381,fixture-task-21381,true
21382,fixture-task-21382,false
21383,fixture-task-21383,false
21384,fixture-task-21384,true
21385,fixture-task-21385,false
21386,fixture-task-21386,false
21387,fixture-task-21387,true
21388,fixture-task-21388,false
21389,fixture-task-21389,false
21390,fixture-task-21390,true
21391,fixture-task-21391,false
21392,fixture-task-21392,false
21393,fixture-task-21393,true
21394,fixture-task-21394,false
21395,fixture-task-21395,false
21396,fixture-task-21396,true
21397,fixture-task-21397,false
21398,fixture-task-21398,false
21399,fixture-task-21399,true
21400,fixture-task-21400,false
21401,fixture-task-21401,false
21402,fixture-task-21402,true
21403,fixture-task-21403,false
21404,fixture-task-21404,false
21405,fixture-task-21405,true
21406,fixture-task-21406,false
21407,fixture-task-21407,false
21408,fixture-task-21408,true
21409,fixture-task-21409,false
21410,fixture-task-21410,false
21411,fixture-task-21411,true
21412,fixture-task-21412,false
21413,fixture-task-21413,false
21414,fixture-task-21414,true
21415,fixture-task-21415,false
21416,fixture-task-21416,false
21417,fixture-task-21417,true
21418,fixture-task-21418,false
21419,fixture-task-21419,false
21420,fixture-task-21420,true
21421,fixture-task-21421,false
21422,fixture-task-21422,false
21423,fixture-task-21423,true
21424,fixture-task-21424,false
21425,fixture-task-21425,false
21426,fixture-task-21426,true
21427,fixture-task-21427,false
21428,fixture-task-21428,false
21429,fixture-task-21429,true
21430,fixture-task-21430,false
21431,fixture-task-21431,false
21432,fixture-task-21432,true
21433,fixture-task-21433,false
21434,fixture-task-21434,false
21435,fixture-task-21435,true
21436,fixture-task-21436,false
21437,fixture-task-21437,false
21438,fixture-task-21438,true
21439,fixture-task-21439,false
21440,fixture-task-21440,false
21441,fixture-task-21441,true
21442,fixture-task-21442,false
21443,fixture-task-21443,false
21444,fixture-task-21444,true
21445,fixture-task-21445,false
21446,fixture-task-21446,false
21447,fixture-task-21447,true
21448,fixture-task-21448,false
21449,fixture-task-21449,false
21450,fixture-task-21450,true
21451,fixture-task-21451,false
21452,fixture-task-21452,false
21453,fixture-task-21453,true
21454,fixture-task-21454,false
21455,fixture-task-21455,false
21456,fixture-task-21456,true
21457,fixture-task-21457,false
21458,fixture-task-21458,false
21459,fixture-task-21459,true
21460,fixture-task-21460,false
21461,fixture-task-21461,false
21462,fixture-task-21462,true
21463,fixture-task-21463,false
21464,fixture-task-21464,false
21465,fixture-task-21465,true
21466,fixture-task-21466,false
21467,fixture-task-21467,false
21468,fixture-task-21468,true
21469,fixture-task-21469,false
21470,fixture-task-21470,false
21471,fixture-task-21471,true
21472,fixture-task-21472,false
21473,fixture-task-21473,false
21474,fixture-task-21474,true
21475,fixture-task-21475,false
21476,fixture-task-21476,false
21477,fixture-task-21477,true
21478,fixture-task-21478,false
21479,fixture-task-21479,false
21480,fixture-task-21480,true
21481,fixture-task-21481,false
21482,fixture-task-21482,false
21483,fixture-task-21483,true
21484,fixture-task-21484,false
21485,fixture-task-21485,false
21486,fixture-task-21486,true
21487,fixture-task-21487,false
21488,fixture-task-21488,false
21489,fixture-task-21489,true
21490,fixture-task-21490,false
21491,fixture-task-21491,false
21492,fixture-task-21492,true
21493,fixture-task-21493,false
21494,fixture-task-21494,false
21495,fixture-task-21495,true
21496,fixture-task-21496,false
21497,fixture-task-21497,false
21498,fixture-task-21498,true
21499,fixture-task-21499,false
21500,fixture-task-21500,false
21501,fixture-task-21501,true
21502,fixture-task-21502,false
21503,fixture-task-21503,false
21504,fixture-task-21504,true
21505,fixture-task-21505,false
21506,fixture-task-21506,false
21507,fixture-task-21507,true
21508,fixture-task-21508,false
21509,fixture-task-21509,false
21510,fixture-task-21510,true
21511,fixture-task-21511,false
21512,fixture-task-21512,false
21513,fixture-task-21513,true
21514,fixture-task-21514,false
21515,fixture-task-21515,false
21516,fixture-task-21516,true
21517,fixture-task-21517,false
21518,fixture-task-21518,false
21519,fixture-task-21519,true
21520,fixture-task-21520,false
21521,fixture-task-21521,false
21522,fixture-task-21522,true
21523,fixture-task-21523,false
21524,fixture-task-21524,false
21525,fixture-task-21525,true
21526,fixture-task-21526,false
21527,fixture-task-21527,false
21528,fixture-task-21528,true
21529,fixture-task-21529,false
21530,fixture-task-21530,false
21531,fixture-task-21531,true
21532,fixture-task-21532,false
21533,fixture-task-21533,false
21534,fixture-task-21534,true
21535,fixture-task-21535,false
21536,fixture-task-21536,false
21537,fixture-task-21537,true
21538,fixture-task-21538,false
21539,fixture-task-21539,false
21540,fixture-task-21540,true
21541,fixture-task-21541,false
21542,fixture-task-21542,false
21543,fixture-task-21543,true
21544,fixture-task-21544,false
21545,fixture-task-21545,false
21546,fixture-task-21546,true
21547,fixture-task-21547,false
21548,fixture-task-21548,false
21549,fixture-task-21549,true
21550,fixture-task-21550,false
21551,fixture-task-21551,false
21552,fixture-task-21552,true
21553,fixture-task-21553,false
21554,fixture-task-21554,false
21555,fixture-task-21555,true
21556,fixture-task-21556,false
21557,fixture-task-21557,false
21558,fixture-task-21558,true
21559,fixture-task-21559,false
21560,fixture-task-21560,false
21561,fixture-task-21561,true
21562,fixture-task-21562,false
21563,fixture-task-21563,false
21564,fixture-task-21564,true
21565,fixture-task-21565,false
21566,fixture-task-21566,false
21567,fixture-task-21567,true
21568,fixture-task-21568,false
21569,fixture-task-21569,false
21570,fixture-task-21570,true
21571,fixture-task-21571,false
21572,fixture-task-21572,false
21573,fixture-task-21573,true
21574,fixture-task-21574,false
21575,fixture-task-21575,false
21576,fixture-task-21576,true
21577,fixture-task-21577,false
21578,fixture-task-21578,false
21579,fixture-task-21579,true
21580,fixture-task-21580,false
21581,fixture-task-21581,false
21582,fixture-task-21582,true
21583,fixture-task-21583,false
21584,fixture-task-21584,false
21585,fixture-task-21585,true
21586,fixture-task-21586,false
21587,fixture-task-21587,false
21588,fixture-task-21588,true
21589,fixture-task-21589,false
21590,fixture-task-21590,false
21591,fixture-task-21591,true
21592,fixture-task-21592,false
21593,fixture-task-21593,false
21594,fixture-task-21594,true
21595,fixture-task-21595,false
21596,fixture-task-21596,false
21597,fixture-task-21597,true
21598,fixture-task-21598,false
21599,fixture-task-21599,false
21600,fixture-task-21600,true
21601,fixture-task-21601,false
21602,fixture-task-21602,false
21603,fixture-task-21603,true
21604,fixture-task-21604,false
21605,fixture-task-21605,false
21606,fixture-task-21606,true
21607,fixture-task-21607,false
21608,fixture-task-21608,false
21609,fixture-task-21609,true
21610,fixture-task-21610,false
21611,fixture-task-21611,false
21612,fixture-task-21612,true
21613,fixture-task-21613,false
21614,fixture-task-21614,false
21615,fixture-task-21615,true
21616,fixture-task-21616,false
21617,fixture-task-21617,false
21618,fixture-task-21618,true
21619,fixture-task-21619,false
21620,fixture-task-21620,false
21621,fixture-task-21621,true
21622,fixture-task-21622,false
21623,fixture-task-21623,false
21624,fixture-task-21624,true
21625,fixture-task-21625,false
21626,fixture-task-21626,false
21627,fixture-task-21627,true
21628,fixture-task-21628,false
21629,fixture-task-21629,false
21630,fixture-task-21630,true
21631,fixture-task-21631,false
21632,fixture-task-21632,false
21633,fixture-task-21633,true
21634,fixture-task-21634,false
21635,fixture-task-21635,false
21636,fixture-task-21636,true
21637,fixture-task-21637,false
21638,fixture-task-21638,false
21639,fixture-task-21639,true
21640,fixture-task-21640,false
21641,fixture-task-21641,false
21642,fixture-task-21642,true
21643,fixture-task-21643,false
21644,fixture-task-21644,false
21645,fixture-task-21645,true
21646,fixture-task-21646,false
21647,fixture-task-21647,false
21648,fixture-task-21648,true
21649,fixture-task-21649,false
21650,fixture-task-21650,false
21651,fixture-task-21651,true
21652,fixture-task-21652,false
21653,fixture-task-21653,false
21654,fixture-task-21654,true
21655,fixture-task-21655,false
21656,fixture-task-21656,false
21657,fixture-task-21657,true
21658,fixture-task-21658,false
21659,fixture-task-21659,false
21660,fixture-task-21660,true
21661,fixture-task-21661,false
21662,fixture-task-21662,false
21663,fixture-task-21663,true
21664,fixture-task-21664,false
21665,fixture-task-21665,false
21666,fixture-task-21666,true
21667,fixture-task-21667,false
21668,fixture-task-21668,false
21669,fixture-task-21669,true
21670,fixture-task-21670,false
21671,fixture-task-21671,false
21672,fixture-task-21672,true
21673,fixture-task-21673,false
21674,fixture-task-21674,false
21675,fixture-task-21675,true
21676,fixture-task-21676,false
21677,fixture-task-21677,false
21678,fixture-task-21678,true
21679,fixture-task-21679,false
21680,fixture-task-21680,false
21681,fixture-task-21681,true
21682,fixture-task-21682,false
21683,fixture-task-21683,false
21684,fixture-task-21684,true
21685,fixture-task-21685,false
21686,fixture-task-21686,false
21687,fixture-task-21687,true
21688,fixture-task-21688,false
21689,fixture-task-21689,false
21690,fixture-task-21690,true
21691,fixture-task-21691,false
21692,fixture-task-21692,false
21693,fixture-task-21693,true
21694,fixture-task-21694,false
21695,fixture-task-21695,false
21696,fixture-task-21696,true
21697,fixture-task-21697,false
21698,fixture-task-21698,false
21699,fixture-task-21699,true
21700,fixture-task-21700,false
21701,fixture-task-21701,false
21702,fixture-task-21702,true
21703,fixture-task-21703,false
21704,fixture-task-21704,false
21705,fixture-task-21705,true
21706,fixture-task-21706,false
21707,fixture-task-21707,false
21708,fixture-task-21708,true
21709,fixture-task-21709,false
21710,fixture-task-21710,false
21711,fixture-task-21711,true
21712,fixture-task-21712,false
21713,fixture-task-21713,false
21714,fixture-task-21714,true
21715,fixture-task-21715,false
21716,fixture-task-21716,false
21717,fixture-task-21717,true
21718,fixture-task-21718,false
21719,fixture-task-21719,false
21720,fixture-task-21720,true
21721,fixture-task-21721,false
21722,fixture-task-21722,false
21723,fixture-task-21723,true
21724,fixture-task-21724,false
21725,fixture-task-21725,false
21726,fixture-task-21726,true
21727,fixture-task-21727,false
21728,fixture-task-21728,false
21729,fixture-task-21729,true
21730,fixture-task-21730,false
21731,fixture-task-21731,false
21732,fixture-task-21732,true
21733,fixture-task-21733,false
21734,fixture-task-21734,false
21735,fixture-task-21735,true
21736,fixture-task-21736,false
21737,fixture-task-21737,false
21738,fixture-task-21738,true
21739,fixture-task-21739,false
21740,fixture-task-21740,false
21741,fixture-task-21741,true
21742,fixture-task-21742,false
21743,fixture-task-21743,false
21744,fixture-task-21744,true
21745,fixture-task-21745,false
21746,fixture-task-21746,false
21747,fixture-task-21747,true
21748,fixture-task-21748,false
21749,fixture-task-21749,false
21750,fixture-task-21750,true
21751,fixture-task-21751,false
21752,fixture-task-21752,false
21753,fixture-task-21753,true
21754,fixture-task-21754,false
21755,fixture-task-21755,false
21756,fixture-task-21756,true
21757,fixture-task-21757,false
21758,fixture-task-21758,false
21759,fixture-task-21759,true
21760,fixture-task-21760,false
21761,fixture-task-21761,false
21762,fixture-task-21762,true
21763,fixture-task-21763,false
21764,fixture-task-21764,false
21765,fixture-task-21765,true
21766,fixture-task-21766,false
21767,fixture-task-21767,false
21768,fixture-task-21768,true
21769,fixture-task-21769,false
21770,fixture-task-21770,false
21771,fixture-task-21771,true
21772,fixture-task-21772,false
21773,fixture-task-21773,false
21774,fixture-task-21774,true
21775,fixture-task-21775,false
21776,fixture-task-21776,false
21777,fixture-task-21777,true
21778,fixture-task-21778,false
21779,fixture-task-21779,false
21780,fixture-task-21780,true
21781,fixture-task-21781,false
21782,fixture-task-21782,false
21783,fixture-task-21783,true
21784,fixture-task-21784,false
21785,fixture-task-21785,false
21786,fixture-task-21786,true
21787,fixture-task-21787,false
21788,fixture-task-21788,false
21789,fixture-task-21789,true
21790,fixture-task-21790,false
21791,fixture-task-21791,false
21792,fixture-task-21792,true
21793,fixture-task-21793,false
21794,fixture-task-21794,false
21795,fixture-task-21795,true
21796,fixture-task-21796,false
21797,fixture-task-21797,false
21798,fixture-task-21798,true
21799,fixture-task-21799,false
21800,fixture-task-21800,false
21801,fixture-task-21801,true
21802,fixture-task-21802,false
21803,fixture-task-21803,false
21804,fixture-task-21804,true
21805,fixture-task-21805,false
21806,fixture-task-21806,false
21807,fixture-task-21807,true
21808,fixture-task-21808,false
21809,fixture-task-21809,false
21810,fixture-task-21810,true
21811,fixture-task-21811,false
21812,fixture-task-21812,false
21813,fixture-task-21813,true
21814,fixture-task-21814,false
21815,fixture-task-21815,false
21816,fixture-task-21816,true
21817,fixture-task-21817,false
21818,fixture-task-21818,false
21819,fixture-task-21819,true
21820,fixture-task-21820,false
21821,fixture-task-21821,false
21822,fixture-task-21822,true
21823,fixture-task-21823,false
21824,fixture-task-21824,false
21825,fixture-task-21825,true
21826,fixture-task-21826,false
21827,fixture-task-21827,false
21828,fixture-task-21828,true
21829,fixture-task-21829,false
21830,fixture-task-21830,false
21831,fixture-task-21831,true
21832,fixture-task-21832,false
21833,fixture-task-21833,false
21834,fixture-task-21834,true
21835,fixture-task-21835,false
21836,fixture-task-21836,false
21837,fixture-task-21837,true
21838,fixture-task-21838,false
21839,fixture-task-21839,false
21840,fixture-task-21840,true
21841,fixture-task-21841,false
21842,fixture-task-21842,false
21843,fixture-task-21843,true
21844,fixture-task-21844,false
21845,fixture-task-21845,false
21846,fixture-task-21846,true
21847,fixture-task-21847,false
21848,fixture-task-21848,false
21849,fixture-task-21849,true
21850,fixture-task-21850,false
21851,fixture-task-21851,false
21852,fixture-task-21852,true
21853,fixture-task-21853,false
21854,fixture-task-21854,false
21855,fixture-task-21855,true
21856,fixture-task-21856,false
21857,fixture-task-21857,false
21858,fixture-task-21858,true
21859,fixture-task-21859,false
21860,fixture-task-21860,false
21861,fixture-task-21861,true
21862,fixture-task-21862,false
21863,fixture-task-21863,false
21864,fixture-task-21864,true
21865,fixture-task-21865,false
21866,fixture-task-21866,false
21867,fixture-task-21867,true
21868,fixture-task-21868,false
21869,fixture-task-21869,false
21870,fixture-task-21870,true
21871,fixture-task-21871,false
21872,fixture-task-21872,false
21873,fixture-task-21873,true
21874,fixture-task-21874,false
21875,fixture-task-21875,false
21876,fixture-task-21876,true
21877,fixture-task-21877,false
21878,fixture-task-21878,false
21879,fixture-task-21879,true
21880,fixture-task-21880,false
21881,fixture-task-21881,false
21882,fixture-task-21882,true
21883,fixture-task-21883,false
21884,fixture-task-21884,false
21885,fixture-task-21885,true
21886,fixture-task-21886,false
21887,fixture-task-21887,false
21888,fixture-task-21888,true
21889,fixture-task-21889,false
21890,fixture-task-21890,false
21891,fixture-task-21891,true
21892,fixture-task-21892,false
21893,fixture-task-21893,false
21894,fixture-task-21894,true
21895,fixture-task-21895,false
21896,fixture-task-21896,false
21897,fixture-task-21897,true
21898,fixture-task-21898,false
21899,fixture-task-21899,false
21900,fixture-task-21900,true
21901,fixture-task-21901,false
21902,fixture-task-21902,false
21903,fixture-task-21903,true
21904,fixture-task-21904,false
21905,fixture-task-21905,false
21906,fixture-task-21906,true
21907,fixture-task-21907,false
21908,fixture-task-21908,false
21909,fixture-task-21909,true
21910,fixture-task-21910,false
21911,fixture-task-21911,false
21912,fixture-task-21912,true
21913,fixture-task-21913,false
21914,fixture-task-21914,false
21915,fixture-task-21915,true
21916,fixture-task-21916,false
21917,fixture-task-21917,false
21918,fixture-task-21918,true
21919,fixture-task-21919,false
21920,fixture-task-21920,false
21921,fixture-task-21921,true
21922,fixture-task-21922,false
21923,fixture-task-21923,false
21924,fixture-task-21924,true
21925,fixture-task-21925,false
21926,fixture-task-21926,false
21927,fixture-task-21927,true
21928,fixture-task-21928,false
21929,fixture-task-21929,false
21930,fixture-task-21930,true
21931,fixture-task-21931,false
21932,fixture-task-21932,false
21933,fixture-task-21933,true
21934,fixture-task-21934,false
21935,fixture-task-21935,false
21936,fixture-task-21936,true
21937,fixture-task-21937,false
21938,fixture-task-21938,false
21939,fixture-task-21939,true
21940,fixture-task-21940,false
21941,fixture-task-21941,false
21942,fixture-task-21942,true
21943,fixture-task-21943,false
21944,fixture-task-21944,false
21945,fixture-task-21945,true
21946,fixture-task-21946,false
21947,fixture-task-21947,false
21948,fixture-task-21948,true
21949,fixture-task-21949,false
21950,fixture-task-21950,false
21951,fixture-task-21951,true
21952,fixture-task-21952,false
21953,fixture-task-21953,false
21954,fixture-task-21954,true
21955,fixture-task-21955,false
21956,fixture-task-21956,false
21957,fixture-task-21957,true
21958,fixture-task-21958,false
21959,fixture-task-21959,false
21960,fixture-task-21960,true
21961,fixture-task-21961,false
21962,fixture-task-21962,false
21963,fixture-task-21963,true
21964,fixture-task-21964,false
21965,fixture-task-21965,false
21966,fixture-task-21966,true
21967,fixture-task-21967,false
21968,fixture-task-21968,false
21969,fixture-task-21969,true
21970,fixture-task-21970,false
21971,fixture-task-21971,false
21972,fixture-task-21972,true
21973,fixture-task-21973,false
21974,fixture-task-21974,false
21975,fixture-task-21975,true
21976,fixture-task-21976,false
21977,fixture-task-21977,false
21978,fixture-task-21978,true
21979,fixture-task-21979,false
21980,fixture-task-21980,false
21981,fixture-task-21981,true
21982,fixture-task-21982,false
21983,fixture-task-21983,false
21984,fixture-task-21984,true
21985,fixture-task-21985,false
21986,fixture-task-21986,false
21987,fixture-task-21987,true
21988,fixture-task-21988,false
21989,fixture-task-21989,false
21990,fixture-task-21990,true
21991,fixture-task-21991,false
21992,fixture-task-21992,false
21993,fixture-task-21993,true
21994,fixture-task-21994,false
21995,fixture-task-21995,false
21996,fixture-task-21996,true
21997,fixture-task-21997,false
21998,fixture-task-21998,false
21999,fixture-task-21999,true
22000,fixture-task-22000,false
22001,fixture-task-22001,false
22002,fixture-task-22002,true
22003,fixture-task-22003,false
22004,fixture-task-22004,false
22005,fixture-task-22005,true
22006,fixture-task-22006,false
22007,fixture-task-22007,false
22008,fixture-task-22008,true
22009,fixture-task-22009,false
22010,fixture-task-22010,false
22011,fixture-task-22011,true
22012,fixture-task-22012,false
22013,fixture-task-22013,false
22014,fixture-task-22014,true
22015,fixture-task-22015,false
22016,fixture-task-22016,false
22017,fixture-task-22017,true
22018,fixture-task-22018,false
22019,fixture-task-22019,false
22020,fixture-task-22020,true
22021,fixture-task-22021,false
22022,fixture-task-22022,false
22023,fixture-task-22023,true
22024,fixture-task-22024,false
22025,fixture-task-22025,false
22026,fixture-task-22026,true
22027,fixture-task-22027,false
22028,fixture-task-22028,false
22029,fixture-task-22029,true
22030,fixture-task-22030,false
22031,fixture-task-22031,false
22032,fixture-task-22032,true
22033,fixture-task-22033,false
22034,fixture-task-22034,false
22035,fixture-task-22035,true
22036,fixture-task-22036,false
22037,fixture-task-22037,false
22038,fixture-task-22038,true
22039,fixture-task-22039,false
22040,fixture-task-22040,false
22041,fixture-task-22041,true
22042,fixture-task-22042,false
22043,fixture-task-22043,false
22044,fixture-task-22044,true
22045,fixture-task-22045,false
22046,fixture-task-22046,false
22047,fixture-task-22047,true
22048,fixture-task-22048,false
22049,fixture-task-22049,false
22050,fixture-task-22050,true
22051,fixture-task-22051,false
22052,fixture-task-22052,false
22053,fixture-task-22053,true
22054,fixture-task-22054,false
22055,fixture-task-22055,false
22056,fixture-task-22056,true
22057,fixture-task-22057,false
22058,fixture-task-22058,false
22059,fixture-task-22059,true
22060,fixture-task-22060,false
22061,fixture-task-22061,false
22062,fixture-task-22062,true
22063,fixture-task-22063,false
22064,fixture-task-22064,false
22065,fixture-task-22065,true
22066,fixture-task-22066,false
22067,fixture-task-22067,false
22068,fixture-task-22068,true
22069,fixture-task-22069,false
22070,fixture-task-22070,false
22071,fixture-task-22071,true
22072,fixture-task-22072,false
22073,fixture-task-22073,false
22074,fixture-task-22074,true
22075,fixture-task-22075,false
22076,fixture-task-22076,false
22077,fixture-task-22077,true
22078,fixture-task-22078,false
22079,fixture-task-22079,false
22080,fixture-task-22080,true
22081,fixture-task-22081,false
22082,fixture-task-22082,false
22083,fixture-task-22083,true
22084,fixture-task-22084,false
22085,fixture-task-22085,false
22086,fixture-task-22086,true
22087,fixture-task-22087,false
22088,fixture-task-22088,false
22089,fixture-task-22089,true
22090,fixture-task-22090,false
22091,fixture-task-22091,false
22092,fixture-task-22092,true
22093,fixture-task-22093,false
22094,fixture-task-22094,false
22095,fixture-task-22095,true
22096,fixture-task-22096,false
22097,fixture-task-22097,false
22098,fixture-task-22098,true
22099,fixture-task-22099,false
22100,fixture-task-22100,false
22101,fixture-task-22101,true
22102,fixture-task-22102,false
22103,fixture-task-22103,false
22104,fixture-task-22104,true
22105,fixture-task-22105,false
22106,fixture-task-22106,false
22107,fixture-task-22107,true
22108,fixture-task-22108,false
22109,fixture-task-22109,false
22110,fixture-task-22110,true
22111,fixture-task-22111,false
22112,fixture-task-22112,false
22113,fixture-task-22113,true
22114,fixture-task-22114,false
22115,fixture-task-22115,false
22116,fixture-task-22116,true
22117,fixture-task-22117,false
22118,fixture-task-22118,false
22119,fixture-task-22119,true
22120,fixture-task-22120,false
22121,fixture-task-22121,false
22122,fixture-task-22122,true
22123,fixture-task-22123,false
22124,fixture-task-22124,false
22125,fixture-task-22125,true
22126,fixture-task-22126,false
22127,fixture-task-22127,false
22128,fixture-task-22128,true
22129,fixture-task-22129,false
22130,fixture-task-22130,false
22131,fixture-task-22131,true
22132,fixture-task-22132,false
22133,fixture-task-22133,false
22134,fixture-task-22134,true
22135,fixture-task-22135,false
22136,fixture-task-22136,false
22137,fixture-task-22137,true
22138,fixture-task-22138,false
22139,fixture-task-22139,false
22140,fixture-task-22140,true
22141,fixture-task-22141,false
22142,fixture-task-22142,false
22143,fixture-task-22143,true
22144,fixture-task-22144,false
22145,fixture-task-22145,false
22146,fixture-task-22146,true
22147,fixture-task-22147,false
22148,fixture-task-22148,false
22149,fixture-task-22149,true
22150,fixture-task-22150,false
22151,fixture-task-22151,false
22152,fixture-task-22152,true
22153,fixture-task-22153,false
22154,fixture-task-22154,false
22155,fixture-task-22155,true
22156,fixture-task-22156,false
22157,fixture-task-22157,false
22158,fixture-task-22158,true
22159,fixture-task-22159,false
22160,fixture-task-22160,false
22161,fixture-task-22161,true
22162,fixture-task-22162,false
22163,fixture-task-22163,false
22164,fixture-task-22164,true
22165,fixture-task-22165,false
22166,fixture-task-22166,false
22167,fixture-task-22167,true
22168,fixture-task-22168,false
22169,fixture-task-22169,false
22170,fixture-task-22170,true
22171,fixture-task-22171,false
22172,fixture-task-22172,false
22173,fixture-task-22173,true
22174,fixture-task-22174,false
22175,fixture-task-22175,false
22176,fixture-task-22176,true
22177,fixture-task-22177,false
22178,fixture-task-22178,false
22179,fixture-task-22179,true
22180,fixture-task-22180,false
22181,fixture-task-22181,false
22182,fixture-task-22182,true
22183,fixture-task-22183,false
22184,fixture-task-22184,false
22185,fixture-task-22185,true
22186,fixture-task-22186,false
22187,fixture-task-22187,false
22188,fixture-task-22188,true
22189,fixture-task-22189,false
22190,fixture-task-22190,false
22191,fixture-task-22191,true
22192,fixture-task-22192,false
22193,fixture-task-22193,false
22194,fixture-task-22194,true
22195,fixture-task-22195,false
22196,fixture-task-22196,false
22197,fixture-task-22197,true
22198,fixture-task-22198,false
22199,fixture-task-22199,false
22200,fixture-task-22200,true
22201,fixture-task-22201,false
22202,fixture-task-22202,false
22203,fixture-task-22203,true
22204,fixture-task-22204,false
22205,fixture-task-22205,false
22206,fixture-task-22206,true
22207,fixture-task-22207,false
22208,fixture-task-22208,false
22209,fixture-task-22209,true
22210,fixture-task-22210,false
22211,fixture-task-22211,false
22212,fixture-task-22212,true
22213,fixture-task-22213,false
22214,fixture-task-22214,false
22215,fixture-task-22215,true
22216,fixture-task-22216,false
22217,fixture-task-22217,false
22218,fixture-task-22218,true
22219,fixture-task-22219,false
22220,fixture-task-22220,false
22221,fixture-task-22221,true
22222,fixture-task-22222,false
22223,fixture-task-22223,false
22224,fixture-task-22224,true
22225,fixture-task-22225,false
22226,fixture-task-22226,false
22227,fixture-task-22227,true
22228,fixture-task-22228,false
22229,fixture-task-22229,false
22230,fixture-task-22230,true
22231,fixture-task-22231,false
22232,fixture-task-22232,false
22233,fixture-task-22233,true
22234,fixture-task-22234,false
22235,fixture-task-22235,false
22236,fixture-task-22236,true
22237,fixture-task-22237,false
22238,fixture-task-22238,false
22239,fixture-task-22239,true
22240,fixture-task-22240,false
22241,fixture-task-22241,false
22242,fixture-task-22242,true
22243,fixture-task-22243,false
22244,fixture-task-22244,false
22245,fixture-task-22245,true
22246,fixture-task-22246,false
22247,fixture-task-22247,false
22248,fixture-task-22248,true
22249,fixture-task-22249,false
22250,fixture-task-22250,false
22251,fixture-task-22251,true
22252,fixture-task-22252,false
22253,fixture-task-22253,false
22254,fixture-task-22254,true
22255,fixture-task-22255,false
22256,fixture-task-22256,false
22257,fixture-task-22257,true
22258,fixture-task-22258,false
22259,fixture-task-22259,false
22260,fixture-task-22260,true
22261,fixture-task-22261,false
22262,fixture-task-22262,false
22263,fixture-task-22263,true
22264,fixture-task-22264,false
22265,fixture-task-22265,false
22266,fixture-task-22266,true
22267,fixture-task-22267,false
22268,fixture-task-22268,false
22269,fixture-task-22269,true
22270,fixture-task-22270,false
22271,fixture-task-22271,false
22272,fixture-task-22272,true
22273,fixture-task-22273,false
22274,fixture-task-22274,false
22275,fixture-task-22275,true
22276,fixture-task-22276,false
22277,fixture-task-22277,false
22278,fixture-task-22278,true
22279,fixture-task-22279,false
22280,fixture-task-22280,false
22281,fixture-task-22281,true
22282,fixture-task-22282,false
22283,fixture-task-22283,false
22284,fixture-task-22284,true
22285,fixture-task-22285,false
22286,fixture-task-22286,false
22287,fixture-task-22287,true
22288,fixture-task-22288,false
22289,fixture-task-22289,false
22290,fixture-task-22290,true
22291,fixture-task-22291,false
22292,fixture-task-22292,false
22293,fixture-task-22293,true
22294,fixture-task-22294,false
22295,fixture-task-22295,false
22296,fixture-task-22296,true
22297,fixture-task-22297,false
22298,fixture-task-22298,false
22299,fixture-task-22299,true
22300,fixture-task-22300,false
22301,fixture-task-22301,false
22302,fixture-task-22302,true
22303,fixture-task-22303,false
22304,fixture-task-22304,false
22305,fixture-task-22305,true
22306,fixture-task-22306,false
22307,fixture-task-22307,false
22308,fixture-task-22308,true
22309,fixture-task-22309,false
22310,fixture-task-22310,false
22311,fixture-task-22311,true
22312,fixture-task-22312,false
22313,fixture-task-22313,false
22314,fixture-task-22314,true
22315,fixture-task-22315,false
22316,fixture-task-22316,false
22317,fixture-task-22317,true
22318,fixture-task-22318,false
22319,fixture-task-22319,false
22320,fixture-task-22320,true
22321,fixture-task-22321,false
22322,fixture-task-22322,false
22323,fixture-task-22323,true
22324,fixture-task-22324,false
22325,fixture-task-22325,false
22326,fixture-task-22326,true
22327,fixture-task-22327,false
22328,fixture-task-22328,false
22329,fixture-task-22329,true
22330,fixture-task-22330,false
22331,fixture-task-22331,false
22332,fixture-task-22332,true
22333,fixture-task-22333,false
22334,fixture-task-22334,false
22335,fixture-task-22335,true
22336,fixture-task-22336,false
22337,fixture-task-22337,false
22338,fixture-task-22338,true
22339,fixture-task-22339,false
22340,fixture-task-22340,false
22341,fixture-task-22341,true
22342,fixture-task-22342,false
22343,fixture-task-22343,false
22344,fixture-task-22344,true
22345,fixture-task-22345,false
22346,fixture-task-22346,false
22347,fixture-task-22347,true
22348,fixture-task-22348,false
22349,fixture-task-22349,false
22350,fixture-task-22350,true
22351,fixture-task-22351,false
22352,fixture-task-22352,false
22353,fixture-task-22353,true
22354,fixture-task-22354,false
22355,fixture-task-22355,false
22356,fixture-task-22356,true
22357,fixture-task-22357,false
22358,fixture-task-22358,false
22359,fixture-task-22359,true
22360,fixture-task-22360,false
22361,fixture-task-22361,false
22362,fixture-task-22362,true
22363,fixture-task-22363,false
22364,fixture-task-22364,false
22365,fixture-task-22365,true
22366,fixture-task-22366,false
22367,fixture-task-22367,false
22368,fixture-task-22368,true
22369,fixture-task-22369,false
22370,fixture-task-22370,false
22371,fixture-task-22371,true
22372,fixture-task-22372,false
22373,fixture-task-22373,false
22374,fixture-task-22374,true
22375,fixture-task-22375,false
22376,fixture-task-22376,false
22377,fixture-task-22377,true
22378,fixture-task-22378,false
22379,fixture-task-22379,false
22380,fixture-task-22380,true
22381,fixture-task-22381,false
22382,fixture-task-22382,false
22383,fixture-task-22383,true
22384,fixture-task-22384,false
22385,fixture-task-22385,false
22386,fixture-task-22386,true
22387,fixture-task-22387,false
22388,fixture-task-22388,false
22389,fixture-task-22389,true
22390,fixture-task-22390,false
22391,fixture-task-22391,false
22392,fixture-task-22392,true
22393,fixture-task-22393,false
22394,fixture-task-22394,false
22395,fixture-task-22395,true
22396,fixture-task-22396,false
22397,fixture-task-22397,false
22398,fixture-task-22398,true
22399,fixture-task-22399,false
22400,fixture-task-22400,false
22401,fixture-task-22401,true
22402,fixture-task-22402,false
22403,fixture-task-22403,false
22404,fixture-task-22404,true
22405,fixture-task-22405,false
22406,fixture-task-22406,false
22407,fixture-task-22407,true
22408,fixture-task-22408,false
22409,fixture-task-22409,false
22410,fixture-task-22410,true
22411,fixture-task-22411,false
22412,fixture-task-22412,false
22413,fixture-task-22413,true
22414,fixture-task-22414,false
22415,fixture-task-22415,false
22416,fixture-task-22416,true
22417,fixture-task-22417,false
22418,fixture-task-22418,false
22419,fixture-task-22419,true
22420,fixture-task-22420,false
22421,fixture-task-22421,false
22422,fixture-task-22422,true
22423,fixture-task-22423,false
22424,fixture-task-22424,false
22425,fixture-task-22425,true
22426,fixture-task-22426,false
22427,fixture-task-22427,false
22428,fixture-task-22428,true
22429,fixture-task-22429,false
22430,fixture-task-22430,false
22431,fixture-task-22431,true
22432,fixture-task-22432,false
22433,fixture-task-22433,false
22434,fixture-task-22434,true
22435,fixture-task-22435,false
22436,fixture-task-22436,false
22437,fixture-task-22437,true
22438,fixture-task-22438,false
22439,fixture-task-22439,false
22440,fixture-task-22440,true
22441,fixture-task-22441,false
22442,fixture-task-22442,false
22443,fixture-task-22443,true
22444,fixture-task-22444,false
22445,fixture-task-22445,false
22446,fixture-task-22446,true
22447,fixture-task-22447,false
22448,fixture-task-22448,false
22449,fixture-task-22449,true
22450,fixture-task-22450,false
22451,fixture-task-22451,false
22452,fixture-task-22452,true
22453,fixture-task-22453,false
22454,fixture-task-22454,false
22455,fixture-task-22455,true
22456,fixture-task-22456,false
22457,fixture-task-22457,false
22458,fixture-task-22458,true
22459,fixture-task-22459,false
22460,fixture-task-22460,false
22461,fixture-task-22461,true
22462,fixture-task-22462,false
22463,fixture-task-22463,false
22464,fixture-task-22464,true
22465,fixture-task-22465,false
22466,fixture-task-22466,false
22467,fixture-task-22467,true
22468,fixture-task-22468,false
22469,fixture-task-22469,false
22470,fixture-task-22470,true
22471,fixture-task-22471,false
22472,fixture-task-22472,false
22473,fixture-task-22473,true
22474,fixture-task-22474,false
22475,fixture-task-22475,false
22476,fixture-task-22476,true
22477,fixture-task-22477,false
22478,fixture-task-22478,false
22479,fixture-task-22479,true
22480,fixture-task-22480,false
22481,fixture-task-22481,false
22482,fixture-task-22482,true
22483,fixture-task-22483,false
22484,fixture-task-22484,false
22485,fixture-task-22485,true
22486,fixture-task-22486,false
22487,fixture-task-22487,false
22488,fixture-task-22488,true
22489,fixture-task-22489,false
22490,fixture-task-22490,false
22491,fixture-task-22491,true
22492,fixture-task-22492,false
22493,fixture-task-22493,false
22494,fixture-task-22494,true
22495,fixture-task-22495,false
22496,fixture-task-22496,false
22497,fixture-task-22497,true
22498,fixture-task-22498,false
22499,fixture-task-22499,false
22500,fixture-task-22500,true
22501,fixture-task-22501,false
22502,fixture-task-22502,false
22503,fixture-task-22503,true
22504,fixture-task-22504,false
22505,fixture-task-22505,false
22506,fixture-task-22506,true
22507,fixture-task-22507,false
22508,fixture-task-22508,false
22509,fixture-task-22509,true
22510,fixture-task-22510,false
22511,fixture-task-22511,false
22512,fixture-task-22512,true
22513,fixture-task-22513,false
22514,fixture-task-22514,false
22515,fixture-task-22515,true
22516,fixture-task-22516,false
22517,fixture-task-22517,false
22518,fixture-task-22518,true
22519,fixture-task-22519,false
22520,fixture-task-22520,false
22521,fixture-task-22521,true
22522,fixture-task-22522,false
22523,fixture-task-22523,false
22524,fixture-task-22524,true
22525,fixture-task-22525,false
22526,fixture-task-22526,false
22527,fixture-task-22527,true
22528,fixture-task-22528,false
22529,fixture-task-22529,false
22530,fixture-task-22530,true
22531,fixture-task-22531,false
22532,fixture-task-22532,false
22533,fixture-task-22533,true
22534,fixture-task-22534,false
22535,fixture-task-22535,false
22536,fixture-task-22536,true
22537,fixture-task-22537,false
22538,fixture-task-22538,false
22539,fixture-task-22539,true
22540,fixture-task-22540,false
22541,fixture-task-22541,false
22542,fixture-task-22542,true
22543,fixture-task-22543,false
22544,fixture-task-22544,false
22545,fixture-task-22545,true
22546,fixture-task-22546,false
22547,fixture-task-22547,false
22548,fixture-task-22548,true
22549,fixture-task-22549,false
22550,fixture-task-22550,false
22551,fixture-task-22551,true
22552,fixture-task-22552,false
22553,fixture-task-22553,false
22554,fixture-task-22554,true
22555,fixture-task-22555,false
22556,fixture-task-22556,false
22557,fixture-task-22557,true
22558,fixture-task-22558,false
22559,fixture-task-22559,false
22560,fixture-task-22560,true
22561,fixture-task-22561,false
22562,fixture-task-22562,false
22563,fixture-task-22563,true
22564,fixture-task-22564,false
22565,fixture-task-22565,false
22566,fixture-task-22566,true
22567,fixture-task-22567,false
22568,fixture-task-22568,false
22569,fixture-task-22569,true
22570,fixture-task-22570,false
22571,fixture-task-22571,false
22572,fixture-task-22572,true
22573,fixture-task-22573,false
22574,fixture-task-22574,false
22575,fixture-task-22575,true
22576,fixture-task-22576,false
22577,fixture-task-22577,false
22578,fixture-task-22578,true
22579,fixture-task-22579,false
22580,fixture-task-22580,false
22581,fixture-task-22581,true
22582,fixture-task-22582,false
22583,fixture-task-22583,false
22584,fixture-task-22584,true
22585,fixture-task-22585,false
22586,fixture-task-22586,false
22587,fixture-task-22587,true
22588,fixture-task-22588,false
22589,fixture-task-22589,false
22590,fixture-task-22590,true
22591,fixture-task-22591,false
22592,fixture-task-22592,false
22593,fixture-task-22593,true
22594,fixture-task-22594,false
22595,fixture-task-22595,false
22596,fixture-task-22596,true
22597,fixture-task-22597,false
22598,fixture-task-22598,false
22599,fixture-task-22599,true
22600,fixture-task-22600,false
22601,fixture-task-22601,false
22602,fixture-task-22602,true
22603,fixture-task-22603,false
22604,fixture-task-22604,false
22605,fixture-task-22605,true
22606,fixture-task-22606,false
22607,fixture-task-22607,false
22608,fixture-task-22608,true
22609,fixture-task-22609,false
22610,fixture-task-22610,false
22611,fixture-task-22611,true
22612,fixture-task-22612,false
22613,fixture-task-22613,false
22614,fixture-task-22614,true
22615,fixture-task-22615,false
22616,fixture-task-22616,false
22617,fixture-task-22617,true
22618,fixture-task-22618,false
22619,fixture-task-22619,false
22620,fixture-task-22620,true
22621,fixture-task-22621,false
22622,fixture-task-22622,false
22623,fixture-task-22623,true
22624,fixture-task-22624,false
22625,fixture-task-22625,false
22626,fixture-task-22626,true
22627,fixture-task-22627,false
22628,fixture-task-22628,false
22629,fixture-task-22629,true
22630,fixture-task-22630,false
22631,fixture-task-22631,false
22632,fixture-task-22632,true
22633,fixture-task-22633,false
22634,fixture-task-22634,false
22635,fixture-task-22635,true
22636,fixture-task-22636,false
22637,fixture-task-22637,false
22638,fixture-task-22638,true
22639,fixture-task-22639,false
22640,fixture-task-22640,false
22641,fixture-task-22641,true
22642,fixture-task-22642,false
22643,fixture-task-22643,false
22644,fixture-task-22644,true
22645,fixture-task-22645,false
22646,fixture-task-22646,false
22647,fixture-task-22647,true
22648,fixture-task-22648,false
22649,fixture-task-22649,false
22650,fixture-task-22650,true
22651,fixture-task-22651,false
22652,fixture-task-22652,false
22653,fixture-task-22653,true
22654,fixture-task-22654,false
22655,fixture-task-22655,false
22656,fixture-task-22656,true
22657,fixture-task-22657,false
22658,fixture-task-22658,false
22659,fixture-task-22659,true
22660,fixture-task-22660,false
22661,fixture-task-22661,false
22662,fixture-task-22662,true
22663,fixture-task-22663,false
22664,fixture-task-22664,false
22665,fixture-task-22665,true
22666,fixture-task-22666,false
22667,fixture-task-22667,false
22668,fixture-task-22668,true
22669,fixture-task-22669,false
22670,fixture-task-22670,false
22671,fixture-task-22671,true
22672,fixture-task-22672,false
22673,fixture-task-22673,false
22674,fixture-task-22674,true
22675,fixture-task-22675,false
22676,fixture-task-22676,false
22677,fixture-task-22677,true
22678,fixture-task-22678,false
22679,fixture-task-22679,false
22680,fixture-task-22680,true
22681,fixture-task-22681,false
22682,fixture-task-22682,false
22683,fixture-task-22683,true
22684,fixture-task-22684,false
22685,fixture-task-22685,false
22686,fixture-task-22686,true
22687,fixture-task-22687,false
22688,fixture-task-22688,false
22689,fixture-task-22689,true
22690,fixture-task-22690,false
22691,fixture-task-22691,false
22692,fixture-task-22692,true
22693,fixture-task-22693,false
22694,fixture-task-22694,false
22695,fixture-task-22695,true
22696,fixture-task-22696,false
22697,fixture-task-22697,false
22698,fixture-task-22698,true
22699,fixture-task-22699,false
22700,fixture-task-22700,false
22701,fixture-task-22701,true
22702,fixture-task-22702,false
22703,fixture-task-22703,false
22704,fixture-task-22704,true
22705,fixture-task-22705,false
22706,fixture-task-22706,false
22707,fixture-task-22707,true
22708,fixture-task-22708,false
22709,fixture-task-22709,false
22710,fixture-task-22710,true
22711,fixture-task-22711,false
22712,fixture-task-22712,false
22713,fixture-task-22713,true
22714,fixture-task-22714,false
22715,fixture-task-22715,false
22716,fixture-task-22716,true
22717,fixture-task-22717,false
22718,fixture-task-22718,false
22719,fixture-task-22719,true
22720,fixture-task-22720,false
22721,fixture-task-22721,false
22722,fixture-task-22722,true
22723,fixture-task-22723,false
22724,fixture-task-22724,false
22725,fixture-task-22725,true
22726,fixture-task-22726,false
22727,fixture-task-22727,false
22728,fixture-task-22728,true
22729,fixture-task-22729,false
22730,fixture-task-22730,false
22731,fixture-task-22731,true
22732,fixture-task-22732,false
22733,fixture-task-22733,false
22734,fixture-task-22734,true
22735,fixture-task-22735,false
22736,fixture-task-22736,false
22737,fixture-task-22737,true
22738,fixture-task-22738,false
22739,fixture-task-22739,false
22740,fixture-task-22740,true
22741,fixture-task-22741,false
22742,fixture-task-22742,false
22743,fixture-task-22743,true
22744,fixture-task-22744,false
22745,fixture-task-22745,false
22746,fixture-task-22746,true
22747,fixture-task-22747,false
22748,fixture-task-22748,false
22749,fixture-task-22749,true
22750,fixture-task-22750,false
22751,fixture-task-22751,false
22752,fixture-task-22752,true
22753,fixture-task-22753,false
22754,fixture-task-22754,false
22755,fixture-task-22755,true
22756,fixture-task-22756,false
22757,fixture-task-22757,false
22758,fixture-task-22758,true
22759,fixture-task-22759,false
22760,fixture-task-22760,false
22761,fixture-task-22761,true
22762,fixture-task-22762,false
22763,fixture-task-22763,false
22764,fixture-task-22764,true
22765,fixture-task-22765,false
22766,fixture-task-22766,false
22767,fixture-task-22767,true
22768,fixture-task-22768,false
22769,fixture-task-22769,false
22770,fixture-task-22770,true
22771,fixture-task-22771,false
22772,fixture-task-22772,false
22773,fixture-task-22773,true
22774,fixture-task-22774,false
22775,fixture-task-22775,false
22776,fixture-task-22776,true
22777,fixture-task-22777,false
22778,fixture-task-22778,false
22779,fixture-task-22779,true
22780,fixture-task-22780,false
22781,fixture-task-22781,false
22782,fixture-task-22782,true
22783,fixture-task-22783,false
22784,fixture-task-22784,false
22785,fixture-task-22785,true
22786,fixture-task-22786,false
22787,fixture-task-22787,false
22788,fixture-task-22788,true
22789,fixture-task-22789,false
22790,fixture-task-22790,false
22791,fixture-task-22791,true
22792,fixture-task-22792,false
22793,fixture-task-22793,false
22794,fixture-task-22794,true
22795,fixture-task-22795,false
22796,fixture-task-22796,false
22797,fixture-task-22797,true
22798,fixture-task-22798,false
22799,fixture-task-22799,false
22800,fixture-task-22800,true
22801,fixture-task-22801,false
22802,fixture-task-22802,false
22803,fixture-task-22803,true
22804,fixture-task-22804,false
22805,fixture-task-22805,false
22806,fixture-task-22806,true
22807,fixture-task-22807,false
22808,fixture-task-22808,false
22809,fixture-task-22809,true
22810,fixture-task-22810,false
22811,fixture-task-22811,false
22812,fixture-task-22812,true
22813,fixture-task-22813,false
22814,fixture-task-22814,false
22815,fixture-task-22815,true
22816,fixture-task-22816,false
22817,fixture-task-22817,false
22818,fixture-task-22818,true
22819,fixture-task-22819,false
22820,fixture-task-22820,false
22821,fixture-task-22821,true
22822,fixture-task-22822,false
22823,fixture-task-22823,false
22824,fixture-task-22824,true
22825,fixture-task-22825,false
22826,fixture-task-22826,false
22827,fixture-task-22827,true
22828,fixture-task-22828,false
22829,fixture-task-22829,false
22830,fixture-task-22830,true
22831,fixture-task-22831,false
22832,fixture-task-22832,false
22833,fixture-task-22833,true
22834,fixture-task-22834,false
22835,fixture-task-22835,false
22836,fixture-task-22836,true
22837,fixture-task-22837,false
22838,fixture-task-22838,false
22839,fixture-task-22839,true
22840,fixture-task-22840,false
22841,fixture-task-22841,false
22842,fixture-task-22842,true
22843,fixture-task-22843,false
22844,fixture-task-22844,false
22845,fixture-task-22845,true
22846,fixture-task-22846,false
22847,fixture-task-22847,false
22848,fixture-task-22848,true
22849,fixture-task-22849,false
22850,fixture-task-22850,false
22851,fixture-task-22851,true
22852,fixture-task-22852,false
22853,fixture-task-22853,false
22854,fixture-task-22854,true
22855,fixture-task-22855,false
22856,fixture-task-22856,false
22857,fixture-task-22857,true
22858,fixture-task-22858,false
22859,fixture-task-22859,false
22860,fixture-task-22860,true
22861,fixture-task-22861,false
22862,fixture-task-22862,false
22863,fixture-task-22863,true
22864,fixture-task-22864,false
22865,fixture-task-22865,false
22866,fixture-task-22866,true
22867,fixture-task-22867,false
22868,fixture-task-22868,false
22869,fixture-task-22869,true
22870,fixture-task-22870,false
22871,fixture-task-22871,false
22872,fixture-task-22872,true
22873,fixture-task-22873,false
22874,fixture-task-22874,false
22875,fixture-task-22875,true
22876,fixture-task-22876,false
22877,fixture-task-22877,false
22878,fixture-task-22878,true
22879,fixture-task-22879,false
22880,fixture-task-22880,false
22881,fixture-task-22881,true
22882,fixture-task-22882,false
22883,fixture-task-22883,false
22884,fixture-task-22884,true
22885,fixture-task-22885,false
22886,fixture-task-22886,false
22887,fixture-task-22887,true
22888,fixture-task-22888,false
22889,fixture-task-22889,false
22890,fixture-task-22890,true
22891,fixture-task-22891,false
22892,fixture-task-22892,false
22893,fixture-task-22893,true
22894,fixture-task-22894,false
22895,fixture-task-22895,false
22896,fixture-task-22896,true
22897,fixture-task-22897,false
22898,fixture-task-22898,false
22899,fixture-task-22899,true
22900,fixture-task-22900,false
22901,fixture-task-22901,false
22902,fixture-task-22902,true
22903,fixture-task-22903,false
22904,fixture-task-22904,false
22905,fixture-task-22905,true
22906,fixture-task-22906,false
22907,fixture-task-22907,false
22908,fixture-task-22908,true
22909,fixture-task-22909,false
22910,fixture-task-22910,false
22911,fixture-task-22911,true
22912,fixture-task-22912,false
22913,fixture-task-22913,false
22914,fixture-task-22914,true
22915,fixture-task-22915,false
22916,fixture-task-22916,false
22917,fixture-task-22917,true
22918,fixture-task-22918,false
22919,fixture-task-22919,false
22920,fixture-task-22920,true
22921,fixture-task-22921,false
22922,fixture-task-22922,false
22923,fixture-task-22923,true
22924,fixture-task-22924,false
22925,fixture-task-22925,false
22926,fixture-task-22926,true
22927,fixture-task-22927,false
22928,fixture-task-22928,false
22929,fixture-task-22929,true
22930,fixture-task-22930,false
22931,fixture-task-22931,false
22932,fixture-task-22932,true
22933,fixture-task-22933,false
22934,fixture-task-22934,false
22935,fixture-task-22935,true
22936,fixture-task-22936,false
22937,fixture-task-22937,false
22938,fixture-task-22938,true
22939,fixture-task-22939,false
22940,fixture-task-22940,false
22941,fixture-task-22941,true
22942,fixture-task-22942,false
22943,fixture-task-22943,false
22944,fixture-task-22944,true
22945,fixture-task-22945,false
22946,fixture-task-22946,false
22947,fixture-task-22947,true
22948,fixture-task-22948,false
22949,fixture-task-22949,false
22950,fixture-task-22950,true
22951,fixture-task-22951,false
22952,fixture-task-22952,false
22953,fixture-task-22953,true
22954,fixture-task-22954,false
22955,fixture-task-22955,false
22956,fixture-task-22956,true
22957,fixture-task-22957,false
22958,fixture-task-22958,false
22959,fixture-task-22959,true
22960,fixture-task-22960,false
22961,fixture-task-22961,false
22962,fixture-task-22962,true
22963,fixture-task-22963,false
22964,fixture-task-22964,false
22965,fixture-task-22965,true
22966,fixture-task-22966,false
22967,fixture-task-22967,false
22968,fixture-task-22968,true
22969,fixture-task-22969,false
22970,fixture-task-22970,false
22971,fixture-task-22971,true
22972,fixture-task-22972,false
22973,fixture-task-22973,false
22974,fixture-task-22974,true
22975,fixture-task-22975,false
22976,fixture-task-22976,false
22977,fixture-task-22977,true
22978,fixture-task-22978,false
22979,fixture-task-22979,false
22980,fixture-task-22980,true
22981,fixture-task-22981,false
22982,fixture-task-22982,false
22983,fixture-task-22983,true
22984,fixture-task-22984,false
22985,fixture-task-22985,false
22986,fixture-task-22986,true
22987,fixture-task-22987,false
22988,fixture-task-22988,false
22989,fixture-task-22989,true
22990,fixture-task-22990,false
22991,fixture-task-22991,false
22992,fixture-task-22992,true
22993,fixture-task-22993,false
22994,fixture-task-22994,false
22995,fixture-task-22995,true
22996,fixture-task-22996,false
22997,fixture-task-22997,false
22998,fixture-task-22998,true
22999,fixture-task-22999,false
23000,fixture-task-23000,false
23001,fixture-task-23001,true
23002,fixture-task-23002,false
23003,fixture-task-23003,false
23004,fixture-task-23004,true
23005,fixture-task-23005,false
23006,fixture-task-23006,false
23007,fixture-task-23007,true
23008,fixture-task-23008,false
23009,fixture-task-23009,false
23010,fixture-task-23010,true
23011,fixture-task-23011,false
23012,fixture-task-23012,false
23013,fixture-task-23013,true
23014,fixture-task-23014,false
23015,fixture-task-23015,false
23016,fixture-task-23016,true
23017,fixture-task-23017,false
23018,fixture-task-23018,false
23019,fixture-task-23019,true
23020,fixture-task-23020,false
23021,fixture-task-23021,false
23022,fixture-task-23022,true
23023,fixture-task-23023,false
23024,fixture-task-23024,false
23025,fixture-task-23025,true
23026,fixture-task-23026,false
23027,fixture-task-23027,false
23028,fixture-task-23028,true
23029,fixture-task-23029,false
23030,fixture-task-23030,false
23031,fixture-task-23031,true
23032,fixture-task-23032,false
23033,fixture-task-23033,false
23034,fixture-task-23034,true
23035,fixture-task-23035,false
23036,fixture-task-23036,false
23037,fixture-task-23037,true
23038,fixture-task-23038,false
23039,fixture-task-23039,false
23040,fixture-task-23040,true
23041,fixture-task-23041,false
23042,fixture-task-23042,false
23043,fixture-task-23043,true
23044,fixture-task-23044,false
23045,fixture-task-23045,false
23046,fixture-task-23046,true
23047,fixture-task-23047,false
23048,fixture-task-23048,false
23049,fixture-task-23049,true
23050,fixture-task-23050,false
23051,fixture-task-23051,false
23052,fixture-task-23052,true
23053,fixture-task-23053,false
23054,fixture-task-23054,false
23055,fixture-task-23055,true
23056,fixture-task-23056,false
23057,fixture-task-23057,false
23058,fixture-task-23058,true
23059,fixture-task-23059,false
23060,fixture-task-23060,false
23061,fixture-task-23061,true
23062,fixture-task-23062,false
23063,fixture-task-23063,false
23064,fixture-task-23064,true
23065,fixture-task-23065,false
23066,fixture-task-23066,false
23067,fixture-task-23067,true
23068,fixture-task-23068,false
23069,fixture-task-23069,false
23070,fixture-task-23070,true
23071,fixture-task-23071,false
23072,fixture-task-23072,false
23073,fixture-task-23073,true
23074,fixture-task-23074,false
23075,fixture-task-23075,false
23076,fixture-task-23076,true
23077,fixture-task-23077,false
23078,fixture-task-23078,false
23079,fixture-task-23079,true
23080,fixture-task-23080,false
23081,fixture-task-23081,false
23082,fixture-task-23082,true
23083,fixture-task-23083,false
23084,fixture-task-23084,false
23085,fixture-task-23085,true
23086,fixture-task-23086,false
23087,fixture-task-23087,false
23088,fixture-task-23088,true
23089,fixture-task-23089,false
23090,fixture-task-23090,false
23091,fixture-task-23091,true
23092,fixture-task-23092,false
23093,fixture-task-23093,false
23094,fixture-task-23094,true
23095,fixture-task-23095,false
23096,fixture-task-23096,false
23097,fixture-task-23097,true
23098,fixture-task-23098,false
23099,fixture-task-23099,false
23100,fixture-task-23100,true
23101,fixture-task-23101,false
23102,fixture-task-23102,false
23103,fixture-task-23103,true
23104,fixture-task-23104,false
23105,fixture-task-23105,false
23106,fixture-task-23106,true
23107,fixture-task-23107,false
23108,fixture-task-23108,false
23109,fixture-task-23109,true
23110,fixture-task-23110,false
23111,fixture-task-23111,false
23112,fixture-task-23112,true
23113,fixture-task-23113,false
23114,fixture-task-23114,false
23115,fixture-task-23115,true
23116,fixture-task-23116,false
23117,fixture-task-23117,false
23118,fixture-task-23118,true
23119,fixture-task-23119,false
23120,fixture-task-23120,false
23121,fixture-task-23121,true
23122,fixture-task-23122,false
23123,fixture-task-23123,false
23124,fixture-task-23124,true
23125,fixture-task-23125,false
23126,fixture-task-23126,false
23127,fixture-task-23127,true
23128,fixture-task-23128,false
23129,fixture-task-23129,false
23130,fixture-task-23130,true
23131,fixture-task-23131,false
23132,fixture-task-23132,false
23133,fixture-task-23133,true
23134,fixture-task-23134,false
23135,fixture-task-23135,false
23136,fixture-task-23136,true
23137,fixture-task-23137,false
23138,fixture-task-23138,false
23139,fixture-task-23139,true
23140,fixture-task-23140,false
23141,fixture-task-23141,false
23142,fixture-task-23142,true
23143,fixture-task-23143,false
23144,fixture-task-23144,false
23145,fixture-task-23145,true
23146,fixture-task-23146,false
23147,fixture-task-23147,false
23148,fixture-task-23148,true
23149,fixture-task-23149,false
23150,fixture-task-23150,false
23151,fixture-task-23151,true
23152,fixture-task-23152,false
23153,fixture-task-23153,false
23154,fixture-task-23154,true
23155,fixture-task-23155,false
23156,fixture-task-23156,false
23157,fixture-task-23157,true
23158,fixture-task-23158,false
23159,fixture-task-23159,false
23160,fixture-task-23160,true
23161,fixture-task-23161,false
23162,fixture-task-23162,false
23163,fixture-task-23163,true
23164,fixture-task-23164,false
23165,fixture-task-23165,false
23166,fixture-task-23166,true
23167,fixture-task-23167,false
23168,fixture-task-23168,false
23169,fixture-task-23169,true
23170,fixture-task-23170,false
23171,fixture-task-23171,false
23172,fixture-task-23172,true
23173,fixture-task-23173,false
23174,fixture-task-23174,false
23175,fixture-task-23175,true
23176,fixture-task-23176,false
23177,fixture-task-23177,false
23178,fixture-task-23178,true
23179,fixture-task-23179,false
23180,fixture-task-23180,false
23181,fixture-task-23181,true
23182,fixture-task-23182,false
23183,fixture-task-23183,false
23184,fixture-task-23184,true
23185,fixture-task-23185,false
23186,fixture-task-23186,false
23187,fixture-task-23187,true
23188,fixture-task-23188,false
23189,fixture-task-23189,false
23190,fixture-task-23190,true
23191,fixture-task-23191,false
23192,fixture-task-23192,false
23193,fixture-task-23193,true
23194,fixture-task-23194,false
23195,fixture-task-23195,false
23196,fixture-task-23196,true
23197,fixture-task-23197,false
23198,fixture-task-23198,false
23199,fixture-task-23199,true
23200,fixture-task-23200,false
23201,fixture-task-23201,false
23202,fixture-task-23202,true
23203,fixture-task-23203,false
23204,fixture-task-23204,false
23205,fixture-task-23205,true
23206,fixture-task-23206,false
23207,fixture-task-23207,false
23208,fixture-task-23208,true
23209,fixture-task-23209,false
23210,fixture-task-23210,false
23211,fixture-task-23211,true
23212,fixture-task-23212,false
23213,fixture-task-23213,false
23214,fixture-task-23214,true
23215,fixture-task-23215,false
23216,fixture-task-23216,false
23217,fixture-task-23217,true
23218,fixture-task-23218,false
23219,fixture-task-23219,false
23220,fixture-task-23220,true
23221,fixture-task-23221,false
23222,fixture-task-23222,false
23223,fixture-task-23223,true
23224,fixture-task-23224,false
23225,fixture-task-23225,false
23226,fixture-task-23226,true
23227,fixture-task-23227,false
23228,fixture-task-23228,false
23229,fixture-task-23229,true
23230,fixture-task-23230,false
23231,fixture-task-23231,false
23232,fixture-task-23232,true
23233,fixture-task-23233,false
23234,fixture-task-23234,false
23235,fixture-task-23235,true
23236,fixture-task-23236,false
23237,fixture-task-23237,false
23238,fixture-task-23238,true
23239,fixture-task-23239,false
23240,fixture-task-23240,false
23241,fixture-task-23241,true
23242,fixture-task-23242,false
23243,fixture-task-23243,false
23244,fixture-task-23244,true
23245,fixture-task-23245,false
23246,fixture-task-23246,false
23247,fixture-task-23247,true
23248,fixture-task-23248,false
23249,fixture-task-23249,false
23250,fixture-task-23250,true
23251,fixture-task-23251,false
23252,fixture-task-23252,false
23253,fixture-task-23253,true
23254,fixture-task-23254,false
23255,fixture-task-23255,false
23256,fixture-task-23256,true
23257,fixture-task-23257,false
23258,fixture-task-23258,false
23259,fixture-task-23259,true
23260,fixture-task-23260,false
23261,fixture-task-23261,false
23262,fixture-task-23262,true
23263,fixture-task-23263,false
23264,fixture-task-23264,false
23265,fixture-task-23265,true
23266,fixture-task-23266,false
23267,fixture-task-23267,false
23268,fixture-task-23268,true
23269,fixture-task-23269,false
23270,fixture-task-23270,false
23271,fixture-task-23271,true
23272,fixture-task-23272,false
23273,fixture-task-23273,false
23274,fixture-task-23274,true
23275,fixture-task-23275,false
23276,fixture-task-23276,false
23277,fixture-task-23277,true
23278,fixture-task-23278,false
23279,fixture-task-23279,false
23280,fixture-task-23280,true
23281,fixture-task-23281,false
23282,fixture-task-23282,false
23283,fixture-task-23283,true
23284,fixture-task-23284,false
23285,fixture-task-23285,false
23286,fixture-task-23286,true
23287,fixture-task-23287,false
23288,fixture-task-23288,false
23289,fixture-task-23289,true
23290,fixture-task-23290,false
23291,fixture-task-23291,false
23292,fixture-task-23292,true
23293,fixture-task-23293,false
23294,fixture-task-23294,false
23295,fixture-task-23295,true
23296,fixture-task-23296,false
23297,fixture-task-23297,false
23298,fixture-task-23298,true
23299,fixture-task-23299,false
23300,fixture-task-23300,false
23301,fixture-task-23301,true
23302,fixture-task-23302,false
23303,fixture-task-23303,false
23304,fixture-task-23304,true
23305,fixture-task-23305,false
23306,fixture-task-23306,false
23307,fixture-task-23307,true
23308,fixture-task-23308,false
23309,fixture-task-23309,false
23310,fixture-task-23310,true
23311,fixture-task-23311,false
23312,fixture-task-23312,false
23313,fixture-task-23313,true
23314,fixture-task-23314,false
23315,fixture-task-23315,false
23316,fixture-task-23316,true
23317,fixture-task-23317,false
23318,fixture-task-23318,false
23319,fixture-task-23319,true
23320,fixture-task-23320,false
23321,fixture-task-23321,false
23322,fixture-task-23322,true
23323,fixture-task-23323,false
23324,fixture-task-23324,false
23325,fixture-task-23325,true
23326,fixture-task-23326,false
23327,fixture-task-23327,false
23328,fixture-task-23328,true
23329,fixture-task-23329,false
23330,fixture-task-23330,false
23331,fixture-task-23331,true
23332,fixture-task-23332,false
23333,fixture-task-23333,false
23334,fixture-task-23334,true
23335,fixture-task-23335,false
23336,fixture-task-23336,false
23337,fixture-task-23337,true
23338,fixture-task-23338,false
23339,fixture-task-23339,false
23340,fixture-task-23340,true
23341,fixture-task-23341,false
23342,fixture-task-23342,false
23343,fixture-task-23343,true
23344,fixture-task-23344,false
23345,fixture-task-23345,false
23346,fixture-task-23346,true
23347,fixture-task-23347,false
23348,fixture-task-23348,false
23349,fixture-task-23349,true
23350,fixture-task-23350,false
23351,fixture-task-23351,false
23352,fixture-task-23352,true
23353,fixture-task-23353,false
23354,fixture-task-23354,false
23355,fixture-task-23355,true
23356,fixture-task-23356,false
23357,fixture-task-23357,false
23358,fixture-task-23358,true
23359,fixture-task-23359,false
23360,fixture-task-23360,false
23361,fixture-task-23361,true
23362,fixture-task-23362,false
23363,fixture-task-23363,false
23364,fixture-task-23364,true
23365,fixture-task-23365,false
23366,fixture-task-23366,false
23367,fixture-task-23367,true
23368,fixture-task-23368,false
23369,fixture-task-23369,false
23370,fixture-task-23370,true
23371,fixture-task-23371,false
23372,fixture-task-23372,false
23373,fixture-task-23373,true
23374,fixture-task-23374,false
23375,fixture-task-23375,false
23376,fixture-task-23376,true
23377,fixture-task-23377,false
23378,fixture-task-23378,false
23379,fixture-task-23379,true
23380,fixture-task-23380,false
23381,fixture-task-23381,false
23382,fixture-task-23382,true
23383,fixture-task-23383,false
23384,fixture-task-23384,false
23385,fixture-task-23385,true
23386,fixture-task-23386,false
23387,fixture-task-23387,false
23388,fixture-task-23388,true
23389,fixture-task-23389,false
23390,fixture-task-23390,false
23391,fixture-task-23391,true
23392,fixture-task-23392,false
23393,fixture-task-23393,false
23394,fixture-task-23394,true
23395,fixture-task-23395,false
23396,fixture-task-23396,false
23397,fixture-task-23397,true
23398,fixture-task-23398,false
23399,fixture-task-23399,false
23400,fixture-task-23400,true
23401,fixture-task-23401,false
23402,fixture-task-23402,false
23403,fixture-task-23403,true
23404,fixture-task-23404,false
23405,fixture-task-23405,false
23406,fixture-task-23406,true
23407,fixture-task-23407,false
23408,fixture-task-23408,false
23409,fixture-task-23409,true
23410,fixture-task-23410,false
23411,fixture-task-23411,false
23412,fixture-task-23412,true
23413,fixture-task-23413,false
23414,fixture-task-23414,false
23415,fixture-task-23415,true
23416,fixture-task-23416,false
23417,fixture-task-23417,false
23418,fixture-task-23418,true
23419,fixture-task-23419,false
23420,fixture-task-23420,false
23421,fixture-task-23421,true
23422,fixture-task-23422,false
23423,fixture-task-23423,false
23424,fixture-task-23424,true
23425,fixture-task-23425,false
23426,fixture-task-23426,false
23427,fixture-task-23427,true
23428,fixture-task-23428,false
23429,fixture-task-23429,false
23430,fixture-task-23430,true
23431,fixture-task-23431,false
23432,fixture-task-23432,false
23433,fixture-task-23433,true
23434,fixture-task-23434,false
23435,fixture-task-23435,false
23436,fixture-task-23436,true
23437,fixture-task-23437,false
23438,fixture-task-23438,false
23439,fixture-task-23439,true
23440,fixture-task-23440,false
23441,fixture-task-23441,false
23442,fixture-task-23442,true
23443,fixture-task-23443,false
23444,fixture-task-23444,false
23445,fixture-task-23445,true
23446,fixture-task-23446,false
23447,fixture-task-23447,false
23448,fixture-task-23448,true
23449,fixture-task-23449,false
23450,fixture-task-23450,false
23451,fixture-task-23451,true
23452,fixture-task-23452,false
23453,fixture-task-23453,false
23454,fixture-task-23454,true
23455,fixture-task-23455,false
23456,fixture-task-23456,false
23457,fixture-task-23457,true
23458,fixture-task-23458,false
23459,fixture-task-23459,false
23460,fixture-task-23460,true
23461,fixture-task-23461,false
23462,fixture-task-23462,false
23463,fixture-task-23463,true
23464,fixture-task-23464,false
23465,fixture-task-23465,false
23466,fixture-task-23466,true
23467,fixture-task-23467,false
23468,fixture-task-23468,false
23469,fixture-task-23469,true
23470,fixture-task-23470,false
23471,fixture-task-23471,false
23472,fixture-task-23472,true
23473,fixture-task-23473,false
23474,fixture-task-23474,false
23475,fixture-task-23475,true
23476,fixture-task-23476,false
23477,fixture-task-23477,false
23478,fixture-task-23478,true
23479,fixture-task-23479,false
23480,fixture-task-23480,false
23481,fixture-task-23481,true
23482,fixture-task-23482,false
23483,fixture-task-23483,false
23484,fixture-task-23484,true
23485,fixture-task-23485,false
23486,fixture-task-23486,false
23487,fixture-task-23487,true
23488,fixture-task-23488,false
23489,fixture-task-23489,false
23490,fixture-task-23490,true
23491,fixture-task-23491,false
23492,fixture-task-23492,false
23493,fixture-task-23493,true
23494,fixture-task-23494,false
23495,fixture-task-23495,false
23496,fixture-task-23496,true
23497,fixture-task-23497,false
23498,fixture-task-23498,false
23499,fixture-task-23499,true
23500,fixture-task-23500,false
23501,fixture-task-23501,false
23502,fixture-task-23502,true
23503,fixture-task-23503,false
23504,fixture-task-23504,false
23505,fixture-task-23505,true
23506,fixture-task-23506,false
23507,fixture-task-23507,false
23508,fixture-task-23508,true
23509,fixture-task-23509,false
23510,fixture-task-23510,false
23511,fixture-task-23511,true
23512,fixture-task-23512,false
23513,fixture-task-23513,false
23514,fixture-task-23514,true
23515,fixture-task-23515,false
23516,fixture-task-23516,false
23517,fixture-task-23517,true
23518,fixture-task-23518,false
23519,fixture-task-23519,false
23520,fixture-task-23520,true
23521,fixture-task-23521,false
23522,fixture-task-23522,false
23523,fixture-task-23523,true
23524,fixture-task-23524,false
23525,fixture-task-23525,false
23526,fixture-task-23526,true
23527,fixture-task-23527,false
23528,fixture-task-23528,false
23529,fixture-task-23529,true
23530,fixture-task-23530,false
23531,fixture-task-23531,false
23532,fixture-task-23532,true
23533,fixture-task-23533,false
23534,fixture-task-23534,false
23535,fixture-task-23535,true
23536,fixture-task-23536,false
23537,fixture-task-23537,false
23538,fixture-task-23538,true
23539,fixture-task-23539,false
23540,fixture-task-23540,false
23541,fixture-task-23541,true
23542,fixture-task-23542,false
23543,fixture-task-23543,false
23544,fixture-task-23544,true
23545,fixture-task-23545,false
23546,fixture-task-23546,false
23547,fixture-task-23547,true
23548,fixture-task-23548,false
23549,fixture-task-23549,false
23550,fixture-task-23550,true
23551,fixture-task-23551,false
23552,fixture-task-23552,false
23553,fixture-task-23553,true
23554,fixture-task-23554,false
23555,fixture-task-23555,false
23556,fixture-task-23556,true
23557,fixture-task-23557,false
23558,fixture-task-23558,false
23559,fixture-task-23559,true
23560,fixture-task-23560,false
23561,fixture-task-23561,false
23562,fixture-task-23562,true
23563,fixture-task-23563,false
23564,fixture-task-23564,false
23565,fixture-task-23565,true
23566,fixture-task-23566,false
23567,fixture-task-23567,false
23568,fixture-task-23568,true
23569,fixture-task-23569,false
23570,fixture-task-23570,false
23571,fixture-task-23571,true
23572,fixture-task-23572,false
23573,fixture-task-23573,false
23574,fixture-task-23574,true
23575,fixture-task-23575,false
23576,fixture-task-23576,false
23577,fixture-task-23577,true
23578,fixture-task-23578,false
23579,fixture-task-23579,false
23580,fixture-task-23580,true
23581,fixture-task-23581,false
23582,fixture-task-23582,false
23583,fixture-task-23583,true
23584,fixture-task-23584,false
23585,fixture-task-23585,false
23586,fixture-task-23586,true
23587,fixture-task-23587,false
23588,fixture-task-23588,false
23589,fixture-task-23589,true
23590,fixture-task-23590,false
23591,fixture-task-23591,false
23592,fixture-task-23592,true
23593,fixture-task-23593,false
23594,fixture-task-23594,false
23595,fixture-task-23595,true
23596,fixture-task-23596,false
23597,fixture-task-23597,false
23598,fixture-task-23598,true
23599,fixture-task-23599,false
23600,fixture-task-23600,false
23601,fixture-task-23601,true
23602,fixture-task-23602,false
23603,fixture-task-23603,false
23604,fixture-task-23604,true
23605,fixture-task-23605,false
23606,fixture-task-23606,false
23607,fixture-task-23607,true
23608,fixture-task-23608,false
23609,fixture-task-23609,false
23610,fixture-task-23610,true
23611,fixture-task-23611,false
23612,fixture-task-23612,false
23613,fixture-task-23613,true
23614,fixture-task-23614,false
23615,fixture-task-23615,false
23616,fixture-task-23616,true
23617,fixture-task-23617,false
23618,fixture-task-23618,false
23619,fixture-task-23619,true
23620,fixture-task-23620,false
23621,fixture-task-23621,false
23622,fixture-task-23622,true
23623,fixture-task-23623,false
23624,fixture-task-23624,false
23625,fixture-task-23625,true
23626,fixture-task-23626,false
23627,fixture-task-23627,false
23628,fixture-task-23628,true
23629,fixture-task-23629,false
23630,fixture-task-23630,false
23631,fixture-task-23631,true
23632,fixture-task-23632,false
23633,fixture-task-23633,false
23634,fixture-task-23634,true
23635,fixture-task-23635,false
23636,fixture-task-23636,false
23637,fixture-task-23637,true
23638,fixture-task-23638,false
23639,fixture-task-23639,false
23640,fixture-task-23640,true
23641,fixture-task-23641,false
23642,fixture-task-23642,false
23643,fixture-task-23643,true
23644,fixture-task-23644,false
23645,fixture-task-23645,false
23646,fixture-task-23646,true
23647,fixture-task-23647,false
23648,fixture-task-23648,false
23649,fixture-task-23649,true
23650,fixture-task-23650,false
23651,fixture-task-23651,false
23652,fixture-task-23652,true
23653,fixture-task-23653,false
23654,fixture-task-23654,false
23655,fixture-task-23655,true
23656,fixture-task-23656,false
23657,fixture-task-23657,false
23658,fixture-task-23658,true
23659,fixture-task-23659,false
23660,fixture-task-23660,false
23661,fixture-task-23661,true
23662,fixture-task-23662,false
23663,fixture-task-23663,false
23664,fixture-task-23664,true
23665,fixture-task-23665,false
23666,fixture-task-23666,false
23667,fixture-task-23667,true
23668,fixture-task-23668,false
23669,fixture-task-23669,false
23670,fixture-task-23670,true
23671,fixture-task-23671,false
23672,fixture-task-23672,false
23673,fixture-task-23673,true
23674,fixture-task-23674,false
23675,fixture-task-23675,false
23676,fixture-task-23676,true
23677,fixture-task-23677,false
23678,fixture-task-23678,false
23679,fixture-task-23679,true
23680,fixture-task-23680,false
23681,fixture-task-23681,false
23682,fixture-task-23682,true
23683,fixture-task-23683,false
23684,fixture-task-23684,false
23685,fixture-task-23685,true
23686,fixture-task-23686,false
23687,fixture-task-23687,false
23688,fixture-task-23688,true
23689,fixture-task-23689,false
23690,fixture-task-23690,false
23691,fixture-task-23691,true
23692,fixture-task-23692,false
23693,fixture-task-23693,false
23694,fixture-task-23694,true
23695,fixture-task-23695,false
23696,fixture-task-23696,false
23697,fixture-task-23697,true
23698,fixture-task-23698,false
23699,fixture-task-23699,false
23700,fixture-task-23700,true
23701,fixture-task-23701,false
23702,fixture-task-23702,false
23703,fixture-task-23703,true
23704,fixture-task-23704,false
23705,fixture-task-23705,false
23706,fixture-task-23706,true
23707,fixture-task-23707,false
23708,fixture-task-23708,false
23709,fixture-task-23709,true
23710,fixture-task-23710,false
23711,fixture-task-23711,false
23712,fixture-task-23712,true
23713,fixture-task-23713,false
23714,fixture-task-23714,false
23715,fixture-task-23715,true
23716,fixture-task-23716,false
23717,fixture-task-23717,false
23718,fixture-task-23718,true
23719,fixture-task-23719,false
23720,fixture-task-23720,false
23721,fixture-task-23721,true
23722,fixture-task-23722,false
23723,fixture-task-23723,false
23724,fixture-task-23724,true
23725,fixture-task-23725,false
23726,fixture-task-23726,false
23727,fixture-task-23727,true
23728,fixture-task-23728,false
23729,fixture-task-23729,false
23730,fixture-task-23730,true
23731,fixture-task-23731,false
23732,fixture-task-23732,false
23733,fixture-task-23733,true
23734,fixture-task-23734,false
23735,fixture-task-23735,false
23736,fixture-task-23736,true
23737,fixture-task-23737,false
23738,fixture-task-23738,false
23739,fixture-task-23739,true
23740,fixture-task-23740,false
23741,fixture-task-23741,false
23742,fixture-task-23742,true
23743,fixture-task-23743,false
23744,fixture-task-23744,false
23745,fixture-task-23745,true
23746,fixture-task-23746,false
23747,fixture-task-23747,false
23748,fixture-task-23748,true
23749,fixture-task-23749,false
23750,fixture-task-23750,false
23751,fixture-task-23751,true
23752,fixture-task-23752,false
23753,fixture-task-23753,false
23754,fixture-task-23754,true
23755,fixture-task-23755,false
23756,fixture-task-23756,false
23757,fixture-task-23757,true
23758,fixture-task-23758,false
23759,fixture-task-23759,false
23760,fixture-task-23760,true
23761,fixture-task-23761,false
23762,fixture-task-23762,false
23763,fixture-task-23763,true
23764,fixture-task-23764,false
23765,fixture-task-23765,false
23766,fixture-task-23766,true
23767,fixture-task-23767,false
23768,fixture-task-23768,false
23769,fixture-task-23769,true
23770,fixture-task-23770,false
23771,fixture-task-23771,false
23772,fixture-task-23772,true
23773,fixture-task-23773,false
23774,fixture-task-23774,false
23775,fixture-task-23775,true
23776,fixture-task-23776,false
23777,fixture-task-23777,false
23778,fixture-task-23778,true
23779,fixture-task-23779,false
23780,fixture-task-23780,false
23781,fixture-task-23781,true
23782,fixture-task-23782,false
23783,fixture-task-23783,false
23784,fixture-task-23784,true
23785,fixture-task-23785,false
23786,fixture-task-23786,false
23787,fixture-task-23787,true
23788,fixture-task-23788,false
23789,fixture-task-23789,false
23790,fixture-task-23790,true
23791,fixture-task-23791,false
23792,fixture-task-23792,false
23793,fixture-task-23793,true
23794,fixture-task-23794,false
23795,fixture-task-23795,false
23796,fixture-task-23796,true
23797,fixture-task-23797,false
23798,fixture-task-23798,false
23799,fixture-task-23799,true
23800,fixture-task-23800,false
23801,fixture-task-23801,false
23802,fixture-task-23802,true
23803,fixture-task-23803,false
23804,fixture-task-23804,false
23805,fixture-task-23805,true
23806,fixture-task-23806,false
23807,fixture-task-23807,false
23808,fixture-task-23808,true
23809,fixture-task-23809,false
23810,fixture-task-23810,false
23811,fixture-task-23811,true
23812,fixture-task-23812,false
23813,fixture-task-23813,false
23814,fixture-task-23814,true
23815,fixture-task-23815,false
23816,fixture-task-23816,false
23817,fixture-task-23817,true
23818,fixture-task-23818,false
23819,fixture-task-23819,false
23820,fixture-task-23820,true
23821,fixture-task-23821,false
23822,fixture-task-23822,false
23823,fixture-task-23823,true
23824,fixture-task-23824,false
23825,fixture-task-23825,false
23826,fixture-task-23826,true
23827,fixture-task-23827,false
23828,fixture-task-23828,false
23829,fixture-task-23829,true
23830,fixture-task-23830,false
23831,fixture-task-23831,false
23832,fixture-task-23832,true
23833,fixture-task-23833,false
23834,fixture-task-23834,false
23835,fixture-task-23835,true
23836,fixture-task-23836,false
23837,fixture-task-23837,false
23838,fixture-task-23838,true
23839,fixture-task-23839,false
23840,fixture-task-23840,false
23841,fixture-task-23841,true
23842,fixture-task-23842,false
23843,fixture-task-23843,false
23844,fixture-task-23844,true
23845,fixture-task-23845,false
23846,fixture-task-23846,false
23847,fixture-task-23847,true
23848,fixture-task-23848,false
23849,fixture-task-23849,false
23850,fixture-task-23850,true
23851,fixture-task-23851,false
23852,fixture-task-23852,false
23853,fixture-task-23853,true
23854,fixture-task-23854,false
23855,fixture-task-23855,false
23856,fixture-task-23856,true
23857,fixture-task-23857,false
23858,fixture-task-23858,false
23859,fixture-task-23859,true
23860,fixture-task-23860,false
23861,fixture-task-23861,false
23862,fixture-task-23862,true
23863,fixture-task-23863,false
23864,fixture-task-23864,false
23865,fixture-task-23865,true
23866,fixture-task-23866,false
23867,fixture-task-23867,false
23868,fixture-task-23868,true
23869,fixture-task-23869,false
23870,fixture-task-23870,false
23871,fixture-task-23871,true
23872,fixture-task-23872,false
23873,fixture-task-23873,false
23874,fixture-task-23874,true
23875,fixture-task-23875,false
23876,fixture-task-23876,false
23877,fixture-task-23877,true
23878,fixture-task-23878,false
23879,fixture-task-23879,false
23880,fixture-task-23880,true
23881,fixture-task-23881,false
23882,fixture-task-23882,false
23883,fixture-task-23883,true
23884,fixture-task-23884,false
23885,fixture-task-23885,false
23886,fixture-task-23886,true
23887,fixture-task-23887,false
23888,fixture-task-23888,false
23889,fixture-task-23889,true
23890,fixture-task-23890,false
23891,fixture-task-23891,false
23892,fixture-task-23892,true
23893,fixture-task-23893,false
23894,fixture-task-23894,false
23895,fixture-task-23895,true
23896,fixture-task-23896,false
23897,fixture-task-23897,false
23898,fixture-task-23898,true
23899,fixture-task-23899,false
23900,fixture-task-23900,false
23901,fixture-task-23901,true
23902,fixture-task-23902,false
23903,fixture-task-23903,false
23904,fixture-task-23904,true
23905,fixture-task-23905,false
23906,fixture-task-23906,false
23907,fixture-task-23907,true
23908,fixture-task-23908,false
23909,fixture-task-23909,false
23910,fixture-task-23910,true
23911,fixture-task-23911,false
23912,fixture-task-23912,false
23913,fixture-task-23913,true
23914,fixture-task-23914,false
23915,fixture-task-23915,false
23916,fixture-task-23916,true
23917,fixture-task-23917,false
23918,fixture-task-23918,false
23919,fixture-task-23919,true
23920,fixture-task-23920,false
23921,fixture-task-23921,false
23922,fixture-task-23922,true
23923,fixture-task-23923,false
23924,fixture-task-23924,false
23925,fixture-task-23925,true
23926,fixture-task-23926,false
23927,fixture-task-23927,false
23928,fixture-task-23928,true
23929,fixture-task-23929,false
23930,fixture-task-23930,false
23931,fixture-task-23931,true
23932,fixture-task-23932,false
23933,fixture-task-23933,false
23934,fixture-task-23934,true
23935,fixture-task-23935,false
23936,fixture-task-23936,false
23937,fixture-task-23937,true
23938,fixture-task-23938,false
23939,fixture-task-23939,false
23940,fixture-task-23940,true
23941,fixture-task-23941,false
23942,fixture-task-23942,false
23943,fixture-task-23943,true
23944,fixture-task-23944,false
23945,fixture-task-23945,false
23946,fixture-task-23946,true
23947,fixture-task-23947,false
23948,fixture-task-23948,false
23949,fixture-task-23949,true
23950,fixture-task-23950,false
23951,fixture-task-23951,false
23952,fixture-task-23952,true
23953,fixture-task-23953,false
23954,fixture-task-23954,false
23955,fixture-task-23955,true
23956,fixture-task-23956,false
23957,fixture-task-23957,false
23958,fixture-task-23958,true
23959,fixture-task-23959,false
23960,fixture-task-23960,false
23961,fixture-task-23961,true
23962,fixture-task-23962,false
23963,fixture-task-23963,false
23964,fixture-task-23964,true
23965,fixture-task-23965,false
23966,fixture-task-23966,false
23967,fixture-task-23967,true
23968,fixture-task-23968,false
23969,fixture-task-23969,false
23970,fixture-task-23970,true
23971,fixture-task-23971,false
23972,fixture-task-23972,false
23973,fixture-task-23973,true
23974,fixture-task-23974,false
23975,fixture-task-23975,false
23976,fixture-task-23976,true
23977,fixture-task-23977,false
23978,fixture-task-23978,false
23979,fixture-task-23979,true
23980,fixture-task-23980,false
23981,fixture-task-23981,false
23982,fixture-task-23982,true
23983,fixture-task-23983,false
23984,fixture-task-23984,false
23985,fixture-task-23985,true
23986,fixture-task-23986,false
23987,fixture-task-23987,false
23988,fixture-task-23988,true
23989,fixture-task-23989,false
23990,fixture-task-23990,false
23991,fixture-task-23991,true
23992,fixture-task-23992,false
23993,fixture-task-23993,false
23994,fixture-task-23994,true
23995,fixture-task-23995,false
23996,fixture-task-23996,false
23997,fixture-task-23997,true
23998,fixture-task-23998,false
23999,fixture-task-23999,false
24000,fixture-task-24000,true
24001,fixture-task-24001,false
24002,fixture-task-24002,false
24003,fixture-task-24003,true
24004,fixture-task-24004,false
24005,fixture-task-24005,false
24006,fixture-task-24006,true
24007,fixture-task-24007,false
24008,fixture-task-24008,false
24009,fixture-task-24009,true
24010,fixture-task-24010,false
24011,fixture-task-24011,false
24012,fixture-task-24012,true
24013,fixture-task-24013,false
24014,fixture-task-24014,false
24015,fixture-task-24015,true
24016,fixture-task-24016,false
24017,fixture-task-24017,false
24018,fixture-task-24018,true
24019,fixture-task-24019,false
24020,fixture-task-24020,false
24021,fixture-task-24021,true
24022,fixture-task-24022,false
24023,fixture-task-24023,false
24024,fixture-task-24024,true
24025,fixture-task-24025,false
24026,fixture-task-24026,false
24027,fixture-task-24027,true
24028,fixture-task-24028,false
24029,fixture-task-24029,false
24030,fixture-task-24030,true
24031,fixture-task-24031,false
24032,fixture-task-24032,false
24033,fixture-task-24033,true
24034,fixture-task-24034,false
24035,fixture-task-24035,false
24036,fixture-task-24036,true
24037,fixture-task-24037,false
24038,fixture-task-24038,false
24039,fixture-task-24039,true
24040,fixture-task-24040,false
24041,fixture-task-24041,false
24042,fixture-task-24042,true
24043,fixture-task-24043,false
24044,fixture-task-24044,false
24045,fixture-task-24045,true
24046,fixture-task-24046,false
24047,fixture-task-24047,false
24048,fixture-task-24048,true
24049,fixture-task-24049,false
24050,fixture-task-24050,false
24051,fixture-task-24051,true
24052,fixture-task-24052,false
24053,fixture-task-24053,false
24054,fixture-task-24054,true
24055,fixture-task-24055,false
24056,fixture-task-24056,false
24057,fixture-task-24057,true
24058,fixture-task-24058,false
24059,fixture-task-24059,false
24060,fixture-task-24060,true
24061,fixture-task-24061,false
24062,fixture-task-24062,false
24063,fixture-task-24063,true
24064,fixture-task-24064,false
24065,fixture-task-24065,false
24066,fixture-task-24066,true
24067,fixture-task-24067,false
24068,fixture-task-24068,false
24069,fixture-task-24069,true
24070,fixture-task-24070,false
24071,fixture-task-24071,false
24072,fixture-task-24072,true
24073,fixture-task-24073,false
24074,fixture-task-24074,false
24075,fixture-task-24075,true
24076,fixture-task-24076,false
24077,fixture-task-24077,false
24078,fixture-task-24078,true
24079,fixture-task-24079,false
24080,fixture-task-24080,false
24081,fixture-task-24081,true
24082,fixture-task-24082,false
24083,fixture-task-24083,false
24084,fixture-task-24084,true
24085,fixture-task-24085,false
24086,fixture-task-24086,false
24087,fixture-task-24087,true
24088,fixture-task-24088,false
24089,fixture-task-24089,false
24090,fixture-task-24090,true
24091,fixture-task-24091,false
24092,fixture-task-24092,false
24093,fixture-task-24093,true
24094,fixture-task-24094,false
24095,fixture-task-24095,false
24096,fixture-task-24096,true
24097,fixture-task-24097,false
24098,fixture-task-24098,false
24099,fixture-task-24099,true
24100,fixture-task-24100,false
24101,fixture-task-24101,false
24102,fixture-task-24102,true
24103,fixture-task-24103,false
24104,fixture-task-24104,false
24105,fixture-task-24105,true
24106,fixture-task-24106,false
24107,fixture-task-24107,false
24108,fixture-task-24108,true
24109,fixture-task-24109,false
24110,fixture-task-24110,false
24111,fixture-task-24111,true
24112,fixture-task-24112,false
24113,fixture-task-24113,false
24114,fixture-task-24114,true
24115,fixture-task-24115,false
24116,fixture-task-24116,false
24117,fixture-task-24117,true
24118,fixture-task-24118,false
24119,fixture-task-24119,false
24120,fixture-task-24120,true
24121,fixture-task-24121,false
24122,fixture-task-24122,false
24123,fixture-task-24123,true
24124,fixture-task-24124,false
24125,fixture-task-24125,false
24126,fixture-task-24126,true
24127,fixture-task-24127,false
24128,fixture-task-24128,false
24129,fixture-task-24129,true
24130,fixture-task-24130,false
24131,fixture-task-24131,false
24132,fixture-task-24132,true
24133,fixture-task-24133,false
24134,fixture-task-24134,false
24135,fixture-task-24135,true
24136,fixture-task-24136,false
24137,fixture-task-24137,false
24138,fixture-task-24138,true
24139,fixture-task-24139,false
24140,fixture-task-24140,false
24141,fixture-task-24141,true
24142,fixture-task-24142,false
24143,fixture-task-24143,false
24144,fixture-task-24144,true
24145,fixture-task-24145,false
24146,fixture-task-24146,false
24147,fixture-task-24147,true
24148,fixture-task-24148,false
24149,fixture-task-24149,false
24150,fixture-task-24150,true
24151,fixture-task-24151,false
24152,fixture-task-24152,false
24153,fixture-task-24153,true
24154,fixture-task-24154,false
24155,fixture-task-24155,false
24156,fixture-task-24156,true
24157,fixture-task-24157,false
24158,fixture-task-24158,false
24159,fixture-task-24159,true
24160,fixture-task-24160,false
24161,fixture-task-24161,false
24162,fixture-task-24162,true
24163,fixture-task-24163,false
24164,fixture-task-24164,false
24165,fixture-task-24165,true
24166,fixture-task-24166,false
24167,fixture-task-24167,false
24168,fixture-task-24168,true
24169,fixture-task-24169,false
24170,fixture-task-24170,false
24171,fixture-task-24171,true
24172,fixture-task-24172,false
24173,fixture-task-24173,false
24174,fixture-task-24174,true
24175,fixture-task-24175,false
24176,fixture-task-24176,false
24177,fixture-task-24177,true
24178,fixture-task-24178,false
24179,fixture-task-24179,false
24180,fixture-task-24180,true
24181,fixture-task-24181,false
24182,fixture-task-24182,false
24183,fixture-task-24183,true
24184,fixture-task-24184,false
24185,fixture-task-24185,false
24186,fixture-task-24186,true
24187,fixture-task-24187,false
24188,fixture-task-24188,false
24189,fixture-task-24189,true
24190,fixture-task-24190,false
24191,fixture-task-24191,false
24192,fixture-task-24192,true
24193,fixture-task-24193,false
24194,fixture-task-24194,false
24195,fixture-task-24195,true
24196,fixture-task-24196,false
24197,fixture-task-24197,false
24198,fixture-task-24198,true
24199,fixture-task-24199,false
24200,fixture-task-24200,false
24201,fixture-task-24201,true
24202,fixture-task-24202,false
24203,fixture-task-24203,false
24204,fixture-task-24204,true
24205,fixture-task-24205,false
24206,fixture-task-24206,false
24207,fixture-task-24207,true
24208,fixture-task-24208,false
24209,fixture-task-24209,false
24210,fixture-task-24210,true
24211,fixture-task-24211,false
24212,fixture-task-24212,false
24213,fixture-task-24213,true
24214,fixture-task-24214,false
24215,fixture-task-24215,false
24216,fixture-task-24216,true
24217,fixture-task-24217,false
24218,fixture-task-24218,false
24219,fixture-task-24219,true
24220,fixture-task-24220,false
24221,fixture-task-24221,false
24222,fixture-task-24222,true
24223,fixture-task-24223,false
24224,fixture-task-24224,false
24225,fixture-task-24225,true
24226,fixture-task-24226,false
24227,fixture-task-24227,false
24228,fixture-task-24228,true
24229,fixture-task-24229,false
24230,fixture-task-24230,false
24231,fixture-task-24231,true
24232,fixture-task-24232,false
24233,fixture-task-24233,false
24234,fixture-task-24234,true
24235,fixture-task-24235,false
24236,fixture-task-24236,false
24237,fixture-task-24237,true
24238,fixture-task-24238,false
24239,fixture-task-24239,false
24240,fixture-task-24240,true
24241,fixture-task-24241,false
24242,fixture-task-24242,false
24243,fixture-task-24243,true
24244,fixture-task-24244,false
24245,fixture-task-24245,false
24246,fixture-task-24246,true
24247,fixture-task-24247,false
24248,fixture-task-24248,false
24249,fixture-task-24249,true
24250,fixture-task-24250,false
24251,fixture-task-24251,false
24252,fixture-task-24252,true
24253,fixture-task-24253,false
24254,fixture-task-24254,false
24255,fixture-task-24255,true
24256,fixture-task-24256,false
24257,fixture-task-24257,false
24258,fixture-task-24258,true
24259,fixture-task-24259,false
24260,fixture-task-24260,false
24261,fixture-task-24261,true
24262,fixture-task-24262,false
24263,fixture-task-24263,false
24264,fixture-task-24264,true
24265,fixture-task-24265,false
24266,fixture-task-24266,false
24267,fixture-task-24267,true
24268,fixture-task-24268,false
24269,fixture-task-24269,false
24270,fixture-task-24270,true
24271,fixture-task-24271,false
24272,fixture-task-24272,false
24273,fixture-task-24273,true
24274,fixture-task-24274,false
24275,fixture-task-24275,false
24276,fixture-task-24276,true
24277,fixture-task-24277,false
24278,fixture-task-24278,false
24279,fixture-task-24279,true
24280,fixture-task-24280,false
24281,fixture-task-24281,false
24282,fixture-task-24282,true
24283,fixture-task-24283,false
24284,fixture-task-24284,false
24285,fixture-task-24285,true
24286,fixture-task-24286,false
24287,fixture-task-24287,false
24288,fixture-task-24288,true
24289,fixture-task-24289,false
24290,fixture-task-24290,false
24291,fixture-task-24291,true
24292,fixture-task-24292,false
24293,fixture-task-24293,false
24294,fixture-task-24294,true
24295,fixture-task-24295,false
24296,fixture-task-24296,false
24297,fixture-task-24297,true
24298,fixture-task-24298,false
24299,fixture-task-24299,false
24300,fixture-task-24300,true
24301,fixture-task-24301,false
24302,fixture-task-24302,false
24303,fixture-task-24303,true
24304,fixture-task-24304,false
24305,fixture-task-24305,false
24306,fixture-task-24306,true
24307,fixture-task-24307,false
24308,fixture-task-24308,false
24309,fixture-task-24309,true
24310,fixture-task-24310,false
24311,fixture-task-24311,false
24312,fixture-task-24312,true
24313,fixture-task-24313,false
24314,fixture-task-24314,false
24315,fixture-task-24315,true
24316,fixture-task-24316,false
24317,fixture-task-24317,false
24318,fixture-task-24318,true
24319,fixture-task-24319,false
24320,fixture-task-24320,false
24321,fixture-task-24321,true
24322,fixture-task-24322,false
24323,fixture-task-24323,false
24324,fixture-task-24324,true
24325,fixture-task-24325,false
24326,fixture-task-24326,false
24327,fixture-task-24327,true
24328,fixture-task-24328,false
24329,fixture-task-24329,false
24330,fixture-task-24330,true
24331,fixture-task-24331,false
24332,fixture-task-24332,false
24333,fixture-task-24333,true
24334,fixture-task-24334,false
24335,fixture-task-24335,false
24336,fixture-task-24336,true
24337,fixture-task-24337,false
24338,fixture-task-24338,false
24339,fixture-task-24339,true
24340,fixture-task-24340,false
24341,fixture-task-24341,false
24342,fixture-task-24342,true
24343,fixture-task-24343,false
24344,fixture-task-24344,false
24345,fixture-task-24345,true
24346,fixture-task-24346,false
24347,fixture-task-24347,false
24348,fixture-task-24348,true
24349,fixture-task-24349,false
24350,fixture-task-24350,false
24351,fixture-task-24351,true
24352,fixture-task-24352,false
24353,fixture-task-24353,false
24354,fixture-task-24354,true
24355,fixture-task-24355,false
24356,fixture-task-24356,false
24357,fixture-task-24357,true
24358,fixture-task-24358,false
24359,fixture-task-24359,false
24360,fixture-task-24360,true
24361,fixture-task-24361,false
24362,fixture-task-24362,false
24363,fixture-task-24363,true
24364,fixture-task-24364,false
24365,fixture-task-24365,false
24366,fixture-task-24366,true
24367,fixture-task-24367,false
24368,fixture-task-24368,false
24369,fixture-task-24369,true
24370,fixture-task-24370,false
24371,fixture-task-24371,false
24372,fixture-task-24372,true
24373,fixture-task-24373,false
24374,fixture-task-24374,false
24375,fixture-task-24375,true
24376,fixture-task-24376,false
24377,fixture-task-24377,false
24378,fixture-task-24378,true
24379,fixture-task-24379,false
24380,fixture-task-24380,false
24381,fixture-task-24381,true
24382,fixture-task-24382,false
24383,fixture-task-24383,false
24384,fixture-task-24384,true
24385,fixture-task-24385,false
24386,fixture-task-24386,false
24387,fixture-task-24387,true
24388,fixture-task-24388,false
24389,fixture-task-24389,false
24390,fixture-task-24390,true
24391,fixture-task-24391,false
24392,fixture-task-24392,false
24393,fixture-task-24393,true
24394,fixture-task-24394,false
24395,fixture-task-24395,false
24396,fixture-task-24396,true
24397,fixture-task-24397,false
24398,fixture-task-24398,false
24399,fixture-task-24399,true
24400,fixture-task-24400,false
24401,fixture-task-24401,false
24402,fixture-task-24402,true
24403,fixture-task-24403,false
24404,fixture-task-24404,false
24405,fixture-task-24405,true
24406,fixture-task-24406,false
24407,fixture-task-24407,false
24408,fixture-task-24408,true
24409,fixture-task-24409,false
24410,fixture-task-24410,false
24411,fixture-task-24411,true
24412,fixture-task-24412,false
24413,fixture-task-24413,false
24414,fixture-task-24414,true
24415,fixture-task-24415,false
24416,fixture-task-24416,false
24417,fixture-task-24417,true
24418,fixture-task-24418,false
24419,fixture-task-24419,false
24420,fixture-task-24420,true
24421,fixture-task-24421,false
24422,fixture-task-24422,false
24423,fixture-task-24423,true
24424,fixture-task-24424,false
24425,fixture-task-24425,false
24426,fixture-task-24426,true
24427,fixture-task-24427,false
24428,fixture-task-24428,false
24429,fixture-task-24429,true
24430,fixture-task-24430,false
24431,fixture-task-24431,false
24432,fixture-task-24432,true
24433,fixture-task-24433,false
24434,fixture-task-24434,false
24435,fixture-task-24435,true
24436,fixture-task-24436,false
24437,fixture-task-24437,false
24438,fixture-task-24438,true
24439,fixture-task-24439,false
24440,fixture-task-24440,false
24441,fixture-task-24441,true
24442,fixture-task-24442,false
24443,fixture-task-24443,false
24444,fixture-task-24444,true
24445,fixture-task-24445,false
24446,fixture-task-24446,false
24447,fixture-task-24447,true
24448,fixture-task-24448,false
24449,fixture-task-24449,false
24450,fixture-task-24450,true
24451,fixture-task-24451,false
24452,fixture-task-24452,false
24453,fixture-task-24453,true
24454,fixture-task-24454,false
24455,fixture-task-24455,false
24456,fixture-task-24456,true
24457,fixture-task-24457,false
24458,fixture-task-24458,false
24459,fixture-task-24459,true
24460,fixture-task-24460,false
24461,fixture-task-24461,false
24462,fixture-task-24462,true
24463,fixture-task-24463,false
24464,fixture-task-24464,false
24465,fixture-task-24465,true
24466,fixture-task-24466,false
24467,fixture-task-24467,false
24468,fixture-task-24468,true
24469,fixture-task-24469,false
24470,fixture-task-24470,false
24471,fixture-task-24471,true
24472,fixture-task-24472,false
24473,fixture-task-24473,false
24474,fixture-task-24474,true
24475,fixture-task-24475,false
24476,fixture-task-24476,false
24477,fixture-task-24477,true
24478,fixture-task-24478,false
24479,fixture-task-24479,false
24480,fixture-task-24480,true
24481,fixture-task-24481,false
24482,fixture-task-24482,false
24483,fixture-task-24483,true
24484,fixture-task-24484,false
24485,fixture-task-24485,false
24486,fixture-task-24486,true
24487,fixture-task-24487,false
24488,fixture-task-24488,false
24489,fixture-task-24489,true
24490,fixture-task-24490,false
24491,fixture-task-24491,false
24492,fixture-task-24492,true
24493,fixture-task-24493,false
24494,fixture-task-24494,false
24495,fixture-task-24495,true
24496,fixture-task-24496,false
24497,fixture-task-24497,false
24498,fixture-task-24498,true
24499,fixture-task-24499,false
24500,fixture-task-24500,false
24501,fixture-task-24501,true
24502,fixture-task-24502,false
24503,fixture-task-24503,false
24504,fixture-task-24504,true
24505,fixture-task-24505,false
24506,fixture-task-24506,false
24507,fixture-task-24507,true
24508,fixture-task-24508,false
24509,fixture-task-24509,false
24510,fixture-task-24510,true
24511,fixture-task-24511,false
24512,fixture-task-24512,false
24513,fixture-task-24513,true
24514,fixture-task-24514,false
24515,fixture-task-24515,false
24516,fixture-task-24516,true
24517,fixture-task-24517,false
24518,fixture-task-24518,false
24519,fixture-task-24519,true
24520,fixture-task-24520,false
24521,fixture-task-24521,false
24522,fixture-task-24522,true
24523,fixture-task-24523,false
24524,fixture-task-24524,false
24525,fixture-task-24525,true
24526,fixture-task-24526,false
24527,fixture-task-24527,false
24528,fixture-task-24528,true
24529,fixture-task-24529,false
24530,fixture-task-24530,false
24531,fixture-task-24531,true
24532,fixture-task-24532,false
24533,fixture-task-24533,false
24534,fixture-task-24534,true
24535,fixture-task-24535,false
24536,fixture-task-24536,false
24537,fixture-task-24537,true
24538,fixture-task-24538,false
24539,fixture-task-24539,false
24540,fixture-task-24540,true
24541,fixture-task-24541,false
24542,fixture-task-24542,false
24543,fixture-task-24543,true
24544,fixture-task-24544,false
24545,fixture-task-24545,false
24546,fixture-task-24546,true
24547,fixture-task-24547,false
24548,fixture-task-24548,false
24549,fixture-task-24549,true
24550,fixture-task-24550,false
24551,fixture-task-24551,false
24552,fixture-task-24552,true
24553,fixture-task-24553,false
24554,fixture-task-24554,false
24555,fixture-task-24555,true
24556,fixture-task-24556,false
24557,fixture-task-24557,false
24558,fixture-task-24558,true
24559,fixture-task-24559,false
24560,fixture-task-24560,false
24561,fixture-task-24561,true
24562,fixture-task-24562,false
24563,fixture-task-24563,false
24564,fixture-task-24564,true
24565,fixture-task-24565,false
24566,fixture-task-24566,false
24567,fixture-task-24567,true
24568,fixture-task-24568,false
24569,fixture-task-24569,false
24570,fixture-task-24570,true
24571,fixture-task-24571,false
24572,fixture-task-24572,false
24573,fixture-task-24573,true
24574,fixture-task-24574,false
24575,fixture-task-24575,false
24576,fixture-task-24576,true
24577,fixture-task-24577,false
24578,fixture-task-24578,false
24579,fixture-task-24579,true
24580,fixture-task-24580,false
24581,fixture-task-24581,false
24582,fixture-task-24582,true
24583,fixture-task-24583,false
24584,fixture-task-24584,false
24585,fixture-task-24585,true
24586,fixture-task-24586,false
24587,fixture-task-24587,false
24588,fixture-task-24588,true
24589,fixture-task-24589,false
24590,fixture-task-24590,false
24591,fixture-task-24591,true
24592,fixture-task-24592,false
24593,fixture-task-24593,false
24594,fixture-task-24594,true
24595,fixture-task-24595,false
24596,fixture-task-24596,false
24597,fixture-task-24597,true
24598,fixture-task-24598,false
24599,fixture-task-24599,false
24600,fixture-task-24600,true
24601,fixture-task-24601,false
24602,fixture-task-24602,false
24603,fixture-task-24603,true
24604,fixture-task-24604,false
24605,fixture-task-24605,false
24606,fixture-task-24606,true
24607,fixture-task-24607,false
24608,fixture-task-24608,false
24609,fixture-task-24609,true
24610,fixture-task-24610,false
24611,fixture-task-24611,false
24612,fixture-task-24612,true
24613,fixture-task-24613,false
24614,fixture-task-24614,false
24615,fixture-task-24615,true
24616,fixture-task-24616,false
24617,fixture-task-24617,false
24618,fixture-task-24618,true
24619,fixture-task-24619,false
24620,fixture-task-24620,false
24621,fixture-task-24621,true
24622,fixture-task-24622,false
24623,fixture-task-24623,false
24624,fixture-task-24624,true
24625,fixture-task-24625,false
24626,fixture-task-24626,false
24627,fixture-task-24627,true
24628,fixture-task-24628,false
24629,fixture-task-24629,false
24630,fixture-task-24630,true
24631,fixture-task-24631,false
24632,fixture-task-24632,false
24633,fixture-task-24633,true
24634,fixture-task-24634,false
24635,fixture-task-24635,false
24636,fixture-task-24636,true
24637,fixture-task-24637,false
24638,fixture-task-24638,false
24639,fixture-task-24639,true
24640,fixture-task-24640,false
24641,fixture-task-24641,false
24642,fixture-task-24642,true
24643,fixture-task-24643,false
24644,fixture-task-24644,false
24645,fixture-task-24645,true
24646,fixture-task-24646,false
24647,fixture-task-24647,false
24648,fixture-task-24648,true
24649,fixture-task-24649,false
24650,fixture-task-24650,false
24651,fixture-task-24651,true
24652,fixture-task-24652,false
24653,fixture-task-24653,false
24654,fixture-task-24654,true
24655,fixture-task-24655,false
24656,fixture-task-24656,false
24657,fixture-task-24657,true
24658,fixture-task-24658,false
24659,fixture-task-24659,false
24660,fixture-task-24660,true
24661,fixture-task-24661,false
24662,fixture-task-24662,false
24663,fixture-task-24663,true
24664,fixture-task-24664,false
24665,fixture-task-24665,false
24666,fixture-task-24666,true
24667,fixture-task-24667,false
24668,fixture-task-24668,false
24669,fixture-task-24669,true
24670,fixture-task-24670,false
24671,fixture-task-24671,false
24672,fixture-task-24672,true
24673,fixture-task-24673,false
24674,fixture-task-24674,false
24675,fixture-task-24675,true
24676,fixture-task-24676,false
24677,fixture-task-24677,false
24678,fixture-task-24678,true
24679,fixture-task-24679,false
24680,fixture-task-24680,false
24681,fixture-task-24681,true
24682,fixture-task-24682,false
24683,fixture-task-24683,false
24684,fixture-task-24684,true
24685,fixture-task-24685,false
24686,fixture-task-24686,false
24687,fixture-task-24687,true
24688,fixture-task-24688,false
24689,fixture-task-24689,false
24690,fixture-task-24690,true
24691,fixture-task-24691,false
24692,fixture-task-24692,false
24693,fixture-task-24693,true
24694,fixture-task-24694,false
24695,fixture-task-24695,false
24696,fixture-task-24696,true
24697,fixture-task-24697,false
24698,fixture-task-24698,false
24699,fixture-task-24699,true
24700,fixture-task-24700,false
24701,fixture-task-24701,false
24702,fixture-task-24702,true
24703,fixture-task-24703,false
24704,fixture-task-24704,false
24705,fixture-task-24705,true
24706,fixture-task-24706,false
24707,fixture-task-24707,false
24708,fixture-task-24708,true
24709,fixture-task-24709,false
24710,fixture-task-24710,false
24711,fixture-task-24711,true
24712,fixture-task-24712,false
24713,fixture-task-24713,false
24714,fixture-task-24714,true
24715,fixture-task-24715,false
24716,fixture-task-24716,false
24717,fixture-task-24717,true
24718,fixture-task-24718,false
24719,fixture-task-24719,false
24720,fixture-task-24720,true
24721,fixture-task-24721,false
24722,fixture-task-24722,false
24723,fixture-task-24723,true
24724,fixture-task-24724,false
24725,fixture-task-24725,false
24726,fixture-task-24726,true
24727,fixture-task-24727,false
24728,fixture-task-24728,false
24729,fixture-task-24729,true
24730,fixture-task-24730,false
24731,fixture-task-24731,false
24732,fixture-task-24732,true
24733,fixture-task-24733,false
24734,fixture-task-24734,false
24735,fixture-task-24735,true
24736,fixture-task-24736,false
24737,fixture-task-24737,false
24738,fixture-task-24738,true
24739,fixture-task-24739,false
24740,fixture-task-24740,false
24741,fixture-task-24741,true
24742,fixture-task-24742,false
24743,fixture-task-24743,false
24744,fixture-task-24744,true
24745,fixture-task-24745,false
24746,fixture-task-24746,false
24747,fixture-task-24747,true
24748,fixture-task-24748,false
24749,fixture-task-24749,false
24750,fixture-task-24750,true
24751,fixture-task-24751,false
24752,fixture-task-24752,false
24753,fixture-task-24753,true
24754,fixture-task-24754,false
24755,fixture-task-24755,false
24756,fixture-task-24756,true
24757,fixture-task-24757,false
24758,fixture-task-24758,false
24759,fixture-task-24759,true
24760,fixture-task-24760,false
24761,fixture-task-24761,false
24762,fixture-task-24762,true
24763,fixture-task-24763,false
24764,fixture-task-24764,false
24765,fixture-task-24765,true
24766,fixture-task-24766,false
24767,fixture-task-24767,false
24768,fixture-task-24768,true
24769,fixture-task-24769,false
24770,fixture-task-24770,false
24771,fixture-task-24771,true
24772,fixture-task-24772,false
24773,fixture-task-24773,false
24774,fixture-task-24774,true
24775,fixture-task-24775,false
24776,fixture-task-24776,false
24777,fixture-task-24777,true
24778,fixture-task-24778,false
24779,fixture-task-24779,false
24780,fixture-task-24780,true
24781,fixture-task-24781,false
24782,fixture-task-24782,false
24783,fixture-task-24783,true
24784,fixture-task-24784,false
24785,fixture-task-24785,false
24786,fixture-task-24786,true
24787,fixture-task-24787,false
24788,fixture-task-24788,false
24789,fixture-task-24789,true
24790,fixture-task-24790,false
24791,fixture-task-24791,false
24792,fixture-task-24792,true
24793,fixture-task-24793,false
24794,fixture-task-24794,false
24795,fixture-task-24795,true
24796,fixture-task-24796,false
24797,fixture-task-24797,false
24798,fixture-task-24798,true
24799,fixture-task-24799,false
24800,fixture-task-24800,false
24801,fixture-task-24801,true
24802,fixture-task-24802,false
24803,fixture-task-24803,false
24804,fixture-task-24804,true
24805,fixture-task-24805,false
24806,fixture-task-24806,false
24807,fixture-task-24807,true
24808,fixture-task-24808,false
24809,fixture-task-24809,false
24810,fixture-task-24810,true
24811,fixture-task-24811,false
24812,fixture-task-24812,false
24813,fixture-task-24813,true
24814,fixture-task-24814,false
24815,fixture-task-24815,false
24816,fixture-task-24816,true
24817,fixture-task-24817,false
24818,fixture-task-24818,false
24819,fixture-task-24819,true
24820,fixture-task-24820,false
24821,fixture-task-24821,false
24822,fixture-task-24822,true
24823,fixture-task-24823,false
24824,fixture-task-24824,false
24825,fixture-task-24825,true
24826,fixture-task-24826,false
24827,fixture-task-24827,false
24828,fixture-task-24828,true
24829,fixture-task-24829,false
24830,fixture-task-24830,false
24831,fixture-task-24831,true
24832,fixture-task-24832,false
24833,fixture-task-24833,false
24834,fixture-task-24834,true
24835,fixture-task-24835,false
24836,fixture-task-24836,false
24837,fixture-task-24837,true
24838,fixture-task-24838,false
24839,fixture-task-24839,false
24840,fixture-task-24840,true
24841,fixture-task-24841,false
24842,fixture-task-24842,false
24843,fixture-task-24843,true
24844,fixture-task-24844,false
24845,fixture-task-24845,false
24846,fixture-task-24846,true
24847,fixture-task-24847,false
24848,fixture-task-24848,false
24849,fixture-task-24849,true
24850,fixture-task-24850,false
24851,fixture-task-24851,false
24852,fixture-task-24852,true
24853,fixture-task-24853,false
24854,fixture-task-24854,false
24855,fixture-task-24855,true
24856,fixture-task-24856,false
24857,fixture-task-24857,false
24858,fixture-task-24858,true
24859,fixture-task-24859,false
24860,fixture-task-24860,false
24861,fixture-task-24861,true
24862,fixture-task-24862,false
24863,fixture-task-24863,false
24864,fixture-task-24864,true
24865,fixture-task-24865,false
24866,fixture-task-24866,false
24867,fixture-task-24867,true
24868,fixture-task-24868,false
24869,fixture-task-24869,false
24870,fixture-task-24870,true
24871,fixture-task-24871,false
24872,fixture-task-24872,false
24873,fixture-task-24873,true
24874,fixture-task-24874,false
24875,fixture-task-24875,false
24876,fixture-task-24876,true
24877,fixture-task-24877,false
24878,fixture-task-24878,false
24879,fixture-task-24879,true
24880,fixture-task-24880,false
24881,fixture-task-24881,false
24882,fixture-task-24882,true
24883,fixture-task-24883,false
24884,fixture-task-24884,false
24885,fixture-task-24885,true
24886,fixture-task-24886,false
24887,fixture-task-24887,false
24888,fixture-task-24888,true
24889,fixture-task-24889,false
24890,fixture-task-24890,false
24891,fixture-task-24891,true
24892,fixture-task-24892,false
24893,fixture-task-24893,false
24894,fixture-task-24894,true
24895,fixture-task-24895,false
24896,fixture-task-24896,false
24897,fixture-task-24897,true
24898,fixture-task-24898,false
24899,fixture-task-24899,false
24900,fixture-task-24900,true
24901,fixture-task-24901,false
24902,fixture-task-24902,false
24903,fixture-task-24903,true
24904,fixture-task-24904,false
24905,fixture-task-24905,false
24906,fixture-task-24906,true
24907,fixture-task-24907,false
24908,fixture-task-24908,false
24909,fixture-task-24909,true
24910,fixture-task-24910,false
24911,fixture-task-24911,false
24912,fixture-task-24912,true
24913,fixture-task-24913,false
24914,fixture-task-24914,false
24915,fixture-task-24915,true
24916,fixture-task-24916,false
24917,fixture-task-24917,false
24918,fixture-task-24918,true
24919,fixture-task-24919,false
24920,fixture-task-24920,false
24921,fixture-task-24921,true
24922,fixture-task-24922,false
24923,fixture-task-24923,false
24924,fixture-task-24924,true
24925,fixture-task-24925,false
24926,fixture-task-24926,false
24927,fixture-task-24927,true
24928,fixture-task-24928,false
24929,fixture-task-24929,false
24930,fixture-task-24930,true
24931,fixture-task-24931,false
24932,fixture-task-24932,false
24933,fixture-task-24933,true
24934,fixture-task-24934,false
24935,fixture-task-24935,false
24936,fixture-task-24936,true
24937,fixture-task-24937,false
24938,fixture-task-24938,false
24939,fixture-task-24939,true
24940,fixture-task-24940,false
24941,fixture-task-24941,false
24942,fixture-task-24942,true
24943,fixture-task-24943,false
24944,fixture-task-24944,false
24945,fixture-task-24945,true
24946,fixture-task-24946,false
24947,fixture-task-24947,false
24948,fixture-task-24948,true
24949,fixture-task-24949,false
24950,fixture-task-24950,false
24951,fixture-task-24951,true
24952,fixture-task-24952,false
24953,fixture-task-24953,false
24954,fixture-task-24954,true
24955,fixture-task-24955,false
24956,fixture-task-24956,false
24957,fixture-task-24957,true
24958,fixture-task-24958,false
24959,fixture-task-24959,false
24960,fixture-task-24960,true
24961,fixture-task-24961,false
24962,fixture-task-24962,false
24963,fixture-task-24963,true
24964,fixture-task-24964,false
24965,fixture-task-24965,false
24966,fixture-task-24966,true
24967,fixture-task-24967,false
24968,fixture-task-24968,false
24969,fixture-task-24969,true
24970,fixture-task-24970,false
24971,fixture-task-24971,false
24972,fixture-task-24972,true
24973,fixture-task-24973,false
24974,fixture-task-24974,false
24975,fixture-task-24975,true
24976,fixture-task-24976,false
24977,fixture-task-24977,false
24978,fixture-task-24978,true
24979,fixture-task-24979,false
24980,fixture-task-24980,false
24981,fixture-task-24981,true
24982,fixture-task-24982,false
24983,fixture-task-24983,false
24984,fixture-task-24984,true
24985,fixture-task-24985,false
24986,fixture-task-24986,false
24987,fixture-task-24987,true
24988,fixture-task-24988,false
24989,fixture-task-24989,false
24990,fixture-task-24990,true
24991,fixture-task-24991,false
24992,fixture-task-24992,false
24993,fixture-task-24993,true
24994,fixture-task-24994,false
24995,fixture-task-24995,false
24996,fixture-task-24996,true
24997,fixture-task-24997,false
24998,fixture-task-24998,false
24999,fixture-task-24999,true
